id,hub_station_id,borne_id,heure_debut,heure_fin,kwh_consommes,origine,statut
session_1,hub_casablanca,hub_casablanca_borne_5,2025-01-01 17:07:00,2025-01-01 17:58:00,18.0,walk_in,terminee
session_2,hub_casablanca,hub_casablanca_borne_4,2025-01-01 21:26:00,2025-01-01 22:01:00,24.4,reservee,terminee
session_3,hub_casablanca,hub_casablanca_borne_3,2025-01-01 20:37:00,2025-01-01 21:50:00,17.4,walk_in,terminee
session_4,hub_casablanca,hub_casablanca_borne_6,2025-01-01 16:11:00,2025-01-01 17:03:00,6.5,reservee,terminee
session_5,hub_casablanca,hub_casablanca_borne_1,2025-01-01 19:43:00,2025-01-01 21:10:00,16.4,reservee,terminee
session_6,hub_casablanca,hub_casablanca_borne_3,2025-01-01 21:07:00,2025-01-01 22:00:00,12.9,walk_in,terminee
session_7,hub_casablanca,hub_casablanca_borne_5,2025-01-02 20:08:00,2025-01-02 20:41:00,5.3,walk_in,terminee
session_8,hub_casablanca,hub_casablanca_borne_4,2025-01-02 13:46:00,2025-01-02 14:38:00,24.9,reservee,terminee
session_9,hub_casablanca,hub_casablanca_borne_4,2025-01-02 22:39:00,2025-01-02 23:31:00,24.8,walk_in,terminee
session_10,hub_casablanca,hub_casablanca_borne_4,2025-01-02 19:32:00,2025-01-02 20:13:00,6.1,reservee,terminee
session_11,hub_casablanca,hub_casablanca_borne_6,2025-01-02 20:24:00,2025-01-02 21:43:00,13.2,reservee,terminee
session_12,hub_casablanca,hub_casablanca_borne_2,2025-01-02 18:39:00,2025-01-02 19:37:00,32.4,walk_in,terminee
session_13,hub_casablanca,hub_casablanca_borne_5,2025-01-02 17:48:00,2025-01-02 18:19:00,5.8,reservee,terminee
session_14,hub_casablanca,hub_casablanca_borne_5,2025-01-03 19:26:00,2025-01-03 20:12:00,15.6,walk_in,terminee
session_15,hub_casablanca,hub_casablanca_borne_3,2025-01-03 12:05:00,2025-01-03 12:33:00,38.7,walk_in,terminee
session_16,hub_casablanca,hub_casablanca_borne_5,2025-01-03 16:57:00,2025-01-03 18:11:00,30.1,reservee,terminee
session_17,hub_casablanca,hub_casablanca_borne_3,2025-01-04 15:34:00,2025-01-04 16:06:00,35.0,walk_in,terminee
session_18,hub_casablanca,hub_casablanca_borne_5,2025-01-04 14:37:00,2025-01-04 15:37:00,27.7,reservee,terminee
session_19,hub_casablanca,hub_casablanca_borne_5,2025-01-04 14:02:00,2025-01-04 14:56:00,16.5,reservee,terminee
session_20,hub_casablanca,hub_casablanca_borne_1,2025-01-04 10:10:00,2025-01-04 11:34:00,25.3,reservee,terminee
session_21,hub_casablanca,hub_casablanca_borne_5,2025-01-05 19:28:00,2025-01-05 20:53:00,25.0,reservee,terminee
session_22,hub_casablanca,hub_casablanca_borne_2,2025-01-05 11:30:00,2025-01-05 12:20:00,5.8,walk_in,terminee
session_23,hub_casablanca,hub_casablanca_borne_1,2025-01-05 14:08:00,2025-01-05 15:06:00,8.8,walk_in,terminee
session_24,hub_casablanca,hub_casablanca_borne_2,2025-01-05 14:42:00,2025-01-05 15:55:00,8.8,walk_in,terminee
session_25,hub_casablanca,hub_casablanca_borne_3,2025-01-05 10:02:00,2025-01-05 11:00:00,18.0,walk_in,terminee
session_26,hub_casablanca,hub_casablanca_borne_5,2025-01-06 16:09:00,2025-01-06 16:32:00,20.2,walk_in,terminee
session_27,hub_casablanca,hub_casablanca_borne_3,2025-01-06 18:44:00,2025-01-06 20:06:00,36.3,reservee,terminee
session_28,hub_casablanca,hub_casablanca_borne_2,2025-01-06 18:39:00,2025-01-06 19:25:00,8.3,walk_in,terminee
session_29,hub_casablanca,hub_casablanca_borne_6,2025-01-06 18:55:00,2025-01-06 19:31:00,9.3,walk_in,terminee
session_30,hub_casablanca,hub_casablanca_borne_1,2025-01-07 19:57:00,2025-01-07 20:52:00,10.0,reservee,terminee
session_31,hub_casablanca,hub_casablanca_borne_6,2025-01-07 22:07:00,2025-01-07 23:14:00,9.3,reservee,terminee
session_32,hub_casablanca,hub_casablanca_borne_5,2025-01-07 14:11:00,2025-01-07 15:27:00,30.0,walk_in,terminee
session_33,hub_casablanca,hub_casablanca_borne_1,2025-01-07 18:07:00,2025-01-07 19:31:00,18.9,reservee,terminee
session_34,hub_casablanca,hub_casablanca_borne_3,2025-01-08 18:37:00,2025-01-08 19:04:00,9.9,reservee,terminee
session_35,hub_casablanca,hub_casablanca_borne_4,2025-01-08 22:35:00,2025-01-09 00:00:00,33.2,reservee,terminee
session_36,hub_casablanca,hub_casablanca_borne_5,2025-01-08 18:06:00,2025-01-08 19:24:00,32.9,reservee,terminee
session_37,hub_casablanca,hub_casablanca_borne_1,2025-01-08 17:35:00,2025-01-08 18:55:00,26.1,reservee,terminee
session_38,hub_casablanca,hub_casablanca_borne_3,2025-01-09 14:48:00,2025-01-09 15:15:00,7.3,reservee,terminee
session_39,hub_casablanca,hub_casablanca_borne_4,2025-01-09 19:48:00,2025-01-09 20:29:00,10.0,walk_in,terminee
session_40,hub_casablanca,hub_casablanca_borne_1,2025-01-09 16:09:00,2025-01-09 16:37:00,5.7,reservee,terminee
session_41,hub_casablanca,hub_casablanca_borne_5,2025-01-09 18:03:00,2025-01-09 19:04:00,28.8,reservee,terminee
session_42,hub_casablanca,hub_casablanca_borne_2,2025-01-09 18:51:00,2025-01-09 20:10:00,6.5,reservee,terminee
session_43,hub_casablanca,hub_casablanca_borne_1,2025-01-10 15:22:00,2025-01-10 16:18:00,8.6,walk_in,terminee
session_44,hub_casablanca,hub_casablanca_borne_1,2025-01-10 19:05:00,2025-01-10 20:24:00,36.6,walk_in,terminee
session_45,hub_casablanca,hub_casablanca_borne_5,2025-01-10 16:45:00,2025-01-10 17:49:00,32.3,reservee,terminee
session_46,hub_casablanca,hub_casablanca_borne_4,2025-01-11 08:24:00,2025-01-11 09:00:00,17.9,reservee,terminee
session_47,hub_casablanca,hub_casablanca_borne_5,2025-01-11 13:22:00,2025-01-11 14:30:00,15.4,walk_in,terminee
session_48,hub_casablanca,hub_casablanca_borne_6,2025-01-11 19:19:00,2025-01-11 20:16:00,34.7,walk_in,terminee
session_49,hub_casablanca,hub_casablanca_borne_1,2025-01-11 16:31:00,2025-01-11 17:35:00,15.1,walk_in,terminee
session_50,hub_casablanca,hub_casablanca_borne_2,2025-01-11 16:50:00,2025-01-11 17:19:00,26.5,reservee,terminee
session_51,hub_casablanca,hub_casablanca_borne_2,2025-01-11 19:04:00,2025-01-11 20:29:00,9.8,walk_in,terminee
session_52,hub_casablanca,hub_casablanca_borne_5,2025-01-12 17:33:00,2025-01-12 18:25:00,23.3,walk_in,terminee
session_53,hub_casablanca,hub_casablanca_borne_5,2025-01-12 15:29:00,2025-01-12 16:30:00,37.6,reservee,terminee
session_54,hub_casablanca,hub_casablanca_borne_1,2025-01-12 18:38:00,2025-01-12 19:27:00,32.1,walk_in,terminee
session_55,hub_casablanca,hub_casablanca_borne_4,2025-01-12 17:53:00,2025-01-12 19:06:00,14.5,reservee,terminee
session_56,hub_casablanca,hub_casablanca_borne_2,2025-01-12 13:08:00,2025-01-12 14:33:00,20.3,reservee,terminee
session_57,hub_casablanca,hub_casablanca_borne_1,2025-01-12 18:32:00,2025-01-12 19:57:00,32.3,reservee,terminee
session_58,hub_casablanca,hub_casablanca_borne_3,2025-01-12 17:42:00,2025-01-12 19:08:00,9.1,walk_in,terminee
session_59,hub_casablanca,hub_casablanca_borne_1,2025-01-12 13:07:00,2025-01-12 14:08:00,29.0,reservee,terminee
session_60,hub_casablanca,hub_casablanca_borne_3,2025-01-13 19:46:00,2025-01-13 20:13:00,39.9,walk_in,terminee
session_61,hub_casablanca,hub_casablanca_borne_1,2025-01-13 16:49:00,2025-01-13 17:16:00,40.0,walk_in,terminee
session_62,hub_casablanca,hub_casablanca_borne_4,2025-01-13 20:52:00,2025-01-13 21:14:00,13.4,reservee,terminee
session_63,hub_casablanca,hub_casablanca_borne_1,2025-01-13 18:11:00,2025-01-13 19:34:00,28.0,reservee,terminee
session_64,hub_casablanca,hub_casablanca_borne_1,2025-01-14 10:03:00,2025-01-14 11:19:00,37.5,walk_in,terminee
session_65,hub_casablanca,hub_casablanca_borne_5,2025-01-14 21:49:00,2025-01-14 22:11:00,12.1,reservee,terminee
session_66,hub_casablanca,hub_casablanca_borne_4,2025-01-14 22:37:00,2025-01-14 23:56:00,10.4,walk_in,terminee
session_67,hub_casablanca,hub_casablanca_borne_3,2025-01-15 14:02:00,2025-01-15 15:23:00,29.8,reservee,terminee
session_68,hub_casablanca,hub_casablanca_borne_1,2025-01-15 16:57:00,2025-01-15 17:49:00,32.4,walk_in,terminee
session_69,hub_casablanca,hub_casablanca_borne_4,2025-01-15 18:08:00,2025-01-15 19:34:00,15.5,reservee,terminee
session_70,hub_casablanca,hub_casablanca_borne_5,2025-01-15 17:55:00,2025-01-15 18:25:00,22.8,reservee,terminee
session_71,hub_casablanca,hub_casablanca_borne_4,2025-01-15 22:07:00,2025-01-15 22:36:00,14.7,reservee,terminee
session_72,hub_casablanca,hub_casablanca_borne_3,2025-01-16 11:18:00,2025-01-16 11:40:00,19.6,reservee,terminee
session_73,hub_casablanca,hub_casablanca_borne_4,2025-01-16 21:33:00,2025-01-16 22:32:00,29.6,walk_in,terminee
session_74,hub_casablanca,hub_casablanca_borne_4,2025-01-16 19:46:00,2025-01-16 20:44:00,20.1,walk_in,terminee
session_75,hub_casablanca,hub_casablanca_borne_6,2025-01-16 22:30:00,2025-01-16 23:41:00,36.0,walk_in,terminee
session_76,hub_casablanca,hub_casablanca_borne_4,2025-01-17 19:49:00,2025-01-17 20:12:00,14.8,reservee,terminee
session_77,hub_casablanca,hub_casablanca_borne_5,2025-01-17 17:18:00,2025-01-17 18:29:00,5.5,walk_in,terminee
session_78,hub_casablanca,hub_casablanca_borne_6,2025-01-17 22:09:00,2025-01-17 23:11:00,9.2,reservee,terminee
session_79,hub_casablanca,hub_casablanca_borne_1,2025-01-17 16:58:00,2025-01-17 18:12:00,15.9,walk_in,terminee
session_80,hub_casablanca,hub_casablanca_borne_5,2025-01-17 17:37:00,2025-01-17 17:57:00,12.3,reservee,terminee
session_81,hub_casablanca,hub_casablanca_borne_3,2025-01-18 18:23:00,2025-01-18 18:48:00,31.4,reservee,terminee
session_82,hub_casablanca,hub_casablanca_borne_3,2025-01-18 12:10:00,2025-01-18 13:33:00,6.6,reservee,terminee
session_83,hub_casablanca,hub_casablanca_borne_2,2025-01-18 15:28:00,2025-01-18 16:29:00,22.3,reservee,terminee
session_84,hub_casablanca,hub_casablanca_borne_2,2025-01-18 11:37:00,2025-01-18 12:42:00,28.5,walk_in,terminee
session_85,hub_casablanca,hub_casablanca_borne_2,2025-01-18 14:21:00,2025-01-18 15:18:00,16.8,walk_in,terminee
session_86,hub_casablanca,hub_casablanca_borne_3,2025-01-18 14:50:00,2025-01-18 15:45:00,36.8,reservee,terminee
session_87,hub_casablanca,hub_casablanca_borne_1,2025-01-18 10:20:00,2025-01-18 11:14:00,23.6,reservee,terminee
session_88,hub_casablanca,hub_casablanca_borne_3,2025-01-19 12:26:00,2025-01-19 13:07:00,25.9,reservee,terminee
session_89,hub_casablanca,hub_casablanca_borne_6,2025-01-19 14:41:00,2025-01-19 15:45:00,39.4,walk_in,terminee
session_90,hub_casablanca,hub_casablanca_borne_3,2025-01-19 13:53:00,2025-01-19 15:03:00,38.7,walk_in,terminee
session_91,hub_casablanca,hub_casablanca_borne_6,2025-01-19 10:06:00,2025-01-19 11:17:00,20.4,reservee,terminee
session_92,hub_casablanca,hub_casablanca_borne_4,2025-01-19 18:58:00,2025-01-19 19:38:00,30.7,walk_in,terminee
session_93,hub_casablanca,hub_casablanca_borne_2,2025-01-20 16:28:00,2025-01-20 17:56:00,21.3,walk_in,terminee
session_94,hub_casablanca,hub_casablanca_borne_3,2025-01-20 16:05:00,2025-01-20 17:03:00,33.1,walk_in,terminee
session_95,hub_casablanca,hub_casablanca_borne_1,2025-01-21 19:06:00,2025-01-21 20:13:00,30.0,walk_in,terminee
session_96,hub_casablanca,hub_casablanca_borne_6,2025-01-21 14:47:00,2025-01-21 15:10:00,13.2,walk_in,terminee
session_97,hub_casablanca,hub_casablanca_borne_4,2025-01-22 18:39:00,2025-01-22 19:01:00,19.0,walk_in,terminee
session_98,hub_casablanca,hub_casablanca_borne_5,2025-01-23 12:23:00,2025-01-23 13:02:00,36.0,reservee,terminee
session_99,hub_casablanca,hub_casablanca_borne_4,2025-01-23 19:20:00,2025-01-23 20:30:00,33.3,walk_in,terminee
session_100,hub_casablanca,hub_casablanca_borne_2,2025-01-23 16:08:00,2025-01-23 17:08:00,39.9,walk_in,terminee
session_101,hub_casablanca,hub_casablanca_borne_1,2025-01-23 12:23:00,2025-01-23 13:47:00,22.4,reservee,terminee
session_102,hub_casablanca,hub_casablanca_borne_3,2025-01-24 18:26:00,2025-01-24 19:30:00,17.0,reservee,terminee
session_103,hub_casablanca,hub_casablanca_borne_3,2025-01-25 14:17:00,2025-01-25 14:53:00,16.3,reservee,terminee
session_104,hub_casablanca,hub_casablanca_borne_6,2025-01-25 15:33:00,2025-01-25 16:48:00,32.4,reservee,terminee
session_105,hub_casablanca,hub_casablanca_borne_2,2025-01-25 15:58:00,2025-01-25 17:05:00,33.5,walk_in,terminee
session_106,hub_casablanca,hub_casablanca_borne_5,2025-01-25 12:33:00,2025-01-25 13:00:00,27.9,walk_in,terminee
session_107,hub_casablanca,hub_casablanca_borne_2,2025-01-25 14:25:00,2025-01-25 14:47:00,38.6,reservee,terminee
session_108,hub_casablanca,hub_casablanca_borne_1,2025-01-25 07:03:00,2025-01-25 07:54:00,23.1,reservee,terminee
session_109,hub_casablanca,hub_casablanca_borne_3,2025-01-25 13:06:00,2025-01-25 13:52:00,7.1,walk_in,terminee
session_110,hub_casablanca,hub_casablanca_borne_2,2025-01-25 15:23:00,2025-01-25 16:12:00,5.1,reservee,terminee
session_111,hub_casablanca,hub_casablanca_borne_3,2025-01-25 10:00:00,2025-01-25 10:55:00,22.1,reservee,terminee
session_112,hub_casablanca,hub_casablanca_borne_3,2025-01-25 12:49:00,2025-01-25 13:27:00,16.3,reservee,terminee
session_113,hub_casablanca,hub_casablanca_borne_1,2025-01-26 10:41:00,2025-01-26 11:11:00,6.7,reservee,terminee
session_114,hub_casablanca,hub_casablanca_borne_6,2025-01-26 14:11:00,2025-01-26 14:33:00,8.9,walk_in,terminee
session_115,hub_casablanca,hub_casablanca_borne_2,2025-01-26 17:33:00,2025-01-26 18:34:00,34.7,reservee,terminee
session_116,hub_casablanca,hub_casablanca_borne_6,2025-01-26 19:09:00,2025-01-26 20:23:00,34.9,reservee,terminee
session_117,hub_casablanca,hub_casablanca_borne_5,2025-01-26 13:26:00,2025-01-26 14:28:00,39.5,reservee,terminee
session_118,hub_casablanca,hub_casablanca_borne_5,2025-01-27 20:04:00,2025-01-27 20:26:00,17.1,reservee,terminee
session_119,hub_casablanca,hub_casablanca_borne_1,2025-01-27 16:42:00,2025-01-27 17:51:00,30.9,reservee,terminee
session_120,hub_casablanca,hub_casablanca_borne_6,2025-01-27 22:07:00,2025-01-27 22:37:00,29.3,reservee,terminee
session_121,hub_casablanca,hub_casablanca_borne_4,2025-01-27 18:58:00,2025-01-27 19:18:00,5.6,walk_in,terminee
session_122,hub_casablanca,hub_casablanca_borne_4,2025-01-28 15:35:00,2025-01-28 16:15:00,28.2,walk_in,terminee
session_123,hub_casablanca,hub_casablanca_borne_4,2025-01-28 17:35:00,2025-01-28 18:11:00,35.6,reservee,terminee
session_124,hub_casablanca,hub_casablanca_borne_4,2025-01-28 14:23:00,2025-01-28 15:30:00,30.4,reservee,terminee
session_125,hub_casablanca,hub_casablanca_borne_1,2025-01-28 17:58:00,2025-01-28 18:47:00,23.0,reservee,terminee
session_126,hub_casablanca,hub_casablanca_borne_5,2025-01-28 18:24:00,2025-01-28 18:50:00,36.1,reservee,terminee
session_127,hub_casablanca,hub_casablanca_borne_6,2025-01-29 22:50:00,2025-01-30 00:13:00,12.4,reservee,terminee
session_128,hub_casablanca,hub_casablanca_borne_5,2025-01-29 18:22:00,2025-01-29 19:18:00,31.0,walk_in,terminee
session_129,hub_casablanca,hub_casablanca_borne_6,2025-01-29 19:33:00,2025-01-29 20:00:00,36.6,walk_in,terminee
session_130,hub_casablanca,hub_casablanca_borne_5,2025-01-30 16:57:00,2025-01-30 17:43:00,30.2,walk_in,terminee
session_131,hub_casablanca,hub_casablanca_borne_1,2025-01-30 18:18:00,2025-01-30 19:20:00,25.3,reservee,terminee
session_132,hub_casablanca,hub_casablanca_borne_4,2025-01-31 18:09:00,2025-01-31 19:16:00,16.9,walk_in,terminee
session_133,hub_casablanca,hub_casablanca_borne_3,2025-01-31 15:05:00,2025-01-31 16:17:00,35.8,reservee,terminee
session_134,hub_casablanca,hub_casablanca_borne_2,2025-01-31 13:30:00,2025-01-31 14:22:00,14.1,reservee,terminee
session_135,hub_casablanca,hub_casablanca_borne_2,2025-01-31 14:56:00,2025-01-31 16:01:00,22.3,reservee,terminee
session_136,hub_casablanca,hub_casablanca_borne_2,2025-02-01 17:32:00,2025-02-01 17:58:00,34.6,walk_in,terminee
session_137,hub_casablanca,hub_casablanca_borne_3,2025-02-01 12:09:00,2025-02-01 12:46:00,10.6,walk_in,terminee
session_138,hub_casablanca,hub_casablanca_borne_4,2025-02-01 11:17:00,2025-02-01 12:02:00,19.2,walk_in,terminee
session_139,hub_casablanca,hub_casablanca_borne_5,2025-02-01 13:12:00,2025-02-01 14:37:00,9.2,walk_in,terminee
session_140,hub_casablanca,hub_casablanca_borne_1,2025-02-01 14:49:00,2025-02-01 15:21:00,19.5,reservee,terminee
session_141,hub_casablanca,hub_casablanca_borne_4,2025-02-01 12:41:00,2025-02-01 14:00:00,35.6,reservee,terminee
session_142,hub_casablanca,hub_casablanca_borne_4,2025-02-01 18:14:00,2025-02-01 18:45:00,37.9,walk_in,terminee
session_143,hub_casablanca,hub_casablanca_borne_5,2025-02-01 12:30:00,2025-02-01 13:24:00,23.5,reservee,terminee
session_144,hub_casablanca,hub_casablanca_borne_3,2025-02-02 15:12:00,2025-02-02 15:49:00,6.1,reservee,terminee
session_145,hub_casablanca,hub_casablanca_borne_4,2025-02-02 14:18:00,2025-02-02 15:20:00,21.3,reservee,terminee
session_146,hub_casablanca,hub_casablanca_borne_4,2025-02-02 15:58:00,2025-02-02 17:15:00,31.0,reservee,terminee
session_147,hub_casablanca,hub_casablanca_borne_1,2025-02-02 15:54:00,2025-02-02 16:37:00,6.8,reservee,terminee
session_148,hub_casablanca,hub_casablanca_borne_5,2025-02-02 20:44:00,2025-02-02 21:59:00,12.4,walk_in,terminee
session_149,hub_casablanca,hub_casablanca_borne_3,2025-02-03 13:16:00,2025-02-03 13:40:00,21.0,reservee,terminee
session_150,hub_casablanca,hub_casablanca_borne_1,2025-02-03 17:23:00,2025-02-03 18:47:00,16.2,walk_in,terminee
session_151,hub_casablanca,hub_casablanca_borne_5,2025-02-04 20:49:00,2025-02-04 21:11:00,20.7,walk_in,terminee
session_152,hub_casablanca,hub_casablanca_borne_5,2025-02-04 19:31:00,2025-02-04 20:37:00,15.6,walk_in,terminee
session_153,hub_casablanca,hub_casablanca_borne_4,2025-02-04 22:43:00,2025-02-04 23:31:00,24.7,walk_in,terminee
session_154,hub_casablanca,hub_casablanca_borne_4,2025-02-04 18:24:00,2025-02-04 19:29:00,17.0,reservee,terminee
session_155,hub_casablanca,hub_casablanca_borne_5,2025-02-04 19:07:00,2025-02-04 19:33:00,28.4,walk_in,terminee
session_156,hub_casablanca,hub_casablanca_borne_4,2025-02-04 19:19:00,2025-02-04 19:52:00,32.2,walk_in,terminee
session_157,hub_casablanca,hub_casablanca_borne_6,2025-02-05 16:16:00,2025-02-05 17:23:00,36.9,reservee,terminee
session_158,hub_casablanca,hub_casablanca_borne_4,2025-02-05 11:56:00,2025-02-05 12:58:00,13.9,walk_in,terminee
session_159,hub_casablanca,hub_casablanca_borne_4,2025-02-05 21:57:00,2025-02-05 22:44:00,29.0,reservee,terminee
session_160,hub_casablanca,hub_casablanca_borne_3,2025-02-06 18:19:00,2025-02-06 18:56:00,36.9,walk_in,terminee
session_161,hub_casablanca,hub_casablanca_borne_1,2025-02-06 15:57:00,2025-02-06 17:09:00,31.8,walk_in,terminee
session_162,hub_casablanca,hub_casablanca_borne_3,2025-02-06 13:14:00,2025-02-06 14:19:00,15.1,reservee,terminee
session_163,hub_casablanca,hub_casablanca_borne_4,2025-02-06 19:24:00,2025-02-06 19:59:00,33.6,walk_in,terminee
session_164,hub_casablanca,hub_casablanca_borne_2,2025-02-06 17:19:00,2025-02-06 18:34:00,34.4,reservee,terminee
session_165,hub_casablanca,hub_casablanca_borne_6,2025-02-06 17:06:00,2025-02-06 17:53:00,40.0,reservee,terminee
session_166,hub_casablanca,hub_casablanca_borne_1,2025-02-06 21:36:00,2025-02-06 23:01:00,39.3,reservee,terminee
session_167,hub_casablanca,hub_casablanca_borne_2,2025-02-07 13:49:00,2025-02-07 14:21:00,19.8,reservee,terminee
session_168,hub_casablanca,hub_casablanca_borne_4,2025-02-07 20:38:00,2025-02-07 22:07:00,40.0,reservee,terminee
session_169,hub_casablanca,hub_casablanca_borne_2,2025-02-07 22:42:00,2025-02-08 00:10:00,16.1,reservee,terminee
session_170,hub_casablanca,hub_casablanca_borne_3,2025-02-07 19:39:00,2025-02-07 20:23:00,32.6,walk_in,terminee
session_171,hub_casablanca,hub_casablanca_borne_1,2025-02-08 12:31:00,2025-02-08 12:55:00,6.8,reservee,terminee
session_172,hub_casablanca,hub_casablanca_borne_3,2025-02-08 13:02:00,2025-02-08 14:07:00,33.8,reservee,terminee
session_173,hub_casablanca,hub_casablanca_borne_1,2025-02-08 13:50:00,2025-02-08 15:07:00,23.9,walk_in,terminee
session_174,hub_casablanca,hub_casablanca_borne_1,2025-02-08 13:43:00,2025-02-08 14:21:00,31.3,reservee,terminee
session_175,hub_casablanca,hub_casablanca_borne_4,2025-02-08 14:27:00,2025-02-08 15:12:00,12.7,reservee,terminee
session_176,hub_casablanca,hub_casablanca_borne_5,2025-02-08 16:05:00,2025-02-08 16:37:00,11.1,walk_in,terminee
session_177,hub_casablanca,hub_casablanca_borne_6,2025-02-08 14:58:00,2025-02-08 15:27:00,27.9,reservee,terminee
session_178,hub_casablanca,hub_casablanca_borne_3,2025-02-08 14:57:00,2025-02-08 16:18:00,11.7,reservee,terminee
session_179,hub_casablanca,hub_casablanca_borne_3,2025-02-08 12:17:00,2025-02-08 13:28:00,24.8,reservee,terminee
session_180,hub_casablanca,hub_casablanca_borne_5,2025-02-09 10:28:00,2025-02-09 11:06:00,19.7,walk_in,terminee
session_181,hub_casablanca,hub_casablanca_borne_1,2025-02-09 09:33:00,2025-02-09 10:19:00,14.5,reservee,terminee
session_182,hub_casablanca,hub_casablanca_borne_2,2025-02-10 13:52:00,2025-02-10 14:57:00,11.0,walk_in,terminee
session_183,hub_casablanca,hub_casablanca_borne_3,2025-02-10 22:28:00,2025-02-10 23:53:00,7.1,reservee,terminee
session_184,hub_casablanca,hub_casablanca_borne_4,2025-02-10 14:40:00,2025-02-10 15:14:00,8.5,reservee,terminee
session_185,hub_casablanca,hub_casablanca_borne_3,2025-02-11 16:18:00,2025-02-11 17:03:00,6.9,reservee,terminee
session_186,hub_casablanca,hub_casablanca_borne_2,2025-02-11 20:12:00,2025-02-11 21:34:00,37.5,reservee,terminee
session_187,hub_casablanca,hub_casablanca_borne_5,2025-02-12 11:07:00,2025-02-12 12:26:00,31.4,walk_in,terminee
session_188,hub_casablanca,hub_casablanca_borne_4,2025-02-13 20:55:00,2025-02-13 21:55:00,33.2,reservee,terminee
session_189,hub_casablanca,hub_casablanca_borne_5,2025-02-13 14:29:00,2025-02-13 15:23:00,39.0,reservee,terminee
session_190,hub_casablanca,hub_casablanca_borne_3,2025-02-14 22:51:00,2025-02-14 23:52:00,17.6,reservee,terminee
session_191,hub_casablanca,hub_casablanca_borne_5,2025-02-14 21:37:00,2025-02-14 23:01:00,37.6,reservee,terminee
session_192,hub_casablanca,hub_casablanca_borne_2,2025-02-14 20:33:00,2025-02-14 21:25:00,28.1,reservee,terminee
session_193,hub_casablanca,hub_casablanca_borne_4,2025-02-15 16:22:00,2025-02-15 16:57:00,24.7,walk_in,terminee
session_194,hub_casablanca,hub_casablanca_borne_2,2025-02-15 11:54:00,2025-02-15 12:55:00,28.4,reservee,terminee
session_195,hub_casablanca,hub_casablanca_borne_4,2025-02-15 18:23:00,2025-02-15 19:47:00,25.3,reservee,terminee
session_196,hub_casablanca,hub_casablanca_borne_1,2025-02-15 18:33:00,2025-02-15 18:54:00,31.0,walk_in,terminee
session_197,hub_casablanca,hub_casablanca_borne_1,2025-02-16 14:19:00,2025-02-16 15:40:00,18.1,reservee,terminee
session_198,hub_casablanca,hub_casablanca_borne_2,2025-02-16 12:45:00,2025-02-16 13:39:00,23.8,walk_in,terminee
session_199,hub_casablanca,hub_casablanca_borne_6,2025-02-17 19:28:00,2025-02-17 20:27:00,39.4,walk_in,terminee
session_200,hub_casablanca,hub_casablanca_borne_3,2025-02-17 09:24:00,2025-02-17 09:52:00,32.8,walk_in,terminee
session_201,hub_casablanca,hub_casablanca_borne_4,2025-02-17 19:17:00,2025-02-17 20:38:00,5.8,reservee,terminee
session_202,hub_casablanca,hub_casablanca_borne_3,2025-02-17 21:09:00,2025-02-17 22:15:00,18.2,walk_in,terminee
session_203,hub_casablanca,hub_casablanca_borne_4,2025-02-17 18:27:00,2025-02-17 19:23:00,12.5,reservee,terminee
session_204,hub_casablanca,hub_casablanca_borne_2,2025-02-17 12:05:00,2025-02-17 13:31:00,19.2,walk_in,terminee
session_205,hub_casablanca,hub_casablanca_borne_4,2025-02-18 19:02:00,2025-02-18 19:59:00,39.8,walk_in,terminee
session_206,hub_casablanca,hub_casablanca_borne_1,2025-02-18 15:17:00,2025-02-18 16:40:00,6.6,walk_in,terminee
session_207,hub_casablanca,hub_casablanca_borne_5,2025-02-18 14:06:00,2025-02-18 14:30:00,34.2,reservee,terminee
session_208,hub_casablanca,hub_casablanca_borne_4,2025-02-18 16:33:00,2025-02-18 17:20:00,20.6,reservee,terminee
session_209,hub_casablanca,hub_casablanca_borne_2,2025-02-18 12:18:00,2025-02-18 12:51:00,15.0,walk_in,terminee
session_210,hub_casablanca,hub_casablanca_borne_1,2025-02-19 18:57:00,2025-02-19 20:06:00,21.9,reservee,terminee
session_211,hub_casablanca,hub_casablanca_borne_4,2025-02-19 17:21:00,2025-02-19 18:08:00,8.1,reservee,terminee
session_212,hub_casablanca,hub_casablanca_borne_5,2025-02-19 15:54:00,2025-02-19 16:56:00,6.2,reservee,terminee
session_213,hub_casablanca,hub_casablanca_borne_6,2025-02-19 12:57:00,2025-02-19 13:32:00,23.1,walk_in,terminee
session_214,hub_casablanca,hub_casablanca_borne_6,2025-02-19 21:02:00,2025-02-19 21:32:00,7.2,reservee,terminee
session_215,hub_casablanca,hub_casablanca_borne_4,2025-02-19 20:53:00,2025-02-19 21:50:00,26.9,reservee,terminee
session_216,hub_casablanca,hub_casablanca_borne_5,2025-02-19 22:50:00,2025-02-20 00:16:00,17.2,reservee,terminee
session_217,hub_casablanca,hub_casablanca_borne_1,2025-02-19 22:25:00,2025-02-19 23:51:00,18.2,walk_in,terminee
session_218,hub_casablanca,hub_casablanca_borne_4,2025-02-19 19:18:00,2025-02-19 20:23:00,28.5,reservee,terminee
session_219,hub_casablanca,hub_casablanca_borne_2,2025-02-20 15:29:00,2025-02-20 16:25:00,22.8,reservee,terminee
session_220,hub_casablanca,hub_casablanca_borne_6,2025-02-20 14:28:00,2025-02-20 15:17:00,7.3,reservee,terminee
session_221,hub_casablanca,hub_casablanca_borne_3,2025-02-20 22:37:00,2025-02-20 23:00:00,39.3,reservee,terminee
session_222,hub_casablanca,hub_casablanca_borne_6,2025-02-20 16:03:00,2025-02-20 17:20:00,27.7,walk_in,terminee
session_223,hub_casablanca,hub_casablanca_borne_4,2025-02-21 19:47:00,2025-02-21 20:42:00,30.8,reservee,terminee
session_224,hub_casablanca,hub_casablanca_borne_2,2025-02-21 12:07:00,2025-02-21 12:40:00,26.9,walk_in,terminee
session_225,hub_casablanca,hub_casablanca_borne_2,2025-02-21 17:16:00,2025-02-21 17:43:00,38.5,reservee,terminee
session_226,hub_casablanca,hub_casablanca_borne_2,2025-02-21 19:31:00,2025-02-21 20:52:00,31.6,walk_in,terminee
session_227,hub_casablanca,hub_casablanca_borne_2,2025-02-21 15:21:00,2025-02-21 16:14:00,10.2,reservee,terminee
session_228,hub_casablanca,hub_casablanca_borne_2,2025-02-21 17:32:00,2025-02-21 18:41:00,7.4,reservee,terminee
session_229,hub_casablanca,hub_casablanca_borne_2,2025-02-21 18:44:00,2025-02-21 20:01:00,20.7,walk_in,terminee
session_230,hub_casablanca,hub_casablanca_borne_2,2025-02-21 21:10:00,2025-02-21 22:02:00,18.7,reservee,terminee
session_231,hub_casablanca,hub_casablanca_borne_4,2025-02-22 08:13:00,2025-02-22 09:26:00,37.6,reservee,terminee
session_232,hub_casablanca,hub_casablanca_borne_4,2025-02-22 08:58:00,2025-02-22 10:00:00,36.1,walk_in,terminee
session_233,hub_casablanca,hub_casablanca_borne_3,2025-02-22 12:27:00,2025-02-22 12:52:00,5.6,reservee,terminee
session_234,hub_casablanca,hub_casablanca_borne_3,2025-02-22 15:33:00,2025-02-22 16:31:00,34.3,reservee,terminee
session_235,hub_casablanca,hub_casablanca_borne_1,2025-02-22 11:46:00,2025-02-22 13:05:00,39.8,walk_in,terminee
session_236,hub_casablanca,hub_casablanca_borne_6,2025-02-23 15:11:00,2025-02-23 15:35:00,38.2,reservee,terminee
session_237,hub_casablanca,hub_casablanca_borne_6,2025-02-23 09:40:00,2025-02-23 10:13:00,11.1,walk_in,terminee
session_238,hub_casablanca,hub_casablanca_borne_2,2025-02-23 12:08:00,2025-02-23 13:15:00,33.5,reservee,terminee
session_239,hub_casablanca,hub_casablanca_borne_5,2025-02-23 12:56:00,2025-02-23 13:34:00,20.0,reservee,terminee
session_240,hub_casablanca,hub_casablanca_borne_2,2025-02-23 13:45:00,2025-02-23 14:31:00,34.2,reservee,terminee
session_241,hub_casablanca,hub_casablanca_borne_6,2025-02-23 14:33:00,2025-02-23 16:02:00,6.4,reservee,terminee
session_242,hub_casablanca,hub_casablanca_borne_4,2025-02-23 15:05:00,2025-02-23 15:52:00,31.1,reservee,terminee
session_243,hub_casablanca,hub_casablanca_borne_1,2025-02-24 13:50:00,2025-02-24 14:54:00,29.2,walk_in,terminee
session_244,hub_casablanca,hub_casablanca_borne_3,2025-02-24 18:54:00,2025-02-24 19:31:00,30.5,walk_in,terminee
session_245,hub_casablanca,hub_casablanca_borne_4,2025-02-25 17:27:00,2025-02-25 18:07:00,32.9,walk_in,terminee
session_246,hub_casablanca,hub_casablanca_borne_5,2025-02-25 18:16:00,2025-02-25 18:53:00,9.7,walk_in,terminee
session_247,hub_casablanca,hub_casablanca_borne_4,2025-02-26 19:37:00,2025-02-26 20:51:00,12.4,walk_in,terminee
session_248,hub_casablanca,hub_casablanca_borne_6,2025-02-26 10:13:00,2025-02-26 10:36:00,35.4,reservee,terminee
session_249,hub_casablanca,hub_casablanca_borne_1,2025-02-26 15:44:00,2025-02-26 16:12:00,32.3,walk_in,terminee
session_250,hub_casablanca,hub_casablanca_borne_5,2025-02-26 20:51:00,2025-02-26 21:47:00,31.1,walk_in,terminee
session_251,hub_casablanca,hub_casablanca_borne_6,2025-02-27 18:29:00,2025-02-27 19:29:00,18.8,walk_in,terminee
session_252,hub_casablanca,hub_casablanca_borne_6,2025-02-27 21:43:00,2025-02-27 22:50:00,23.3,reservee,terminee
session_253,hub_casablanca,hub_casablanca_borne_3,2025-02-27 19:56:00,2025-02-27 21:06:00,37.1,walk_in,terminee
session_254,hub_casablanca,hub_casablanca_borne_3,2025-02-28 18:16:00,2025-02-28 19:31:00,18.4,walk_in,terminee
session_255,hub_casablanca,hub_casablanca_borne_2,2025-02-28 18:17:00,2025-02-28 19:30:00,16.8,walk_in,terminee
session_256,hub_casablanca,hub_casablanca_borne_4,2025-02-28 15:01:00,2025-02-28 15:36:00,29.9,reservee,terminee
session_257,hub_casablanca,hub_casablanca_borne_6,2025-02-28 21:03:00,2025-02-28 21:47:00,35.3,reservee,terminee
session_258,hub_casablanca,hub_casablanca_borne_3,2025-03-01 15:45:00,2025-03-01 16:22:00,13.1,reservee,terminee
session_259,hub_casablanca,hub_casablanca_borne_1,2025-03-01 10:41:00,2025-03-01 11:45:00,31.0,reservee,terminee
session_260,hub_casablanca,hub_casablanca_borne_3,2025-03-01 12:37:00,2025-03-01 13:11:00,36.1,walk_in,terminee
session_261,hub_casablanca,hub_casablanca_borne_5,2025-03-01 07:34:00,2025-03-01 08:03:00,39.0,walk_in,terminee
session_262,hub_casablanca,hub_casablanca_borne_6,2025-03-01 12:09:00,2025-03-01 12:43:00,8.2,reservee,terminee
session_263,hub_casablanca,hub_casablanca_borne_5,2025-03-01 12:58:00,2025-03-01 13:23:00,9.6,walk_in,terminee
session_264,hub_casablanca,hub_casablanca_borne_4,2025-03-01 14:37:00,2025-03-01 15:58:00,27.3,reservee,terminee
session_265,hub_casablanca,hub_casablanca_borne_4,2025-03-02 12:14:00,2025-03-02 13:32:00,16.6,walk_in,terminee
session_266,hub_casablanca,hub_casablanca_borne_6,2025-03-02 12:45:00,2025-03-02 13:26:00,12.6,walk_in,terminee
session_267,hub_casablanca,hub_casablanca_borne_2,2025-03-02 12:17:00,2025-03-02 13:16:00,15.1,reservee,terminee
session_268,hub_casablanca,hub_casablanca_borne_4,2025-03-02 20:36:00,2025-03-02 21:05:00,29.3,walk_in,terminee
session_269,hub_casablanca,hub_casablanca_borne_6,2025-03-02 12:04:00,2025-03-02 12:55:00,19.3,reservee,terminee
session_270,hub_casablanca,hub_casablanca_borne_2,2025-03-02 11:43:00,2025-03-02 12:19:00,34.0,reservee,terminee
session_271,hub_casablanca,hub_casablanca_borne_3,2025-03-03 22:04:00,2025-03-03 23:00:00,21.9,walk_in,terminee
session_272,hub_casablanca,hub_casablanca_borne_3,2025-03-03 21:56:00,2025-03-03 22:47:00,11.3,reservee,terminee
session_273,hub_casablanca,hub_casablanca_borne_5,2025-03-03 13:00:00,2025-03-03 13:50:00,31.9,walk_in,terminee
session_274,hub_casablanca,hub_casablanca_borne_1,2025-03-03 17:09:00,2025-03-03 18:34:00,10.9,walk_in,terminee
session_275,hub_casablanca,hub_casablanca_borne_2,2025-03-03 19:37:00,2025-03-03 20:25:00,31.6,reservee,terminee
session_276,hub_casablanca,hub_casablanca_borne_6,2025-03-03 17:44:00,2025-03-03 19:03:00,40.0,reservee,terminee
session_277,hub_casablanca,hub_casablanca_borne_1,2025-03-03 18:14:00,2025-03-03 18:52:00,25.4,walk_in,terminee
session_278,hub_casablanca,hub_casablanca_borne_6,2025-03-04 20:58:00,2025-03-04 22:26:00,36.7,walk_in,terminee
session_279,hub_casablanca,hub_casablanca_borne_4,2025-03-04 18:18:00,2025-03-04 19:16:00,24.6,reservee,terminee
session_280,hub_casablanca,hub_casablanca_borne_4,2025-03-04 17:44:00,2025-03-04 18:27:00,16.6,reservee,terminee
session_281,hub_casablanca,hub_casablanca_borne_6,2025-03-04 20:50:00,2025-03-04 21:41:00,13.0,walk_in,terminee
session_282,hub_casablanca,hub_casablanca_borne_4,2025-03-04 16:18:00,2025-03-04 16:50:00,28.0,reservee,terminee
session_283,hub_casablanca,hub_casablanca_borne_1,2025-03-04 20:03:00,2025-03-04 21:03:00,5.8,walk_in,terminee
session_284,hub_casablanca,hub_casablanca_borne_1,2025-03-04 13:26:00,2025-03-04 14:16:00,7.5,walk_in,terminee
session_285,hub_casablanca,hub_casablanca_borne_5,2025-03-05 17:53:00,2025-03-05 18:51:00,10.3,reservee,terminee
session_286,hub_casablanca,hub_casablanca_borne_4,2025-03-06 13:02:00,2025-03-06 13:46:00,29.9,reservee,terminee
session_287,hub_casablanca,hub_casablanca_borne_2,2025-03-06 11:37:00,2025-03-06 12:39:00,32.2,walk_in,terminee
session_288,hub_casablanca,hub_casablanca_borne_5,2025-03-06 21:28:00,2025-03-06 22:30:00,13.6,reservee,terminee
session_289,hub_casablanca,hub_casablanca_borne_4,2025-03-06 16:26:00,2025-03-06 17:14:00,11.2,walk_in,terminee
session_290,hub_casablanca,hub_casablanca_borne_6,2025-03-06 21:54:00,2025-03-06 22:15:00,37.4,walk_in,terminee
session_291,hub_casablanca,hub_casablanca_borne_2,2025-03-06 18:45:00,2025-03-06 20:12:00,36.7,walk_in,terminee
session_292,hub_casablanca,hub_casablanca_borne_4,2025-03-07 21:09:00,2025-03-07 22:20:00,7.6,walk_in,terminee
session_293,hub_casablanca,hub_casablanca_borne_1,2025-03-07 12:27:00,2025-03-07 13:22:00,15.9,walk_in,terminee
session_294,hub_casablanca,hub_casablanca_borne_5,2025-03-07 20:10:00,2025-03-07 20:45:00,21.2,walk_in,terminee
session_295,hub_casablanca,hub_casablanca_borne_5,2025-03-07 21:12:00,2025-03-07 22:32:00,18.2,walk_in,terminee
session_296,hub_casablanca,hub_casablanca_borne_2,2025-03-08 11:20:00,2025-03-08 11:44:00,21.6,walk_in,terminee
session_297,hub_casablanca,hub_casablanca_borne_1,2025-03-08 14:19:00,2025-03-08 15:38:00,23.2,walk_in,terminee
session_298,hub_casablanca,hub_casablanca_borne_3,2025-03-08 10:38:00,2025-03-08 11:06:00,36.0,reservee,terminee
session_299,hub_casablanca,hub_casablanca_borne_3,2025-03-08 13:09:00,2025-03-08 14:17:00,6.7,reservee,terminee
session_300,hub_casablanca,hub_casablanca_borne_1,2025-03-08 12:24:00,2025-03-08 13:20:00,14.8,reservee,terminee
session_301,hub_casablanca,hub_casablanca_borne_3,2025-03-08 19:22:00,2025-03-08 20:27:00,8.8,reservee,terminee
session_302,hub_casablanca,hub_casablanca_borne_2,2025-03-09 14:20:00,2025-03-09 15:09:00,8.5,walk_in,terminee
session_303,hub_casablanca,hub_casablanca_borne_5,2025-03-09 15:01:00,2025-03-09 16:03:00,31.7,reservee,terminee
session_304,hub_casablanca,hub_casablanca_borne_5,2025-03-09 13:54:00,2025-03-09 15:22:00,6.5,reservee,terminee
session_305,hub_casablanca,hub_casablanca_borne_1,2025-03-09 15:08:00,2025-03-09 15:51:00,39.6,reservee,terminee
session_306,hub_casablanca,hub_casablanca_borne_3,2025-03-09 17:19:00,2025-03-09 18:12:00,39.2,reservee,terminee
session_307,hub_casablanca,hub_casablanca_borne_4,2025-03-09 13:55:00,2025-03-09 14:33:00,22.6,reservee,terminee
session_308,hub_casablanca,hub_casablanca_borne_3,2025-03-10 10:23:00,2025-03-10 11:20:00,39.2,reservee,terminee
session_309,hub_casablanca,hub_casablanca_borne_3,2025-03-10 19:01:00,2025-03-10 19:48:00,12.0,walk_in,terminee
session_310,hub_casablanca,hub_casablanca_borne_2,2025-03-10 15:15:00,2025-03-10 15:59:00,17.2,walk_in,terminee
session_311,hub_casablanca,hub_casablanca_borne_1,2025-03-10 15:21:00,2025-03-10 16:40:00,25.0,reservee,terminee
session_312,hub_casablanca,hub_casablanca_borne_6,2025-03-10 14:02:00,2025-03-10 14:56:00,9.3,reservee,terminee
session_313,hub_casablanca,hub_casablanca_borne_3,2025-03-10 19:47:00,2025-03-10 21:12:00,26.2,walk_in,terminee
session_314,hub_casablanca,hub_casablanca_borne_5,2025-03-10 13:20:00,2025-03-10 13:51:00,23.2,reservee,terminee
session_315,hub_casablanca,hub_casablanca_borne_3,2025-03-11 19:15:00,2025-03-11 19:37:00,8.8,reservee,terminee
session_316,hub_casablanca,hub_casablanca_borne_2,2025-03-11 18:11:00,2025-03-11 18:57:00,18.5,reservee,terminee
session_317,hub_casablanca,hub_casablanca_borne_5,2025-03-12 14:44:00,2025-03-12 16:13:00,37.5,reservee,terminee
session_318,hub_casablanca,hub_casablanca_borne_4,2025-03-12 16:45:00,2025-03-12 17:58:00,34.5,walk_in,terminee
session_319,hub_casablanca,hub_casablanca_borne_5,2025-03-13 22:45:00,2025-03-13 23:11:00,28.0,reservee,terminee
session_320,hub_casablanca,hub_casablanca_borne_5,2025-03-13 16:35:00,2025-03-13 17:54:00,8.4,reservee,terminee
session_321,hub_casablanca,hub_casablanca_borne_6,2025-03-13 19:02:00,2025-03-13 19:53:00,14.3,reservee,terminee
session_322,hub_casablanca,hub_casablanca_borne_3,2025-03-13 18:15:00,2025-03-13 19:37:00,19.9,reservee,terminee
session_323,hub_casablanca,hub_casablanca_borne_5,2025-03-13 18:24:00,2025-03-13 19:02:00,22.6,reservee,terminee
session_324,hub_casablanca,hub_casablanca_borne_3,2025-03-14 18:10:00,2025-03-14 19:27:00,25.4,reservee,terminee
session_325,hub_casablanca,hub_casablanca_borne_3,2025-03-14 17:06:00,2025-03-14 18:05:00,30.2,reservee,terminee
session_326,hub_casablanca,hub_casablanca_borne_4,2025-03-14 20:03:00,2025-03-14 20:58:00,14.0,walk_in,terminee
session_327,hub_casablanca,hub_casablanca_borne_1,2025-03-14 15:55:00,2025-03-14 17:17:00,11.5,reservee,terminee
session_328,hub_casablanca,hub_casablanca_borne_4,2025-03-14 20:26:00,2025-03-14 20:56:00,8.6,walk_in,terminee
session_329,hub_casablanca,hub_casablanca_borne_6,2025-03-14 19:51:00,2025-03-14 20:44:00,37.3,reservee,terminee
session_330,hub_casablanca,hub_casablanca_borne_1,2025-03-14 12:55:00,2025-03-14 13:37:00,17.4,reservee,terminee
session_331,hub_casablanca,hub_casablanca_borne_4,2025-03-14 17:11:00,2025-03-14 18:33:00,13.9,walk_in,terminee
session_332,hub_casablanca,hub_casablanca_borne_1,2025-03-15 10:44:00,2025-03-15 12:05:00,9.8,reservee,terminee
session_333,hub_casablanca,hub_casablanca_borne_4,2025-03-15 20:31:00,2025-03-15 21:11:00,7.1,reservee,terminee
session_334,hub_casablanca,hub_casablanca_borne_2,2025-03-15 14:11:00,2025-03-15 14:49:00,26.9,reservee,terminee
session_335,hub_casablanca,hub_casablanca_borne_2,2025-03-15 11:31:00,2025-03-15 12:45:00,18.3,reservee,terminee
session_336,hub_casablanca,hub_casablanca_borne_6,2025-03-16 11:07:00,2025-03-16 12:19:00,22.8,walk_in,terminee
session_337,hub_casablanca,hub_casablanca_borne_4,2025-03-16 09:37:00,2025-03-16 10:39:00,31.4,walk_in,terminee
session_338,hub_casablanca,hub_casablanca_borne_6,2025-03-16 14:32:00,2025-03-16 15:07:00,35.1,walk_in,terminee
session_339,hub_casablanca,hub_casablanca_borne_5,2025-03-16 15:11:00,2025-03-16 15:54:00,29.6,reservee,terminee
session_340,hub_casablanca,hub_casablanca_borne_1,2025-03-16 13:45:00,2025-03-16 14:18:00,15.2,walk_in,terminee
session_341,hub_casablanca,hub_casablanca_borne_1,2025-03-16 11:36:00,2025-03-16 12:17:00,15.5,reservee,terminee
session_342,hub_casablanca,hub_casablanca_borne_5,2025-03-16 11:00:00,2025-03-16 12:11:00,38.2,walk_in,terminee
session_343,hub_casablanca,hub_casablanca_borne_4,2025-03-16 16:28:00,2025-03-16 17:18:00,16.4,reservee,terminee
session_344,hub_casablanca,hub_casablanca_borne_3,2025-03-17 17:20:00,2025-03-17 18:00:00,11.1,walk_in,terminee
session_345,hub_casablanca,hub_casablanca_borne_5,2025-03-17 12:54:00,2025-03-17 13:16:00,7.3,reservee,terminee
session_346,hub_casablanca,hub_casablanca_borne_1,2025-03-17 18:58:00,2025-03-17 19:32:00,11.9,reservee,terminee
session_347,hub_casablanca,hub_casablanca_borne_5,2025-03-17 12:34:00,2025-03-17 13:20:00,33.9,reservee,terminee
session_348,hub_casablanca,hub_casablanca_borne_3,2025-03-18 19:04:00,2025-03-18 20:14:00,15.1,walk_in,terminee
session_349,hub_casablanca,hub_casablanca_borne_6,2025-03-18 20:50:00,2025-03-18 22:08:00,8.1,reservee,terminee
session_350,hub_casablanca,hub_casablanca_borne_1,2025-03-18 15:13:00,2025-03-18 16:11:00,19.9,walk_in,terminee
session_351,hub_casablanca,hub_casablanca_borne_6,2025-03-18 22:29:00,2025-03-18 23:58:00,10.3,walk_in,terminee
session_352,hub_casablanca,hub_casablanca_borne_1,2025-03-19 17:27:00,2025-03-19 18:09:00,15.7,reservee,terminee
session_353,hub_casablanca,hub_casablanca_borne_3,2025-03-19 10:08:00,2025-03-19 11:29:00,26.1,reservee,terminee
session_354,hub_casablanca,hub_casablanca_borne_5,2025-03-19 15:14:00,2025-03-19 15:44:00,5.3,reservee,terminee
session_355,hub_casablanca,hub_casablanca_borne_6,2025-03-19 18:58:00,2025-03-19 19:21:00,31.2,reservee,terminee
session_356,hub_casablanca,hub_casablanca_borne_4,2025-03-19 17:21:00,2025-03-19 17:41:00,25.8,walk_in,terminee
session_357,hub_casablanca,hub_casablanca_borne_2,2025-03-19 17:11:00,2025-03-19 17:39:00,24.4,reservee,terminee
session_358,hub_casablanca,hub_casablanca_borne_5,2025-03-20 22:40:00,2025-03-21 00:08:00,19.6,reservee,terminee
session_359,hub_casablanca,hub_casablanca_borne_6,2025-03-20 22:06:00,2025-03-20 22:42:00,23.5,reservee,terminee
session_360,hub_casablanca,hub_casablanca_borne_6,2025-03-20 14:11:00,2025-03-20 15:24:00,8.4,walk_in,terminee
session_361,hub_casablanca,hub_casablanca_borne_1,2025-03-20 10:04:00,2025-03-20 11:12:00,27.1,walk_in,terminee
session_362,hub_casablanca,hub_casablanca_borne_5,2025-03-20 20:34:00,2025-03-20 21:16:00,29.4,walk_in,terminee
session_363,hub_casablanca,hub_casablanca_borne_3,2025-03-20 13:39:00,2025-03-20 14:29:00,31.5,walk_in,terminee
session_364,hub_casablanca,hub_casablanca_borne_1,2025-03-21 17:34:00,2025-03-21 18:34:00,28.0,walk_in,terminee
session_365,hub_casablanca,hub_casablanca_borne_5,2025-03-21 18:46:00,2025-03-21 19:49:00,23.8,walk_in,terminee
session_366,hub_casablanca,hub_casablanca_borne_1,2025-03-21 18:31:00,2025-03-21 19:52:00,28.8,reservee,terminee
session_367,hub_casablanca,hub_casablanca_borne_6,2025-03-21 22:13:00,2025-03-21 23:24:00,34.0,reservee,terminee
session_368,hub_casablanca,hub_casablanca_borne_4,2025-03-22 14:11:00,2025-03-22 14:57:00,38.0,reservee,terminee
session_369,hub_casablanca,hub_casablanca_borne_6,2025-03-22 19:06:00,2025-03-22 19:49:00,33.6,reservee,terminee
session_370,hub_casablanca,hub_casablanca_borne_5,2025-03-22 11:06:00,2025-03-22 12:08:00,38.6,reservee,terminee
session_371,hub_casablanca,hub_casablanca_borne_4,2025-03-22 16:54:00,2025-03-22 18:15:00,23.3,reservee,terminee
session_372,hub_casablanca,hub_casablanca_borne_2,2025-03-22 16:29:00,2025-03-22 16:51:00,28.9,walk_in,terminee
session_373,hub_casablanca,hub_casablanca_borne_1,2025-03-22 16:16:00,2025-03-22 16:39:00,37.9,walk_in,terminee
session_374,hub_casablanca,hub_casablanca_borne_4,2025-03-23 10:49:00,2025-03-23 11:19:00,12.9,reservee,terminee
session_375,hub_casablanca,hub_casablanca_borne_2,2025-03-23 11:09:00,2025-03-23 12:08:00,17.9,walk_in,terminee
session_376,hub_casablanca,hub_casablanca_borne_6,2025-03-23 12:53:00,2025-03-23 14:16:00,34.0,walk_in,terminee
session_377,hub_casablanca,hub_casablanca_borne_6,2025-03-23 07:37:00,2025-03-23 08:45:00,5.6,walk_in,terminee
session_378,hub_casablanca,hub_casablanca_borne_4,2025-03-24 17:29:00,2025-03-24 18:19:00,16.9,reservee,terminee
session_379,hub_casablanca,hub_casablanca_borne_6,2025-03-24 18:22:00,2025-03-24 19:49:00,11.1,reservee,terminee
session_380,hub_casablanca,hub_casablanca_borne_2,2025-03-25 18:27:00,2025-03-25 18:49:00,26.6,walk_in,terminee
session_381,hub_casablanca,hub_casablanca_borne_5,2025-03-25 22:30:00,2025-03-25 23:32:00,18.9,reservee,terminee
session_382,hub_casablanca,hub_casablanca_borne_1,2025-03-25 18:58:00,2025-03-25 19:19:00,24.5,walk_in,terminee
session_383,hub_casablanca,hub_casablanca_borne_6,2025-03-25 22:32:00,2025-03-25 23:35:00,29.4,walk_in,terminee
session_384,hub_casablanca,hub_casablanca_borne_1,2025-03-25 19:01:00,2025-03-25 20:19:00,7.7,reservee,terminee
session_385,hub_casablanca,hub_casablanca_borne_1,2025-03-25 17:26:00,2025-03-25 18:09:00,10.8,reservee,terminee
session_386,hub_casablanca,hub_casablanca_borne_3,2025-03-26 15:05:00,2025-03-26 15:53:00,38.0,walk_in,terminee
session_387,hub_casablanca,hub_casablanca_borne_1,2025-03-26 19:39:00,2025-03-26 20:30:00,31.4,reservee,terminee
session_388,hub_casablanca,hub_casablanca_borne_1,2025-03-26 22:13:00,2025-03-26 23:19:00,17.3,walk_in,terminee
session_389,hub_casablanca,hub_casablanca_borne_2,2025-03-26 16:29:00,2025-03-26 17:43:00,14.5,reservee,terminee
session_390,hub_casablanca,hub_casablanca_borne_2,2025-03-27 12:17:00,2025-03-27 12:53:00,7.9,reservee,terminee
session_391,hub_casablanca,hub_casablanca_borne_4,2025-03-27 18:37:00,2025-03-27 19:33:00,20.0,reservee,terminee
session_392,hub_casablanca,hub_casablanca_borne_2,2025-03-27 22:11:00,2025-03-27 23:21:00,31.6,reservee,terminee
session_393,hub_casablanca,hub_casablanca_borne_1,2025-03-27 19:17:00,2025-03-27 20:38:00,30.5,walk_in,terminee
session_394,hub_casablanca,hub_casablanca_borne_4,2025-03-27 15:58:00,2025-03-27 16:47:00,33.5,walk_in,terminee
session_395,hub_casablanca,hub_casablanca_borne_5,2025-03-27 15:54:00,2025-03-27 16:41:00,24.8,reservee,terminee
session_396,hub_casablanca,hub_casablanca_borne_2,2025-03-27 22:23:00,2025-03-27 23:10:00,13.6,reservee,terminee
session_397,hub_casablanca,hub_casablanca_borne_2,2025-03-27 15:52:00,2025-03-27 16:16:00,25.1,reservee,terminee
session_398,hub_casablanca,hub_casablanca_borne_4,2025-03-27 16:23:00,2025-03-27 17:16:00,25.4,reservee,terminee
session_399,hub_casablanca,hub_casablanca_borne_2,2025-03-28 16:16:00,2025-03-28 17:27:00,13.4,walk_in,terminee
session_400,hub_casablanca,hub_casablanca_borne_2,2025-03-28 18:55:00,2025-03-28 19:41:00,35.7,walk_in,terminee
session_401,hub_casablanca,hub_casablanca_borne_5,2025-03-28 21:01:00,2025-03-28 21:48:00,35.5,walk_in,terminee
session_402,hub_casablanca,hub_casablanca_borne_4,2025-03-28 17:47:00,2025-03-28 18:56:00,21.4,walk_in,terminee
session_403,hub_casablanca,hub_casablanca_borne_2,2025-03-28 22:10:00,2025-03-28 23:14:00,39.0,reservee,terminee
session_404,hub_casablanca,hub_casablanca_borne_2,2025-03-28 18:50:00,2025-03-28 19:25:00,22.6,walk_in,terminee
session_405,hub_casablanca,hub_casablanca_borne_1,2025-03-29 11:09:00,2025-03-29 12:20:00,32.5,reservee,terminee
session_406,hub_casablanca,hub_casablanca_borne_3,2025-03-29 13:00:00,2025-03-29 13:40:00,24.4,reservee,terminee
session_407,hub_casablanca,hub_casablanca_borne_1,2025-03-29 12:27:00,2025-03-29 12:59:00,23.5,walk_in,terminee
session_408,hub_casablanca,hub_casablanca_borne_4,2025-03-29 08:49:00,2025-03-29 09:21:00,31.8,reservee,terminee
session_409,hub_casablanca,hub_casablanca_borne_3,2025-03-30 17:42:00,2025-03-30 19:00:00,7.8,walk_in,terminee
session_410,hub_casablanca,hub_casablanca_borne_5,2025-03-30 18:41:00,2025-03-30 19:48:00,23.4,walk_in,terminee
session_411,hub_casablanca,hub_casablanca_borne_4,2025-03-30 11:05:00,2025-03-30 11:47:00,7.5,walk_in,terminee
session_412,hub_casablanca,hub_casablanca_borne_3,2025-03-30 13:49:00,2025-03-30 15:18:00,10.7,walk_in,terminee
session_413,hub_casablanca,hub_casablanca_borne_5,2025-03-31 17:30:00,2025-03-31 18:08:00,9.7,reservee,terminee
session_414,hub_casablanca,hub_casablanca_borne_1,2025-03-31 18:20:00,2025-03-31 18:55:00,29.2,walk_in,terminee
session_415,hub_casablanca,hub_casablanca_borne_3,2025-03-31 16:55:00,2025-03-31 17:41:00,34.3,reservee,terminee
session_416,hub_casablanca,hub_casablanca_borne_5,2025-04-01 19:07:00,2025-04-01 19:44:00,16.5,walk_in,terminee
session_417,hub_casablanca,hub_casablanca_borne_3,2025-04-01 21:09:00,2025-04-01 21:32:00,35.6,walk_in,terminee
session_418,hub_casablanca,hub_casablanca_borne_1,2025-04-01 16:32:00,2025-04-01 17:11:00,25.9,reservee,terminee
session_419,hub_casablanca,hub_casablanca_borne_6,2025-04-01 19:16:00,2025-04-01 20:23:00,6.9,walk_in,terminee
session_420,hub_casablanca,hub_casablanca_borne_6,2025-04-01 16:27:00,2025-04-01 17:02:00,33.4,walk_in,terminee
session_421,hub_casablanca,hub_casablanca_borne_3,2025-04-01 22:26:00,2025-04-01 23:18:00,33.9,walk_in,terminee
session_422,hub_casablanca,hub_casablanca_borne_4,2025-04-01 17:15:00,2025-04-01 18:01:00,6.6,walk_in,terminee
session_423,hub_casablanca,hub_casablanca_borne_6,2025-04-01 19:25:00,2025-04-01 20:02:00,12.3,reservee,terminee
session_424,hub_casablanca,hub_casablanca_borne_2,2025-04-01 19:45:00,2025-04-01 20:31:00,18.3,reservee,terminee
session_425,hub_casablanca,hub_casablanca_borne_6,2025-04-02 19:30:00,2025-04-02 20:12:00,8.6,reservee,terminee
session_426,hub_casablanca,hub_casablanca_borne_1,2025-04-02 20:32:00,2025-04-02 21:57:00,6.3,walk_in,terminee
session_427,hub_casablanca,hub_casablanca_borne_1,2025-04-02 12:01:00,2025-04-02 12:38:00,9.1,reservee,terminee
session_428,hub_casablanca,hub_casablanca_borne_2,2025-04-02 16:31:00,2025-04-02 16:51:00,10.7,reservee,terminee
session_429,hub_casablanca,hub_casablanca_borne_3,2025-04-02 20:19:00,2025-04-02 21:17:00,12.8,reservee,terminee
session_430,hub_casablanca,hub_casablanca_borne_6,2025-04-02 14:07:00,2025-04-02 14:37:00,39.3,walk_in,terminee
session_431,hub_casablanca,hub_casablanca_borne_6,2025-04-02 13:58:00,2025-04-02 14:24:00,39.1,reservee,terminee
session_432,hub_casablanca,hub_casablanca_borne_4,2025-04-03 17:57:00,2025-04-03 18:21:00,37.3,reservee,terminee
session_433,hub_casablanca,hub_casablanca_borne_2,2025-04-03 14:08:00,2025-04-03 15:05:00,28.6,reservee,terminee
session_434,hub_casablanca,hub_casablanca_borne_1,2025-04-03 22:50:00,2025-04-03 23:12:00,29.8,walk_in,terminee
session_435,hub_casablanca,hub_casablanca_borne_2,2025-04-03 17:09:00,2025-04-03 18:16:00,7.1,reservee,terminee
session_436,hub_casablanca,hub_casablanca_borne_5,2025-04-03 15:21:00,2025-04-03 16:29:00,25.8,reservee,terminee
session_437,hub_casablanca,hub_casablanca_borne_6,2025-04-04 12:00:00,2025-04-04 13:29:00,12.8,walk_in,terminee
session_438,hub_casablanca,hub_casablanca_borne_2,2025-04-04 19:24:00,2025-04-04 20:06:00,32.9,walk_in,terminee
session_439,hub_casablanca,hub_casablanca_borne_5,2025-04-04 17:09:00,2025-04-04 18:23:00,10.2,walk_in,terminee
session_440,hub_casablanca,hub_casablanca_borne_4,2025-04-04 15:09:00,2025-04-04 15:29:00,13.7,walk_in,terminee
session_441,hub_casablanca,hub_casablanca_borne_6,2025-04-04 16:57:00,2025-04-04 17:24:00,25.7,reservee,terminee
session_442,hub_casablanca,hub_casablanca_borne_4,2025-04-05 17:29:00,2025-04-05 18:46:00,27.9,walk_in,terminee
session_443,hub_casablanca,hub_casablanca_borne_5,2025-04-05 19:51:00,2025-04-05 20:53:00,14.7,reservee,terminee
session_444,hub_casablanca,hub_casablanca_borne_4,2025-04-05 19:14:00,2025-04-05 19:38:00,24.2,reservee,terminee
session_445,hub_casablanca,hub_casablanca_borne_6,2025-04-05 10:46:00,2025-04-05 12:03:00,15.8,reservee,terminee
session_446,hub_casablanca,hub_casablanca_borne_4,2025-04-05 09:38:00,2025-04-05 10:12:00,39.3,reservee,terminee
session_447,hub_casablanca,hub_casablanca_borne_3,2025-04-05 17:35:00,2025-04-05 18:12:00,31.1,reservee,terminee
session_448,hub_casablanca,hub_casablanca_borne_5,2025-04-06 13:44:00,2025-04-06 14:52:00,14.8,walk_in,terminee
session_449,hub_casablanca,hub_casablanca_borne_3,2025-04-06 17:05:00,2025-04-06 17:47:00,13.2,reservee,terminee
session_450,hub_casablanca,hub_casablanca_borne_5,2025-04-06 07:33:00,2025-04-06 08:14:00,9.9,reservee,terminee
session_451,hub_casablanca,hub_casablanca_borne_3,2025-04-06 19:35:00,2025-04-06 20:21:00,32.6,reservee,terminee
session_452,hub_casablanca,hub_casablanca_borne_2,2025-04-07 21:37:00,2025-04-07 22:23:00,37.3,walk_in,terminee
session_453,hub_casablanca,hub_casablanca_borne_5,2025-04-07 18:44:00,2025-04-07 20:12:00,21.1,walk_in,terminee
session_454,hub_casablanca,hub_casablanca_borne_6,2025-04-07 22:52:00,2025-04-07 23:18:00,27.7,walk_in,terminee
session_455,hub_casablanca,hub_casablanca_borne_4,2025-04-07 14:29:00,2025-04-07 15:32:00,10.3,reservee,terminee
session_456,hub_casablanca,hub_casablanca_borne_2,2025-04-08 15:10:00,2025-04-08 16:21:00,20.7,reservee,terminee
session_457,hub_casablanca,hub_casablanca_borne_4,2025-04-08 21:48:00,2025-04-08 22:58:00,35.4,walk_in,terminee
session_458,hub_casablanca,hub_casablanca_borne_3,2025-04-08 12:35:00,2025-04-08 13:13:00,12.8,reservee,terminee
session_459,hub_casablanca,hub_casablanca_borne_3,2025-04-08 16:46:00,2025-04-08 17:59:00,16.1,reservee,terminee
session_460,hub_casablanca,hub_casablanca_borne_3,2025-04-08 21:54:00,2025-04-08 23:15:00,37.1,walk_in,terminee
session_461,hub_casablanca,hub_casablanca_borne_1,2025-04-09 17:15:00,2025-04-09 17:46:00,38.4,reservee,terminee
session_462,hub_casablanca,hub_casablanca_borne_6,2025-04-09 18:37:00,2025-04-09 19:44:00,16.6,walk_in,terminee
session_463,hub_casablanca,hub_casablanca_borne_4,2025-04-09 21:55:00,2025-04-09 22:36:00,13.9,walk_in,terminee
session_464,hub_casablanca,hub_casablanca_borne_4,2025-04-10 16:09:00,2025-04-10 16:52:00,16.6,reservee,terminee
session_465,hub_casablanca,hub_casablanca_borne_5,2025-04-10 20:11:00,2025-04-10 21:08:00,9.5,walk_in,terminee
session_466,hub_casablanca,hub_casablanca_borne_6,2025-04-10 16:53:00,2025-04-10 17:19:00,6.5,walk_in,terminee
session_467,hub_casablanca,hub_casablanca_borne_1,2025-04-10 18:49:00,2025-04-10 19:12:00,32.2,reservee,terminee
session_468,hub_casablanca,hub_casablanca_borne_2,2025-04-11 20:37:00,2025-04-11 21:48:00,29.9,walk_in,terminee
session_469,hub_casablanca,hub_casablanca_borne_3,2025-04-11 15:00:00,2025-04-11 16:01:00,17.4,reservee,terminee
session_470,hub_casablanca,hub_casablanca_borne_2,2025-04-12 12:18:00,2025-04-12 13:46:00,38.8,reservee,terminee
session_471,hub_casablanca,hub_casablanca_borne_4,2025-04-12 16:35:00,2025-04-12 17:43:00,8.4,reservee,terminee
session_472,hub_casablanca,hub_casablanca_borne_1,2025-04-13 13:29:00,2025-04-13 14:54:00,14.0,reservee,terminee
session_473,hub_casablanca,hub_casablanca_borne_1,2025-04-13 11:03:00,2025-04-13 11:28:00,30.4,walk_in,terminee
session_474,hub_casablanca,hub_casablanca_borne_1,2025-04-13 16:11:00,2025-04-13 16:32:00,24.4,walk_in,terminee
session_475,hub_casablanca,hub_casablanca_borne_4,2025-04-13 15:22:00,2025-04-13 16:20:00,8.3,reservee,terminee
session_476,hub_casablanca,hub_casablanca_borne_6,2025-04-13 13:54:00,2025-04-13 15:18:00,27.7,walk_in,terminee
session_477,hub_casablanca,hub_casablanca_borne_4,2025-04-13 11:00:00,2025-04-13 11:24:00,8.8,reservee,terminee
session_478,hub_casablanca,hub_casablanca_borne_3,2025-04-13 17:46:00,2025-04-13 18:47:00,10.1,walk_in,terminee
session_479,hub_casablanca,hub_casablanca_borne_4,2025-04-13 11:00:00,2025-04-13 11:39:00,16.6,reservee,terminee
session_480,hub_casablanca,hub_casablanca_borne_5,2025-04-14 17:28:00,2025-04-14 18:18:00,8.9,reservee,terminee
session_481,hub_casablanca,hub_casablanca_borne_2,2025-04-14 13:09:00,2025-04-14 13:38:00,38.4,reservee,terminee
session_482,hub_casablanca,hub_casablanca_borne_3,2025-04-14 16:52:00,2025-04-14 17:51:00,37.2,reservee,terminee
session_483,hub_casablanca,hub_casablanca_borne_2,2025-04-14 14:32:00,2025-04-14 15:16:00,33.1,walk_in,terminee
session_484,hub_casablanca,hub_casablanca_borne_3,2025-04-14 12:32:00,2025-04-14 13:10:00,22.1,reservee,terminee
session_485,hub_casablanca,hub_casablanca_borne_6,2025-04-15 20:04:00,2025-04-15 21:12:00,7.5,reservee,terminee
session_486,hub_casablanca,hub_casablanca_borne_3,2025-04-15 13:11:00,2025-04-15 14:24:00,38.3,reservee,terminee
session_487,hub_casablanca,hub_casablanca_borne_4,2025-04-15 21:35:00,2025-04-15 22:39:00,29.8,walk_in,terminee
session_488,hub_casablanca,hub_casablanca_borne_5,2025-04-16 16:01:00,2025-04-16 16:40:00,8.3,reservee,terminee
session_489,hub_casablanca,hub_casablanca_borne_3,2025-04-16 18:37:00,2025-04-16 19:26:00,8.2,reservee,terminee
session_490,hub_casablanca,hub_casablanca_borne_3,2025-04-16 14:34:00,2025-04-16 15:28:00,22.0,walk_in,terminee
session_491,hub_casablanca,hub_casablanca_borne_3,2025-04-17 16:18:00,2025-04-17 16:55:00,40.0,walk_in,terminee
session_492,hub_casablanca,hub_casablanca_borne_1,2025-04-17 13:01:00,2025-04-17 14:02:00,7.5,walk_in,terminee
session_493,hub_casablanca,hub_casablanca_borne_2,2025-04-17 16:32:00,2025-04-17 17:35:00,15.2,reservee,terminee
session_494,hub_casablanca,hub_casablanca_borne_5,2025-04-18 18:00:00,2025-04-18 18:50:00,29.8,walk_in,terminee
session_495,hub_casablanca,hub_casablanca_borne_5,2025-04-19 12:21:00,2025-04-19 13:05:00,23.4,walk_in,terminee
session_496,hub_casablanca,hub_casablanca_borne_2,2025-04-19 14:20:00,2025-04-19 15:37:00,10.5,reservee,terminee
session_497,hub_casablanca,hub_casablanca_borne_2,2025-04-19 13:39:00,2025-04-19 14:54:00,25.6,walk_in,terminee
session_498,hub_casablanca,hub_casablanca_borne_3,2025-04-19 12:06:00,2025-04-19 12:28:00,16.5,reservee,terminee
session_499,hub_casablanca,hub_casablanca_borne_6,2025-04-19 11:33:00,2025-04-19 12:26:00,28.7,walk_in,terminee
session_500,hub_casablanca,hub_casablanca_borne_2,2025-04-19 11:34:00,2025-04-19 12:35:00,16.0,reservee,terminee
session_501,hub_casablanca,hub_casablanca_borne_4,2025-04-19 10:38:00,2025-04-19 11:07:00,20.4,walk_in,terminee
session_502,hub_casablanca,hub_casablanca_borne_1,2025-04-19 15:09:00,2025-04-19 16:04:00,19.9,reservee,terminee
session_503,hub_casablanca,hub_casablanca_borne_2,2025-04-20 13:08:00,2025-04-20 14:16:00,39.1,reservee,terminee
session_504,hub_casablanca,hub_casablanca_borne_5,2025-04-20 17:04:00,2025-04-20 17:31:00,29.2,walk_in,terminee
session_505,hub_casablanca,hub_casablanca_borne_5,2025-04-20 16:49:00,2025-04-20 17:45:00,36.8,walk_in,terminee
session_506,hub_casablanca,hub_casablanca_borne_5,2025-04-20 13:14:00,2025-04-20 14:09:00,8.5,walk_in,terminee
session_507,hub_casablanca,hub_casablanca_borne_3,2025-04-20 14:30:00,2025-04-20 14:53:00,15.5,reservee,terminee
session_508,hub_casablanca,hub_casablanca_borne_4,2025-04-20 12:03:00,2025-04-20 13:22:00,35.1,reservee,terminee
session_509,hub_casablanca,hub_casablanca_borne_6,2025-04-20 13:23:00,2025-04-20 13:53:00,23.5,reservee,terminee
session_510,hub_casablanca,hub_casablanca_borne_6,2025-04-20 15:48:00,2025-04-20 16:47:00,24.5,walk_in,terminee
session_511,hub_casablanca,hub_casablanca_borne_4,2025-04-20 12:33:00,2025-04-20 13:16:00,16.3,reservee,terminee
session_512,hub_casablanca,hub_casablanca_borne_4,2025-04-20 14:11:00,2025-04-20 14:33:00,17.8,walk_in,terminee
session_513,hub_casablanca,hub_casablanca_borne_1,2025-04-20 13:40:00,2025-04-20 14:52:00,16.5,walk_in,terminee
session_514,hub_casablanca,hub_casablanca_borne_5,2025-04-21 16:58:00,2025-04-21 18:12:00,37.8,walk_in,terminee
session_515,hub_casablanca,hub_casablanca_borne_1,2025-04-22 22:46:00,2025-04-22 23:06:00,15.1,walk_in,terminee
session_516,hub_casablanca,hub_casablanca_borne_5,2025-04-23 19:24:00,2025-04-23 20:22:00,20.1,walk_in,terminee
session_517,hub_casablanca,hub_casablanca_borne_1,2025-04-23 16:54:00,2025-04-23 17:53:00,20.5,walk_in,terminee
session_518,hub_casablanca,hub_casablanca_borne_6,2025-04-23 14:41:00,2025-04-23 15:53:00,28.7,walk_in,terminee
session_519,hub_casablanca,hub_casablanca_borne_4,2025-04-23 19:29:00,2025-04-23 20:30:00,5.1,walk_in,terminee
session_520,hub_casablanca,hub_casablanca_borne_4,2025-04-23 18:48:00,2025-04-23 19:58:00,31.5,reservee,terminee
session_521,hub_casablanca,hub_casablanca_borne_4,2025-04-24 17:42:00,2025-04-24 18:41:00,22.4,walk_in,terminee
session_522,hub_casablanca,hub_casablanca_borne_5,2025-04-24 19:56:00,2025-04-24 21:05:00,39.6,walk_in,terminee
session_523,hub_casablanca,hub_casablanca_borne_5,2025-04-24 16:44:00,2025-04-24 17:46:00,11.0,reservee,terminee
session_524,hub_casablanca,hub_casablanca_borne_5,2025-04-25 16:06:00,2025-04-25 16:36:00,34.3,reservee,terminee
session_525,hub_casablanca,hub_casablanca_borne_2,2025-04-25 16:00:00,2025-04-25 16:53:00,10.8,walk_in,terminee
session_526,hub_casablanca,hub_casablanca_borne_5,2025-04-25 22:34:00,2025-04-25 23:04:00,15.6,walk_in,terminee
session_527,hub_casablanca,hub_casablanca_borne_3,2025-04-25 20:52:00,2025-04-25 21:27:00,16.6,reservee,terminee
session_528,hub_casablanca,hub_casablanca_borne_3,2025-04-26 15:29:00,2025-04-26 16:53:00,26.8,reservee,terminee
session_529,hub_casablanca,hub_casablanca_borne_2,2025-04-26 17:29:00,2025-04-26 18:52:00,11.5,walk_in,terminee
session_530,hub_casablanca,hub_casablanca_borne_5,2025-04-26 16:28:00,2025-04-26 17:46:00,15.7,walk_in,terminee
session_531,hub_casablanca,hub_casablanca_borne_1,2025-04-26 13:18:00,2025-04-26 14:09:00,16.3,reservee,terminee
session_532,hub_casablanca,hub_casablanca_borne_5,2025-04-26 13:43:00,2025-04-26 14:08:00,31.8,walk_in,terminee
session_533,hub_casablanca,hub_casablanca_borne_1,2025-04-26 13:42:00,2025-04-26 15:06:00,33.0,reservee,terminee
session_534,hub_casablanca,hub_casablanca_borne_3,2025-04-26 13:17:00,2025-04-26 14:33:00,16.5,walk_in,terminee
session_535,hub_casablanca,hub_casablanca_borne_5,2025-04-27 15:07:00,2025-04-27 16:02:00,12.7,walk_in,terminee
session_536,hub_casablanca,hub_casablanca_borne_1,2025-04-27 13:14:00,2025-04-27 13:47:00,12.9,walk_in,terminee
session_537,hub_casablanca,hub_casablanca_borne_3,2025-04-27 10:36:00,2025-04-27 11:58:00,26.1,walk_in,terminee
session_538,hub_casablanca,hub_casablanca_borne_3,2025-04-27 15:18:00,2025-04-27 16:45:00,26.8,reservee,terminee
session_539,hub_casablanca,hub_casablanca_borne_2,2025-04-27 16:49:00,2025-04-27 17:55:00,24.6,walk_in,terminee
session_540,hub_casablanca,hub_casablanca_borne_5,2025-04-27 13:11:00,2025-04-27 13:38:00,38.8,reservee,terminee
session_541,hub_casablanca,hub_casablanca_borne_5,2025-04-28 21:12:00,2025-04-28 22:28:00,23.7,reservee,terminee
session_542,hub_casablanca,hub_casablanca_borne_1,2025-04-28 19:10:00,2025-04-28 19:33:00,31.5,reservee,terminee
session_543,hub_casablanca,hub_casablanca_borne_6,2025-04-29 19:11:00,2025-04-29 19:53:00,7.9,reservee,terminee
session_544,hub_casablanca,hub_casablanca_borne_3,2025-04-29 17:03:00,2025-04-29 17:37:00,36.8,walk_in,terminee
session_545,hub_casablanca,hub_casablanca_borne_6,2025-04-29 19:14:00,2025-04-29 20:03:00,12.4,reservee,terminee
session_546,hub_casablanca,hub_casablanca_borne_3,2025-04-29 18:21:00,2025-04-29 19:23:00,15.4,reservee,terminee
session_547,hub_casablanca,hub_casablanca_borne_5,2025-04-30 22:10:00,2025-04-30 22:59:00,22.0,reservee,terminee
session_548,hub_casablanca,hub_casablanca_borne_1,2025-04-30 22:56:00,2025-04-30 23:59:00,18.3,reservee,terminee
session_549,hub_casablanca,hub_casablanca_borne_2,2025-04-30 13:05:00,2025-04-30 14:02:00,31.3,reservee,terminee
session_550,hub_casablanca,hub_casablanca_borne_2,2025-04-30 16:01:00,2025-04-30 16:51:00,35.9,reservee,terminee
session_551,hub_casablanca,hub_casablanca_borne_2,2025-04-30 20:40:00,2025-04-30 21:04:00,10.4,reservee,terminee
session_552,hub_casablanca,hub_casablanca_borne_5,2025-05-01 14:25:00,2025-05-01 15:42:00,33.0,walk_in,terminee
session_553,hub_casablanca,hub_casablanca_borne_3,2025-05-01 13:41:00,2025-05-01 14:53:00,37.8,walk_in,terminee
session_554,hub_casablanca,hub_casablanca_borne_4,2025-05-01 22:09:00,2025-05-01 23:37:00,13.9,walk_in,terminee
session_555,hub_casablanca,hub_casablanca_borne_5,2025-05-01 18:26:00,2025-05-01 19:00:00,11.6,walk_in,terminee
session_556,hub_casablanca,hub_casablanca_borne_4,2025-05-01 22:42:00,2025-05-01 23:19:00,35.7,reservee,terminee
session_557,hub_casablanca,hub_casablanca_borne_4,2025-05-01 16:05:00,2025-05-01 17:00:00,20.8,walk_in,terminee
session_558,hub_casablanca,hub_casablanca_borne_3,2025-05-01 12:15:00,2025-05-01 12:54:00,37.5,reservee,terminee
session_559,hub_casablanca,hub_casablanca_borne_3,2025-05-01 12:19:00,2025-05-01 12:45:00,13.7,reservee,terminee
session_560,hub_casablanca,hub_casablanca_borne_5,2025-05-01 18:19:00,2025-05-01 19:25:00,27.1,walk_in,terminee
session_561,hub_casablanca,hub_casablanca_borne_3,2025-05-01 14:40:00,2025-05-01 15:57:00,32.7,reservee,terminee
session_562,hub_casablanca,hub_casablanca_borne_5,2025-05-01 20:44:00,2025-05-01 22:11:00,8.0,walk_in,terminee
session_563,hub_casablanca,hub_casablanca_borne_4,2025-05-01 15:13:00,2025-05-01 16:09:00,37.5,walk_in,terminee
session_564,hub_casablanca,hub_casablanca_borne_1,2025-05-01 15:41:00,2025-05-01 16:16:00,16.4,reservee,terminee
session_565,hub_casablanca,hub_casablanca_borne_2,2025-05-02 17:00:00,2025-05-02 17:34:00,15.9,reservee,terminee
session_566,hub_casablanca,hub_casablanca_borne_1,2025-05-02 19:39:00,2025-05-02 20:43:00,37.7,walk_in,terminee
session_567,hub_casablanca,hub_casablanca_borne_2,2025-05-02 20:08:00,2025-05-02 21:07:00,7.2,reservee,terminee
session_568,hub_casablanca,hub_casablanca_borne_3,2025-05-02 18:16:00,2025-05-02 19:24:00,34.4,walk_in,terminee
session_569,hub_casablanca,hub_casablanca_borne_2,2025-05-02 18:31:00,2025-05-02 18:53:00,30.3,reservee,terminee
session_570,hub_casablanca,hub_casablanca_borne_2,2025-05-03 17:02:00,2025-05-03 18:17:00,14.9,walk_in,terminee
session_571,hub_casablanca,hub_casablanca_borne_3,2025-05-03 13:38:00,2025-05-03 14:40:00,38.6,reservee,terminee
session_572,hub_casablanca,hub_casablanca_borne_5,2025-05-03 15:13:00,2025-05-03 15:52:00,19.8,reservee,terminee
session_573,hub_casablanca,hub_casablanca_borne_1,2025-05-03 15:23:00,2025-05-03 16:25:00,12.7,walk_in,terminee
session_574,hub_casablanca,hub_casablanca_borne_3,2025-05-03 16:04:00,2025-05-03 16:56:00,6.0,walk_in,terminee
session_575,hub_casablanca,hub_casablanca_borne_1,2025-05-03 17:56:00,2025-05-03 18:38:00,24.7,reservee,terminee
session_576,hub_casablanca,hub_casablanca_borne_4,2025-05-03 15:21:00,2025-05-03 15:55:00,8.9,reservee,terminee
session_577,hub_casablanca,hub_casablanca_borne_5,2025-05-03 10:24:00,2025-05-03 10:44:00,38.4,reservee,terminee
session_578,hub_casablanca,hub_casablanca_borne_3,2025-05-04 13:39:00,2025-05-04 14:35:00,23.3,walk_in,terminee
session_579,hub_casablanca,hub_casablanca_borne_3,2025-05-04 06:18:00,2025-05-04 07:06:00,9.7,reservee,terminee
session_580,hub_casablanca,hub_casablanca_borne_1,2025-05-04 13:41:00,2025-05-04 14:38:00,18.1,walk_in,terminee
session_581,hub_casablanca,hub_casablanca_borne_1,2025-05-04 11:51:00,2025-05-04 12:49:00,33.7,reservee,terminee
session_582,hub_casablanca,hub_casablanca_borne_3,2025-05-04 17:22:00,2025-05-04 18:09:00,15.7,reservee,terminee
session_583,hub_casablanca,hub_casablanca_borne_2,2025-05-04 16:38:00,2025-05-04 17:28:00,12.6,walk_in,terminee
session_584,hub_casablanca,hub_casablanca_borne_3,2025-05-04 13:12:00,2025-05-04 14:11:00,23.8,walk_in,terminee
session_585,hub_casablanca,hub_casablanca_borne_5,2025-05-04 13:53:00,2025-05-04 14:50:00,25.5,reservee,terminee
session_586,hub_casablanca,hub_casablanca_borne_1,2025-05-04 19:15:00,2025-05-04 19:58:00,27.7,reservee,terminee
session_587,hub_casablanca,hub_casablanca_borne_2,2025-05-05 19:11:00,2025-05-05 20:13:00,11.2,walk_in,terminee
session_588,hub_casablanca,hub_casablanca_borne_2,2025-05-06 14:55:00,2025-05-06 16:05:00,7.4,reservee,terminee
session_589,hub_casablanca,hub_casablanca_borne_4,2025-05-06 14:55:00,2025-05-06 15:22:00,18.9,reservee,terminee
session_590,hub_casablanca,hub_casablanca_borne_1,2025-05-06 14:16:00,2025-05-06 15:00:00,8.2,reservee,terminee
session_591,hub_casablanca,hub_casablanca_borne_4,2025-05-07 14:08:00,2025-05-07 15:04:00,11.9,reservee,terminee
session_592,hub_casablanca,hub_casablanca_borne_2,2025-05-07 15:08:00,2025-05-07 16:02:00,27.8,reservee,terminee
session_593,hub_casablanca,hub_casablanca_borne_4,2025-05-08 19:27:00,2025-05-08 20:56:00,39.9,walk_in,terminee
session_594,hub_casablanca,hub_casablanca_borne_3,2025-05-08 19:19:00,2025-05-08 19:55:00,5.5,reservee,terminee
session_595,hub_casablanca,hub_casablanca_borne_6,2025-05-08 22:20:00,2025-05-08 22:52:00,30.1,reservee,terminee
session_596,hub_casablanca,hub_casablanca_borne_6,2025-05-08 22:31:00,2025-05-08 23:03:00,22.3,reservee,terminee
session_597,hub_casablanca,hub_casablanca_borne_5,2025-05-09 18:02:00,2025-05-09 19:01:00,24.2,reservee,terminee
session_598,hub_casablanca,hub_casablanca_borne_3,2025-05-09 20:42:00,2025-05-09 21:17:00,11.8,reservee,terminee
session_599,hub_casablanca,hub_casablanca_borne_4,2025-05-09 20:46:00,2025-05-09 22:12:00,27.8,walk_in,terminee
session_600,hub_casablanca,hub_casablanca_borne_3,2025-05-10 17:22:00,2025-05-10 18:39:00,20.5,walk_in,terminee
session_601,hub_casablanca,hub_casablanca_borne_3,2025-05-10 13:54:00,2025-05-10 14:47:00,14.1,reservee,terminee
session_602,hub_casablanca,hub_casablanca_borne_2,2025-05-10 16:42:00,2025-05-10 18:08:00,28.4,reservee,terminee
session_603,hub_casablanca,hub_casablanca_borne_1,2025-05-10 11:48:00,2025-05-10 13:07:00,15.3,walk_in,terminee
session_604,hub_casablanca,hub_casablanca_borne_3,2025-05-10 11:57:00,2025-05-10 13:06:00,10.7,reservee,terminee
session_605,hub_casablanca,hub_casablanca_borne_6,2025-05-10 09:46:00,2025-05-10 10:25:00,29.3,walk_in,terminee
session_606,hub_casablanca,hub_casablanca_borne_2,2025-05-10 14:38:00,2025-05-10 15:27:00,11.1,reservee,terminee
session_607,hub_casablanca,hub_casablanca_borne_1,2025-05-11 17:18:00,2025-05-11 18:15:00,37.3,reservee,terminee
session_608,hub_casablanca,hub_casablanca_borne_4,2025-05-11 15:10:00,2025-05-11 15:37:00,31.8,walk_in,terminee
session_609,hub_casablanca,hub_casablanca_borne_3,2025-05-11 10:12:00,2025-05-11 10:54:00,25.7,walk_in,terminee
session_610,hub_casablanca,hub_casablanca_borne_5,2025-05-11 13:17:00,2025-05-11 14:23:00,24.6,reservee,terminee
session_611,hub_casablanca,hub_casablanca_borne_3,2025-05-11 15:05:00,2025-05-11 16:14:00,30.5,walk_in,terminee
session_612,hub_casablanca,hub_casablanca_borne_4,2025-05-11 18:48:00,2025-05-11 20:01:00,22.5,walk_in,terminee
session_613,hub_casablanca,hub_casablanca_borne_5,2025-05-12 17:22:00,2025-05-12 18:51:00,10.3,reservee,terminee
session_614,hub_casablanca,hub_casablanca_borne_3,2025-05-12 15:53:00,2025-05-12 17:04:00,26.9,reservee,terminee
session_615,hub_casablanca,hub_casablanca_borne_5,2025-05-12 17:30:00,2025-05-12 17:51:00,22.6,walk_in,terminee
session_616,hub_casablanca,hub_casablanca_borne_5,2025-05-12 17:23:00,2025-05-12 18:20:00,6.2,reservee,terminee
session_617,hub_casablanca,hub_casablanca_borne_1,2025-05-12 20:15:00,2025-05-12 20:37:00,29.2,reservee,terminee
session_618,hub_casablanca,hub_casablanca_borne_3,2025-05-12 20:27:00,2025-05-12 21:27:00,5.2,walk_in,terminee
session_619,hub_casablanca,hub_casablanca_borne_1,2025-05-13 18:16:00,2025-05-13 19:36:00,18.9,walk_in,terminee
session_620,hub_casablanca,hub_casablanca_borne_2,2025-05-13 17:23:00,2025-05-13 18:20:00,21.1,walk_in,terminee
session_621,hub_casablanca,hub_casablanca_borne_6,2025-05-14 15:28:00,2025-05-14 16:52:00,33.2,reservee,terminee
session_622,hub_casablanca,hub_casablanca_borne_1,2025-05-14 15:29:00,2025-05-14 15:54:00,30.3,reservee,terminee
session_623,hub_casablanca,hub_casablanca_borne_5,2025-05-14 20:16:00,2025-05-14 21:12:00,9.1,walk_in,terminee
session_624,hub_casablanca,hub_casablanca_borne_2,2025-05-14 22:12:00,2025-05-14 23:28:00,8.7,walk_in,terminee
session_625,hub_casablanca,hub_casablanca_borne_5,2025-05-14 22:44:00,2025-05-14 23:17:00,7.2,reservee,terminee
session_626,hub_casablanca,hub_casablanca_borne_2,2025-05-14 15:21:00,2025-05-14 16:12:00,9.0,reservee,terminee
session_627,hub_casablanca,hub_casablanca_borne_3,2025-05-14 15:40:00,2025-05-14 16:04:00,39.2,walk_in,terminee
session_628,hub_casablanca,hub_casablanca_borne_2,2025-05-14 17:19:00,2025-05-14 17:49:00,12.6,walk_in,terminee
session_629,hub_casablanca,hub_casablanca_borne_5,2025-05-14 21:10:00,2025-05-14 22:08:00,14.0,walk_in,terminee
session_630,hub_casablanca,hub_casablanca_borne_1,2025-05-14 22:45:00,2025-05-14 23:09:00,11.0,reservee,terminee
session_631,hub_casablanca,hub_casablanca_borne_2,2025-05-15 12:01:00,2025-05-15 12:34:00,33.0,reservee,terminee
session_632,hub_casablanca,hub_casablanca_borne_1,2025-05-15 16:31:00,2025-05-15 17:50:00,7.5,reservee,terminee
session_633,hub_casablanca,hub_casablanca_borne_3,2025-05-15 14:56:00,2025-05-15 15:35:00,38.6,walk_in,terminee
session_634,hub_casablanca,hub_casablanca_borne_2,2025-05-15 14:40:00,2025-05-15 15:35:00,19.8,walk_in,terminee
session_635,hub_casablanca,hub_casablanca_borne_5,2025-05-15 19:44:00,2025-05-15 21:13:00,21.7,walk_in,terminee
session_636,hub_casablanca,hub_casablanca_borne_6,2025-05-15 16:02:00,2025-05-15 16:50:00,35.0,reservee,terminee
session_637,hub_casablanca,hub_casablanca_borne_1,2025-05-15 21:00:00,2025-05-15 21:44:00,26.5,reservee,terminee
session_638,hub_casablanca,hub_casablanca_borne_6,2025-05-15 19:53:00,2025-05-15 20:28:00,39.8,walk_in,terminee
session_639,hub_casablanca,hub_casablanca_borne_2,2025-05-16 14:34:00,2025-05-16 15:50:00,19.1,reservee,terminee
session_640,hub_casablanca,hub_casablanca_borne_4,2025-05-17 14:32:00,2025-05-17 15:16:00,37.9,walk_in,terminee
session_641,hub_casablanca,hub_casablanca_borne_3,2025-05-17 14:47:00,2025-05-17 15:25:00,33.7,reservee,terminee
session_642,hub_casablanca,hub_casablanca_borne_4,2025-05-17 17:46:00,2025-05-17 19:05:00,18.9,walk_in,terminee
session_643,hub_casablanca,hub_casablanca_borne_2,2025-05-17 15:36:00,2025-05-17 16:00:00,12.1,reservee,terminee
session_644,hub_casablanca,hub_casablanca_borne_1,2025-05-17 19:49:00,2025-05-17 21:13:00,8.6,walk_in,terminee
session_645,hub_casablanca,hub_casablanca_borne_6,2025-05-17 11:27:00,2025-05-17 12:45:00,7.5,reservee,terminee
session_646,hub_casablanca,hub_casablanca_borne_1,2025-05-18 10:56:00,2025-05-18 12:09:00,35.7,reservee,terminee
session_647,hub_casablanca,hub_casablanca_borne_3,2025-05-18 15:10:00,2025-05-18 15:34:00,28.0,reservee,terminee
session_648,hub_casablanca,hub_casablanca_borne_6,2025-05-18 08:56:00,2025-05-18 09:37:00,22.0,walk_in,terminee
session_649,hub_casablanca,hub_casablanca_borne_4,2025-05-18 18:31:00,2025-05-18 19:37:00,39.3,walk_in,terminee
session_650,hub_casablanca,hub_casablanca_borne_1,2025-05-18 16:34:00,2025-05-18 17:04:00,20.1,reservee,terminee
session_651,hub_casablanca,hub_casablanca_borne_2,2025-05-19 14:10:00,2025-05-19 15:20:00,11.8,walk_in,terminee
session_652,hub_casablanca,hub_casablanca_borne_1,2025-05-19 17:18:00,2025-05-19 17:53:00,21.5,walk_in,terminee
session_653,hub_casablanca,hub_casablanca_borne_4,2025-05-20 15:44:00,2025-05-20 16:40:00,27.9,reservee,terminee
session_654,hub_casablanca,hub_casablanca_borne_3,2025-05-20 21:44:00,2025-05-20 22:14:00,32.2,walk_in,terminee
session_655,hub_casablanca,hub_casablanca_borne_4,2025-05-20 22:01:00,2025-05-20 22:40:00,21.4,reservee,terminee
session_656,hub_casablanca,hub_casablanca_borne_6,2025-05-20 18:51:00,2025-05-20 19:22:00,18.0,reservee,terminee
session_657,hub_casablanca,hub_casablanca_borne_4,2025-05-21 18:00:00,2025-05-21 18:55:00,15.7,reservee,terminee
session_658,hub_casablanca,hub_casablanca_borne_4,2025-05-21 22:34:00,2025-05-21 23:20:00,11.5,reservee,terminee
session_659,hub_casablanca,hub_casablanca_borne_1,2025-05-21 15:01:00,2025-05-21 15:42:00,36.6,walk_in,terminee
session_660,hub_casablanca,hub_casablanca_borne_3,2025-05-21 22:33:00,2025-05-21 23:51:00,13.3,reservee,terminee
session_661,hub_casablanca,hub_casablanca_borne_5,2025-05-22 16:51:00,2025-05-22 18:14:00,8.8,reservee,terminee
session_662,hub_casablanca,hub_casablanca_borne_3,2025-05-23 15:57:00,2025-05-23 17:02:00,28.1,reservee,terminee
session_663,hub_casablanca,hub_casablanca_borne_5,2025-05-23 14:08:00,2025-05-23 15:08:00,6.6,walk_in,terminee
session_664,hub_casablanca,hub_casablanca_borne_3,2025-05-24 12:58:00,2025-05-24 13:34:00,36.7,reservee,terminee
session_665,hub_casablanca,hub_casablanca_borne_6,2025-05-24 13:02:00,2025-05-24 13:56:00,27.9,reservee,terminee
session_666,hub_casablanca,hub_casablanca_borne_2,2025-05-24 16:57:00,2025-05-24 17:49:00,27.3,walk_in,terminee
session_667,hub_casablanca,hub_casablanca_borne_5,2025-05-24 10:51:00,2025-05-24 11:30:00,32.2,reservee,terminee
session_668,hub_casablanca,hub_casablanca_borne_2,2025-05-24 12:30:00,2025-05-24 13:49:00,39.9,reservee,terminee
session_669,hub_casablanca,hub_casablanca_borne_5,2025-05-25 12:36:00,2025-05-25 13:28:00,9.6,reservee,terminee
session_670,hub_casablanca,hub_casablanca_borne_3,2025-05-25 18:44:00,2025-05-25 19:26:00,25.6,reservee,terminee
session_671,hub_casablanca,hub_casablanca_borne_6,2025-05-25 13:07:00,2025-05-25 13:34:00,15.5,reservee,terminee
session_672,hub_casablanca,hub_casablanca_borne_2,2025-05-25 13:14:00,2025-05-25 13:39:00,19.5,walk_in,terminee
session_673,hub_casablanca,hub_casablanca_borne_6,2025-05-25 18:43:00,2025-05-25 19:42:00,30.3,walk_in,terminee
session_674,hub_casablanca,hub_casablanca_borne_2,2025-05-25 16:45:00,2025-05-25 17:27:00,27.9,reservee,terminee
session_675,hub_casablanca,hub_casablanca_borne_1,2025-05-26 22:02:00,2025-05-26 22:24:00,39.6,reservee,terminee
session_676,hub_casablanca,hub_casablanca_borne_3,2025-05-26 18:57:00,2025-05-26 19:34:00,30.4,reservee,terminee
session_677,hub_casablanca,hub_casablanca_borne_1,2025-05-26 14:40:00,2025-05-26 15:00:00,28.7,reservee,terminee
session_678,hub_casablanca,hub_casablanca_borne_5,2025-05-26 17:42:00,2025-05-26 18:03:00,29.6,walk_in,terminee
session_679,hub_casablanca,hub_casablanca_borne_4,2025-05-27 19:44:00,2025-05-27 20:06:00,24.4,reservee,terminee
session_680,hub_casablanca,hub_casablanca_borne_2,2025-05-27 17:09:00,2025-05-27 17:54:00,34.7,reservee,terminee
session_681,hub_casablanca,hub_casablanca_borne_4,2025-05-27 15:04:00,2025-05-27 15:58:00,7.6,walk_in,terminee
session_682,hub_casablanca,hub_casablanca_borne_5,2025-05-28 14:11:00,2025-05-28 14:45:00,39.2,reservee,terminee
session_683,hub_casablanca,hub_casablanca_borne_4,2025-05-28 15:19:00,2025-05-28 16:06:00,26.8,walk_in,terminee
session_684,hub_casablanca,hub_casablanca_borne_6,2025-05-28 18:41:00,2025-05-28 19:23:00,35.0,reservee,terminee
session_685,hub_casablanca,hub_casablanca_borne_5,2025-05-28 20:57:00,2025-05-28 22:17:00,15.6,walk_in,terminee
session_686,hub_casablanca,hub_casablanca_borne_3,2025-05-28 19:16:00,2025-05-28 19:45:00,24.2,reservee,terminee
session_687,hub_casablanca,hub_casablanca_borne_4,2025-05-28 18:12:00,2025-05-28 19:37:00,27.4,walk_in,terminee
session_688,hub_casablanca,hub_casablanca_borne_1,2025-05-28 14:11:00,2025-05-28 14:49:00,14.6,reservee,terminee
session_689,hub_casablanca,hub_casablanca_borne_1,2025-05-28 14:16:00,2025-05-28 15:21:00,6.9,reservee,terminee
session_690,hub_casablanca,hub_casablanca_borne_5,2025-05-28 18:13:00,2025-05-28 18:47:00,5.0,reservee,terminee
session_691,hub_casablanca,hub_casablanca_borne_2,2025-05-29 14:54:00,2025-05-29 15:29:00,15.9,reservee,terminee
session_692,hub_casablanca,hub_casablanca_borne_6,2025-05-30 17:51:00,2025-05-30 19:12:00,8.8,reservee,terminee
session_693,hub_casablanca,hub_casablanca_borne_3,2025-05-30 15:40:00,2025-05-30 17:04:00,20.9,reservee,terminee
session_694,hub_casablanca,hub_casablanca_borne_4,2025-05-31 14:16:00,2025-05-31 15:22:00,10.0,reservee,terminee
session_695,hub_casablanca,hub_casablanca_borne_3,2025-05-31 14:04:00,2025-05-31 15:25:00,38.0,reservee,terminee
session_696,hub_casablanca,hub_casablanca_borne_5,2025-05-31 18:58:00,2025-05-31 19:42:00,15.0,reservee,terminee
session_697,hub_casablanca,hub_casablanca_borne_5,2025-05-31 17:42:00,2025-05-31 18:35:00,13.6,walk_in,terminee
session_698,hub_casablanca,hub_casablanca_borne_6,2025-05-31 12:39:00,2025-05-31 13:27:00,21.7,reservee,terminee
session_699,hub_casablanca,hub_casablanca_borne_2,2025-05-31 15:57:00,2025-05-31 16:48:00,17.0,reservee,terminee
session_700,hub_casablanca,hub_casablanca_borne_1,2025-06-01 16:36:00,2025-06-01 17:59:00,24.8,reservee,terminee
session_701,hub_casablanca,hub_casablanca_borne_2,2025-06-01 19:34:00,2025-06-01 20:29:00,10.2,reservee,terminee
session_702,hub_casablanca,hub_casablanca_borne_4,2025-06-01 14:36:00,2025-06-01 15:00:00,16.8,walk_in,terminee
session_703,hub_casablanca,hub_casablanca_borne_3,2025-06-02 09:53:00,2025-06-02 11:05:00,28.9,reservee,terminee
session_704,hub_casablanca,hub_casablanca_borne_1,2025-06-02 18:12:00,2025-06-02 18:47:00,32.3,reservee,terminee
session_705,hub_casablanca,hub_casablanca_borne_6,2025-06-02 20:02:00,2025-06-02 20:53:00,26.6,walk_in,terminee
session_706,hub_casablanca,hub_casablanca_borne_1,2025-06-02 14:31:00,2025-06-02 15:16:00,21.9,walk_in,terminee
session_707,hub_casablanca,hub_casablanca_borne_2,2025-06-02 16:24:00,2025-06-02 17:53:00,7.3,walk_in,terminee
session_708,hub_casablanca,hub_casablanca_borne_4,2025-06-03 20:41:00,2025-06-03 21:46:00,18.9,reservee,terminee
session_709,hub_casablanca,hub_casablanca_borne_5,2025-06-03 15:00:00,2025-06-03 15:25:00,20.1,reservee,terminee
session_710,hub_casablanca,hub_casablanca_borne_2,2025-06-03 19:18:00,2025-06-03 20:47:00,37.1,reservee,terminee
session_711,hub_casablanca,hub_casablanca_borne_1,2025-06-03 20:51:00,2025-06-03 21:33:00,31.2,reservee,terminee
session_712,hub_casablanca,hub_casablanca_borne_5,2025-06-03 19:00:00,2025-06-03 19:39:00,38.4,reservee,terminee
session_713,hub_casablanca,hub_casablanca_borne_4,2025-06-03 20:11:00,2025-06-03 21:04:00,34.5,walk_in,terminee
session_714,hub_casablanca,hub_casablanca_borne_3,2025-06-04 15:48:00,2025-06-04 16:59:00,19.3,reservee,terminee
session_715,hub_casablanca,hub_casablanca_borne_3,2025-06-05 17:13:00,2025-06-05 18:08:00,23.9,reservee,terminee
session_716,hub_casablanca,hub_casablanca_borne_5,2025-06-05 18:39:00,2025-06-05 19:48:00,19.4,reservee,terminee
session_717,hub_casablanca,hub_casablanca_borne_1,2025-06-05 15:24:00,2025-06-05 16:39:00,36.8,reservee,terminee
session_718,hub_casablanca,hub_casablanca_borne_2,2025-06-05 16:43:00,2025-06-05 17:26:00,33.9,reservee,terminee
session_719,hub_casablanca,hub_casablanca_borne_4,2025-06-05 18:07:00,2025-06-05 18:37:00,35.8,reservee,terminee
session_720,hub_casablanca,hub_casablanca_borne_2,2025-06-05 21:23:00,2025-06-05 22:04:00,9.8,walk_in,terminee
session_721,hub_casablanca,hub_casablanca_borne_5,2025-06-06 16:07:00,2025-06-06 16:33:00,38.2,reservee,terminee
session_722,hub_casablanca,hub_casablanca_borne_4,2025-06-06 17:16:00,2025-06-06 18:11:00,36.0,reservee,terminee
session_723,hub_casablanca,hub_casablanca_borne_2,2025-06-06 18:39:00,2025-06-06 19:07:00,15.3,reservee,terminee
session_724,hub_casablanca,hub_casablanca_borne_3,2025-06-07 12:22:00,2025-06-07 13:07:00,10.2,reservee,terminee
session_725,hub_casablanca,hub_casablanca_borne_1,2025-06-07 17:20:00,2025-06-07 18:40:00,34.6,reservee,terminee
session_726,hub_casablanca,hub_casablanca_borne_5,2025-06-07 14:58:00,2025-06-07 15:33:00,14.8,reservee,terminee
session_727,hub_casablanca,hub_casablanca_borne_4,2025-06-07 13:40:00,2025-06-07 14:33:00,12.7,reservee,terminee
session_728,hub_casablanca,hub_casablanca_borne_6,2025-06-07 12:29:00,2025-06-07 13:09:00,11.3,walk_in,terminee
session_729,hub_casablanca,hub_casablanca_borne_3,2025-06-07 09:33:00,2025-06-07 10:54:00,9.3,walk_in,terminee
session_730,hub_casablanca,hub_casablanca_borne_2,2025-06-07 06:27:00,2025-06-07 07:14:00,37.9,reservee,terminee
session_731,hub_casablanca,hub_casablanca_borne_3,2025-06-08 16:20:00,2025-06-08 16:55:00,22.0,walk_in,terminee
session_732,hub_casablanca,hub_casablanca_borne_2,2025-06-08 13:37:00,2025-06-08 14:52:00,13.8,walk_in,terminee
session_733,hub_casablanca,hub_casablanca_borne_3,2025-06-08 14:21:00,2025-06-08 15:31:00,27.1,reservee,terminee
session_734,hub_casablanca,hub_casablanca_borne_6,2025-06-08 12:35:00,2025-06-08 14:03:00,23.6,walk_in,terminee
session_735,hub_casablanca,hub_casablanca_borne_2,2025-06-08 12:46:00,2025-06-08 13:51:00,29.2,reservee,terminee
session_736,hub_casablanca,hub_casablanca_borne_5,2025-06-08 08:57:00,2025-06-08 09:32:00,13.3,walk_in,terminee
session_737,hub_casablanca,hub_casablanca_borne_1,2025-06-08 07:21:00,2025-06-08 08:31:00,10.6,reservee,terminee
session_738,hub_casablanca,hub_casablanca_borne_3,2025-06-08 09:13:00,2025-06-08 09:33:00,18.0,reservee,terminee
session_739,hub_casablanca,hub_casablanca_borne_1,2025-06-09 17:18:00,2025-06-09 18:39:00,25.4,reservee,terminee
session_740,hub_casablanca,hub_casablanca_borne_3,2025-06-09 13:47:00,2025-06-09 15:10:00,36.9,reservee,terminee
session_741,hub_casablanca,hub_casablanca_borne_3,2025-06-10 15:37:00,2025-06-10 16:10:00,37.2,reservee,terminee
session_742,hub_casablanca,hub_casablanca_borne_1,2025-06-10 14:41:00,2025-06-10 15:25:00,25.8,reservee,terminee
session_743,hub_casablanca,hub_casablanca_borne_4,2025-06-11 14:39:00,2025-06-11 15:52:00,10.8,reservee,terminee
session_744,hub_casablanca,hub_casablanca_borne_3,2025-06-11 16:38:00,2025-06-11 17:47:00,19.1,reservee,terminee
session_745,hub_casablanca,hub_casablanca_borne_6,2025-06-11 19:12:00,2025-06-11 20:22:00,11.9,reservee,terminee
session_746,hub_casablanca,hub_casablanca_borne_4,2025-06-12 20:34:00,2025-06-12 20:55:00,5.3,walk_in,terminee
session_747,hub_casablanca,hub_casablanca_borne_5,2025-06-12 19:30:00,2025-06-12 20:33:00,11.9,walk_in,terminee
session_748,hub_casablanca,hub_casablanca_borne_2,2025-06-12 17:45:00,2025-06-12 18:21:00,10.3,reservee,terminee
session_749,hub_casablanca,hub_casablanca_borne_6,2025-06-12 18:14:00,2025-06-12 19:43:00,13.0,walk_in,terminee
session_750,hub_casablanca,hub_casablanca_borne_1,2025-06-12 22:13:00,2025-06-12 23:02:00,24.5,reservee,terminee
session_751,hub_casablanca,hub_casablanca_borne_4,2025-06-12 19:16:00,2025-06-12 20:14:00,24.2,walk_in,terminee
session_752,hub_casablanca,hub_casablanca_borne_1,2025-06-12 15:09:00,2025-06-12 15:50:00,10.1,walk_in,terminee
session_753,hub_casablanca,hub_casablanca_borne_3,2025-06-12 17:36:00,2025-06-12 18:21:00,14.7,reservee,terminee
session_754,hub_casablanca,hub_casablanca_borne_2,2025-06-12 21:26:00,2025-06-12 22:21:00,39.5,reservee,terminee
session_755,hub_casablanca,hub_casablanca_borne_4,2025-06-13 16:24:00,2025-06-13 16:47:00,37.7,reservee,terminee
session_756,hub_casablanca,hub_casablanca_borne_5,2025-06-13 16:55:00,2025-06-13 17:35:00,19.4,walk_in,terminee
session_757,hub_casablanca,hub_casablanca_borne_6,2025-06-13 13:21:00,2025-06-13 14:50:00,24.4,walk_in,terminee
session_758,hub_casablanca,hub_casablanca_borne_4,2025-06-13 19:50:00,2025-06-13 20:49:00,15.3,reservee,terminee
session_759,hub_casablanca,hub_casablanca_borne_2,2025-06-14 09:44:00,2025-06-14 11:09:00,9.1,walk_in,terminee
session_760,hub_casablanca,hub_casablanca_borne_4,2025-06-14 12:03:00,2025-06-14 12:58:00,26.8,reservee,terminee
session_761,hub_casablanca,hub_casablanca_borne_1,2025-06-14 13:32:00,2025-06-14 14:30:00,6.5,reservee,terminee
session_762,hub_casablanca,hub_casablanca_borne_2,2025-06-14 15:57:00,2025-06-14 16:37:00,11.1,reservee,terminee
session_763,hub_casablanca,hub_casablanca_borne_6,2025-06-14 09:51:00,2025-06-14 10:46:00,6.9,reservee,terminee
session_764,hub_casablanca,hub_casablanca_borne_2,2025-06-14 12:36:00,2025-06-14 13:35:00,16.2,walk_in,terminee
session_765,hub_casablanca,hub_casablanca_borne_5,2025-06-14 12:49:00,2025-06-14 14:11:00,21.9,walk_in,terminee
session_766,hub_casablanca,hub_casablanca_borne_2,2025-06-15 13:19:00,2025-06-15 14:20:00,20.9,reservee,terminee
session_767,hub_casablanca,hub_casablanca_borne_2,2025-06-15 09:55:00,2025-06-15 10:23:00,19.5,walk_in,terminee
session_768,hub_casablanca,hub_casablanca_borne_5,2025-06-15 07:44:00,2025-06-15 08:12:00,16.6,walk_in,terminee
session_769,hub_casablanca,hub_casablanca_borne_2,2025-06-15 13:49:00,2025-06-15 14:12:00,11.1,reservee,terminee
session_770,hub_casablanca,hub_casablanca_borne_2,2025-06-17 14:03:00,2025-06-17 15:23:00,5.8,reservee,terminee
session_771,hub_casablanca,hub_casablanca_borne_1,2025-06-17 19:33:00,2025-06-17 20:35:00,28.9,reservee,terminee
session_772,hub_casablanca,hub_casablanca_borne_5,2025-06-17 17:57:00,2025-06-17 18:48:00,17.1,walk_in,terminee
session_773,hub_casablanca,hub_casablanca_borne_3,2025-06-17 19:15:00,2025-06-17 19:47:00,11.0,reservee,terminee
session_774,hub_casablanca,hub_casablanca_borne_2,2025-06-18 20:04:00,2025-06-18 20:29:00,20.8,reservee,terminee
session_775,hub_casablanca,hub_casablanca_borne_3,2025-06-19 17:07:00,2025-06-19 17:34:00,24.6,reservee,terminee
session_776,hub_casablanca,hub_casablanca_borne_1,2025-06-19 22:26:00,2025-06-19 22:55:00,5.2,reservee,terminee
session_777,hub_casablanca,hub_casablanca_borne_5,2025-06-19 20:47:00,2025-06-19 22:11:00,19.2,reservee,terminee
session_778,hub_casablanca,hub_casablanca_borne_5,2025-06-19 18:10:00,2025-06-19 18:37:00,20.3,reservee,terminee
session_779,hub_casablanca,hub_casablanca_borne_6,2025-06-19 17:17:00,2025-06-19 17:58:00,14.1,reservee,terminee
session_780,hub_casablanca,hub_casablanca_borne_4,2025-06-20 19:28:00,2025-06-20 19:52:00,14.0,walk_in,terminee
session_781,hub_casablanca,hub_casablanca_borne_4,2025-06-20 18:51:00,2025-06-20 19:53:00,19.8,reservee,terminee
session_782,hub_casablanca,hub_casablanca_borne_2,2025-06-21 17:51:00,2025-06-21 19:15:00,22.2,walk_in,terminee
session_783,hub_casablanca,hub_casablanca_borne_6,2025-06-21 14:48:00,2025-06-21 16:08:00,18.4,walk_in,terminee
session_784,hub_casablanca,hub_casablanca_borne_4,2025-06-21 15:10:00,2025-06-21 16:21:00,38.5,reservee,terminee
session_785,hub_casablanca,hub_casablanca_borne_4,2025-06-21 07:22:00,2025-06-21 07:55:00,8.9,walk_in,terminee
session_786,hub_casablanca,hub_casablanca_borne_4,2025-06-21 11:35:00,2025-06-21 12:18:00,20.7,walk_in,terminee
session_787,hub_casablanca,hub_casablanca_borne_3,2025-06-22 18:36:00,2025-06-22 19:46:00,16.7,reservee,terminee
session_788,hub_casablanca,hub_casablanca_borne_4,2025-06-22 22:10:00,2025-06-22 22:49:00,19.9,reservee,terminee
session_789,hub_casablanca,hub_casablanca_borne_1,2025-06-22 16:37:00,2025-06-22 17:21:00,18.9,reservee,terminee
session_790,hub_casablanca,hub_casablanca_borne_6,2025-06-22 15:19:00,2025-06-22 15:45:00,27.2,walk_in,terminee
session_791,hub_casablanca,hub_casablanca_borne_5,2025-06-22 12:08:00,2025-06-22 12:38:00,26.1,walk_in,terminee
session_792,hub_casablanca,hub_casablanca_borne_3,2025-06-22 09:45:00,2025-06-22 10:56:00,13.6,reservee,terminee
session_793,hub_casablanca,hub_casablanca_borne_5,2025-06-23 15:51:00,2025-06-23 16:51:00,15.4,reservee,terminee
session_794,hub_casablanca,hub_casablanca_borne_5,2025-06-23 22:39:00,2025-06-23 23:13:00,37.0,walk_in,terminee
session_795,hub_casablanca,hub_casablanca_borne_2,2025-06-23 17:38:00,2025-06-23 19:01:00,37.5,reservee,terminee
session_796,hub_casablanca,hub_casablanca_borne_3,2025-06-23 22:48:00,2025-06-23 23:53:00,7.7,reservee,terminee
session_797,hub_casablanca,hub_casablanca_borne_1,2025-06-23 15:52:00,2025-06-23 17:18:00,20.0,walk_in,terminee
session_798,hub_casablanca,hub_casablanca_borne_5,2025-06-23 21:08:00,2025-06-23 22:37:00,6.1,reservee,terminee
session_799,hub_casablanca,hub_casablanca_borne_2,2025-06-24 22:12:00,2025-06-24 23:20:00,32.4,reservee,terminee
session_800,hub_casablanca,hub_casablanca_borne_2,2025-06-24 18:05:00,2025-06-24 18:38:00,20.9,walk_in,terminee
session_801,hub_casablanca,hub_casablanca_borne_4,2025-06-24 15:22:00,2025-06-24 16:50:00,21.2,reservee,terminee
session_802,hub_casablanca,hub_casablanca_borne_3,2025-06-24 20:19:00,2025-06-24 21:27:00,6.4,walk_in,terminee
session_803,hub_casablanca,hub_casablanca_borne_4,2025-06-25 16:43:00,2025-06-25 17:27:00,10.7,reservee,terminee
session_804,hub_casablanca,hub_casablanca_borne_5,2025-06-25 18:45:00,2025-06-25 19:28:00,11.6,walk_in,terminee
session_805,hub_casablanca,hub_casablanca_borne_5,2025-06-26 15:08:00,2025-06-26 15:52:00,18.5,reservee,terminee
session_806,hub_casablanca,hub_casablanca_borne_5,2025-06-28 11:12:00,2025-06-28 12:38:00,10.4,reservee,terminee
session_807,hub_casablanca,hub_casablanca_borne_2,2025-06-28 17:48:00,2025-06-28 18:59:00,38.6,reservee,terminee
session_808,hub_casablanca,hub_casablanca_borne_5,2025-06-28 09:31:00,2025-06-28 10:22:00,5.2,reservee,terminee
session_809,hub_casablanca,hub_casablanca_borne_1,2025-06-28 20:10:00,2025-06-28 21:35:00,23.6,reservee,terminee
session_810,hub_casablanca,hub_casablanca_borne_4,2025-06-28 14:03:00,2025-06-28 15:10:00,8.9,reservee,terminee
session_811,hub_casablanca,hub_casablanca_borne_6,2025-06-28 16:03:00,2025-06-28 17:19:00,32.9,reservee,terminee
session_812,hub_casablanca,hub_casablanca_borne_4,2025-06-28 07:37:00,2025-06-28 08:01:00,38.1,reservee,terminee
session_813,hub_casablanca,hub_casablanca_borne_4,2025-06-28 15:07:00,2025-06-28 15:41:00,20.8,reservee,terminee
session_814,hub_casablanca,hub_casablanca_borne_6,2025-06-28 13:00:00,2025-06-28 13:44:00,17.8,walk_in,terminee
session_815,hub_casablanca,hub_casablanca_borne_4,2025-06-28 12:51:00,2025-06-28 13:21:00,19.4,walk_in,terminee
session_816,hub_casablanca,hub_casablanca_borne_2,2025-06-28 14:13:00,2025-06-28 14:55:00,35.1,reservee,terminee
session_817,hub_casablanca,hub_casablanca_borne_4,2025-06-29 12:29:00,2025-06-29 12:56:00,26.9,walk_in,terminee
session_818,hub_casablanca,hub_casablanca_borne_3,2025-06-29 13:23:00,2025-06-29 14:38:00,25.7,reservee,terminee
session_819,hub_casablanca,hub_casablanca_borne_4,2025-06-29 11:27:00,2025-06-29 12:09:00,8.9,walk_in,terminee
session_820,hub_casablanca,hub_casablanca_borne_2,2025-06-30 13:14:00,2025-06-30 14:04:00,28.6,reservee,terminee
session_821,hub_casablanca,hub_casablanca_borne_5,2025-06-30 19:18:00,2025-06-30 19:51:00,38.4,walk_in,terminee
session_822,hub_casablanca,hub_casablanca_borne_3,2025-07-01 13:00:00,2025-07-01 14:27:00,24.2,reservee,terminee
session_823,hub_casablanca,hub_casablanca_borne_5,2025-07-01 21:32:00,2025-07-01 22:12:00,39.0,walk_in,terminee
session_824,hub_casablanca,hub_casablanca_borne_5,2025-07-01 20:16:00,2025-07-01 20:40:00,17.3,reservee,terminee
session_825,hub_casablanca,hub_casablanca_borne_2,2025-07-01 17:51:00,2025-07-01 18:32:00,16.7,walk_in,terminee
session_826,hub_casablanca,hub_casablanca_borne_1,2025-07-01 21:21:00,2025-07-01 21:48:00,11.1,walk_in,terminee
session_827,hub_casablanca,hub_casablanca_borne_1,2025-07-01 21:39:00,2025-07-01 22:09:00,11.8,walk_in,terminee
session_828,hub_casablanca,hub_casablanca_borne_1,2025-07-02 14:19:00,2025-07-02 14:47:00,39.4,walk_in,terminee
session_829,hub_casablanca,hub_casablanca_borne_2,2025-07-03 19:28:00,2025-07-03 20:30:00,19.9,walk_in,terminee
session_830,hub_casablanca,hub_casablanca_borne_4,2025-07-03 17:33:00,2025-07-03 18:37:00,37.0,reservee,terminee
session_831,hub_casablanca,hub_casablanca_borne_3,2025-07-03 20:28:00,2025-07-03 21:25:00,7.4,walk_in,terminee
session_832,hub_casablanca,hub_casablanca_borne_6,2025-07-03 19:32:00,2025-07-03 19:56:00,25.9,reservee,terminee
session_833,hub_casablanca,hub_casablanca_borne_3,2025-07-03 19:02:00,2025-07-03 20:11:00,15.0,walk_in,terminee
session_834,hub_casablanca,hub_casablanca_borne_4,2025-07-03 22:25:00,2025-07-03 23:43:00,26.2,reservee,terminee
session_835,hub_casablanca,hub_casablanca_borne_6,2025-07-03 15:18:00,2025-07-03 16:22:00,26.5,reservee,terminee
session_836,hub_casablanca,hub_casablanca_borne_4,2025-07-03 20:45:00,2025-07-03 21:09:00,15.6,reservee,terminee
session_837,hub_casablanca,hub_casablanca_borne_2,2025-07-04 14:39:00,2025-07-04 15:17:00,29.9,reservee,terminee
session_838,hub_casablanca,hub_casablanca_borne_4,2025-07-04 18:47:00,2025-07-04 20:01:00,18.1,walk_in,terminee
session_839,hub_casablanca,hub_casablanca_borne_6,2025-07-05 14:26:00,2025-07-05 15:27:00,17.6,reservee,terminee
session_840,hub_casablanca,hub_casablanca_borne_2,2025-07-05 11:47:00,2025-07-05 12:16:00,31.1,reservee,terminee
session_841,hub_casablanca,hub_casablanca_borne_6,2025-07-05 14:31:00,2025-07-05 15:00:00,12.3,walk_in,terminee
session_842,hub_casablanca,hub_casablanca_borne_2,2025-07-05 14:38:00,2025-07-05 15:56:00,26.5,walk_in,terminee
session_843,hub_casablanca,hub_casablanca_borne_5,2025-07-06 19:22:00,2025-07-06 19:54:00,25.4,reservee,terminee
session_844,hub_casablanca,hub_casablanca_borne_1,2025-07-06 15:11:00,2025-07-06 16:24:00,36.2,reservee,terminee
session_845,hub_casablanca,hub_casablanca_borne_2,2025-07-06 15:31:00,2025-07-06 16:50:00,31.2,reservee,terminee
session_846,hub_casablanca,hub_casablanca_borne_1,2025-07-06 15:50:00,2025-07-06 16:13:00,33.8,reservee,terminee
session_847,hub_casablanca,hub_casablanca_borne_3,2025-07-06 10:44:00,2025-07-06 11:41:00,19.5,walk_in,terminee
session_848,hub_casablanca,hub_casablanca_borne_6,2025-07-06 15:36:00,2025-07-06 16:50:00,24.3,walk_in,terminee
session_849,hub_casablanca,hub_casablanca_borne_1,2025-07-06 11:06:00,2025-07-06 11:39:00,33.9,walk_in,terminee
session_850,hub_casablanca,hub_casablanca_borne_1,2025-07-07 20:52:00,2025-07-07 22:08:00,35.9,walk_in,terminee
session_851,hub_casablanca,hub_casablanca_borne_1,2025-07-07 20:53:00,2025-07-07 21:33:00,14.6,walk_in,terminee
session_852,hub_casablanca,hub_casablanca_borne_5,2025-07-08 17:46:00,2025-07-08 19:08:00,28.8,reservee,terminee
session_853,hub_casablanca,hub_casablanca_borne_5,2025-07-08 15:56:00,2025-07-08 17:23:00,38.9,reservee,terminee
session_854,hub_casablanca,hub_casablanca_borne_3,2025-07-08 17:44:00,2025-07-08 18:10:00,26.3,reservee,terminee
session_855,hub_casablanca,hub_casablanca_borne_3,2025-07-08 19:14:00,2025-07-08 19:37:00,7.8,walk_in,terminee
session_856,hub_casablanca,hub_casablanca_borne_5,2025-07-08 20:27:00,2025-07-08 21:15:00,17.5,walk_in,terminee
session_857,hub_casablanca,hub_casablanca_borne_6,2025-07-08 22:44:00,2025-07-09 00:00:00,35.7,reservee,terminee
session_858,hub_casablanca,hub_casablanca_borne_4,2025-07-08 21:02:00,2025-07-08 22:11:00,24.2,walk_in,terminee
session_859,hub_casablanca,hub_casablanca_borne_5,2025-07-09 13:51:00,2025-07-09 15:08:00,33.4,reservee,terminee
session_860,hub_casablanca,hub_casablanca_borne_5,2025-07-09 16:07:00,2025-07-09 16:34:00,32.0,walk_in,terminee
session_861,hub_casablanca,hub_casablanca_borne_5,2025-07-09 18:53:00,2025-07-09 19:59:00,18.9,reservee,terminee
session_862,hub_casablanca,hub_casablanca_borne_4,2025-07-09 17:33:00,2025-07-09 18:28:00,30.4,walk_in,terminee
session_863,hub_casablanca,hub_casablanca_borne_4,2025-07-09 16:03:00,2025-07-09 17:15:00,23.0,reservee,terminee
session_864,hub_casablanca,hub_casablanca_borne_5,2025-07-10 22:24:00,2025-07-10 23:32:00,34.6,walk_in,terminee
session_865,hub_casablanca,hub_casablanca_borne_3,2025-07-10 22:21:00,2025-07-10 22:52:00,29.0,reservee,terminee
session_866,hub_casablanca,hub_casablanca_borne_4,2025-07-10 17:39:00,2025-07-10 18:19:00,16.7,walk_in,terminee
session_867,hub_casablanca,hub_casablanca_borne_1,2025-07-10 16:05:00,2025-07-10 17:26:00,22.9,reservee,terminee
session_868,hub_casablanca,hub_casablanca_borne_2,2025-07-11 18:55:00,2025-07-11 19:30:00,8.5,walk_in,terminee
session_869,hub_casablanca,hub_casablanca_borne_4,2025-07-11 22:50:00,2025-07-11 23:11:00,13.8,reservee,terminee
session_870,hub_casablanca,hub_casablanca_borne_5,2025-07-11 19:30:00,2025-07-11 20:28:00,13.8,walk_in,terminee
session_871,hub_casablanca,hub_casablanca_borne_3,2025-07-11 18:38:00,2025-07-11 19:49:00,28.6,reservee,terminee
session_872,hub_casablanca,hub_casablanca_borne_5,2025-07-12 15:09:00,2025-07-12 16:02:00,26.3,reservee,terminee
session_873,hub_casablanca,hub_casablanca_borne_5,2025-07-12 17:16:00,2025-07-12 17:57:00,12.8,walk_in,terminee
session_874,hub_casablanca,hub_casablanca_borne_6,2025-07-12 09:02:00,2025-07-12 09:40:00,10.5,walk_in,terminee
session_875,hub_casablanca,hub_casablanca_borne_4,2025-07-12 17:57:00,2025-07-12 18:58:00,23.1,walk_in,terminee
session_876,hub_casablanca,hub_casablanca_borne_1,2025-07-12 14:06:00,2025-07-12 15:24:00,23.5,reservee,terminee
session_877,hub_casablanca,hub_casablanca_borne_5,2025-07-13 13:37:00,2025-07-13 14:40:00,15.2,reservee,terminee
session_878,hub_casablanca,hub_casablanca_borne_6,2025-07-13 21:31:00,2025-07-13 22:10:00,14.2,reservee,terminee
session_879,hub_casablanca,hub_casablanca_borne_5,2025-07-13 12:45:00,2025-07-13 14:05:00,15.3,reservee,terminee
session_880,hub_casablanca,hub_casablanca_borne_1,2025-07-13 19:17:00,2025-07-13 20:16:00,10.9,walk_in,terminee
session_881,hub_casablanca,hub_casablanca_borne_4,2025-07-14 19:14:00,2025-07-14 19:52:00,24.3,reservee,terminee
session_882,hub_casablanca,hub_casablanca_borne_3,2025-07-14 16:49:00,2025-07-14 17:57:00,25.8,reservee,terminee
session_883,hub_casablanca,hub_casablanca_borne_4,2025-07-14 16:02:00,2025-07-14 16:40:00,7.0,walk_in,terminee
session_884,hub_casablanca,hub_casablanca_borne_3,2025-07-14 19:20:00,2025-07-14 20:11:00,21.0,reservee,terminee
session_885,hub_casablanca,hub_casablanca_borne_1,2025-07-15 16:18:00,2025-07-15 16:39:00,10.4,reservee,terminee
session_886,hub_casablanca,hub_casablanca_borne_2,2025-07-15 20:14:00,2025-07-15 21:28:00,15.0,walk_in,terminee
session_887,hub_casablanca,hub_casablanca_borne_2,2025-07-15 18:22:00,2025-07-15 18:45:00,23.7,walk_in,terminee
session_888,hub_casablanca,hub_casablanca_borne_6,2025-07-16 17:29:00,2025-07-16 18:26:00,34.0,reservee,terminee
session_889,hub_casablanca,hub_casablanca_borne_6,2025-07-16 20:21:00,2025-07-16 20:43:00,18.2,walk_in,terminee
session_890,hub_casablanca,hub_casablanca_borne_3,2025-07-16 19:40:00,2025-07-16 21:07:00,36.8,reservee,terminee
session_891,hub_casablanca,hub_casablanca_borne_6,2025-07-17 16:09:00,2025-07-17 16:33:00,22.5,walk_in,terminee
session_892,hub_casablanca,hub_casablanca_borne_6,2025-07-17 19:50:00,2025-07-17 21:03:00,29.6,reservee,terminee
session_893,hub_casablanca,hub_casablanca_borne_4,2025-07-17 18:07:00,2025-07-17 18:31:00,10.5,walk_in,terminee
session_894,hub_casablanca,hub_casablanca_borne_5,2025-07-17 21:57:00,2025-07-17 23:19:00,9.7,walk_in,terminee
session_895,hub_casablanca,hub_casablanca_borne_2,2025-07-17 20:51:00,2025-07-17 21:21:00,9.1,walk_in,terminee
session_896,hub_casablanca,hub_casablanca_borne_2,2025-07-17 20:26:00,2025-07-17 20:54:00,5.7,walk_in,terminee
session_897,hub_casablanca,hub_casablanca_borne_5,2025-07-18 18:45:00,2025-07-18 20:14:00,23.5,reservee,terminee
session_898,hub_casablanca,hub_casablanca_borne_3,2025-07-18 22:15:00,2025-07-18 23:10:00,20.1,reservee,terminee
session_899,hub_casablanca,hub_casablanca_borne_4,2025-07-18 22:13:00,2025-07-18 22:34:00,6.3,reservee,terminee
session_900,hub_casablanca,hub_casablanca_borne_4,2025-07-18 18:52:00,2025-07-18 19:56:00,19.1,reservee,terminee
session_901,hub_casablanca,hub_casablanca_borne_1,2025-07-18 17:19:00,2025-07-18 18:39:00,22.0,reservee,terminee
session_902,hub_casablanca,hub_casablanca_borne_2,2025-07-19 15:47:00,2025-07-19 16:43:00,26.9,reservee,terminee
session_903,hub_casablanca,hub_casablanca_borne_4,2025-07-19 10:50:00,2025-07-19 11:23:00,6.2,reservee,terminee
session_904,hub_casablanca,hub_casablanca_borne_1,2025-07-19 09:47:00,2025-07-19 10:41:00,13.5,reservee,terminee
session_905,hub_casablanca,hub_casablanca_borne_3,2025-07-20 16:22:00,2025-07-20 16:46:00,23.8,walk_in,terminee
session_906,hub_casablanca,hub_casablanca_borne_1,2025-07-20 11:11:00,2025-07-20 12:30:00,34.2,reservee,terminee
session_907,hub_casablanca,hub_casablanca_borne_4,2025-07-20 09:57:00,2025-07-20 10:26:00,17.9,walk_in,terminee
session_908,hub_casablanca,hub_casablanca_borne_1,2025-07-20 13:15:00,2025-07-20 14:41:00,19.4,walk_in,terminee
session_909,hub_casablanca,hub_casablanca_borne_2,2025-07-21 16:21:00,2025-07-21 17:29:00,17.0,reservee,terminee
session_910,hub_casablanca,hub_casablanca_borne_2,2025-07-21 17:31:00,2025-07-21 17:59:00,15.1,walk_in,terminee
session_911,hub_casablanca,hub_casablanca_borne_4,2025-07-21 16:15:00,2025-07-21 16:58:00,13.6,walk_in,terminee
session_912,hub_casablanca,hub_casablanca_borne_2,2025-07-22 18:05:00,2025-07-22 19:09:00,26.4,walk_in,terminee
session_913,hub_casablanca,hub_casablanca_borne_2,2025-07-22 17:19:00,2025-07-22 18:43:00,30.7,walk_in,terminee
session_914,hub_casablanca,hub_casablanca_borne_5,2025-07-23 20:02:00,2025-07-23 20:22:00,37.6,walk_in,terminee
session_915,hub_casablanca,hub_casablanca_borne_4,2025-07-23 21:20:00,2025-07-23 22:19:00,36.2,walk_in,terminee
session_916,hub_casablanca,hub_casablanca_borne_4,2025-07-23 17:41:00,2025-07-23 19:09:00,19.9,reservee,terminee
session_917,hub_casablanca,hub_casablanca_borne_5,2025-07-24 19:02:00,2025-07-24 19:58:00,33.4,walk_in,terminee
session_918,hub_casablanca,hub_casablanca_borne_2,2025-07-24 20:42:00,2025-07-24 21:20:00,26.8,walk_in,terminee
session_919,hub_casablanca,hub_casablanca_borne_1,2025-07-24 20:08:00,2025-07-24 20:41:00,22.0,reservee,terminee
session_920,hub_casablanca,hub_casablanca_borne_3,2025-07-24 15:08:00,2025-07-24 16:00:00,39.6,reservee,terminee
session_921,hub_casablanca,hub_casablanca_borne_6,2025-07-24 19:08:00,2025-07-24 20:15:00,18.9,reservee,terminee
session_922,hub_casablanca,hub_casablanca_borne_1,2025-07-25 19:14:00,2025-07-25 19:44:00,23.7,walk_in,terminee
session_923,hub_casablanca,hub_casablanca_borne_1,2025-07-25 14:25:00,2025-07-25 15:16:00,12.6,reservee,terminee
session_924,hub_casablanca,hub_casablanca_borne_1,2025-07-25 18:06:00,2025-07-25 18:59:00,15.9,reservee,terminee
session_925,hub_casablanca,hub_casablanca_borne_1,2025-07-26 16:39:00,2025-07-26 17:57:00,24.8,walk_in,terminee
session_926,hub_casablanca,hub_casablanca_borne_2,2025-07-26 12:46:00,2025-07-26 13:17:00,8.2,walk_in,terminee
session_927,hub_casablanca,hub_casablanca_borne_3,2025-07-26 11:36:00,2025-07-26 12:22:00,34.2,reservee,terminee
session_928,hub_casablanca,hub_casablanca_borne_3,2025-07-26 19:53:00,2025-07-26 21:17:00,27.8,reservee,terminee
session_929,hub_casablanca,hub_casablanca_borne_3,2025-07-26 17:14:00,2025-07-26 18:35:00,9.8,reservee,terminee
session_930,hub_casablanca,hub_casablanca_borne_5,2025-07-26 15:49:00,2025-07-26 16:14:00,33.0,reservee,terminee
session_931,hub_casablanca,hub_casablanca_borne_2,2025-07-27 13:02:00,2025-07-27 14:12:00,12.4,walk_in,terminee
session_932,hub_casablanca,hub_casablanca_borne_5,2025-07-27 15:45:00,2025-07-27 16:23:00,18.6,reservee,terminee
session_933,hub_casablanca,hub_casablanca_borne_3,2025-07-27 09:33:00,2025-07-27 10:28:00,38.9,reservee,terminee
session_934,hub_casablanca,hub_casablanca_borne_6,2025-07-28 11:12:00,2025-07-28 12:06:00,23.3,reservee,terminee
session_935,hub_casablanca,hub_casablanca_borne_1,2025-07-28 15:05:00,2025-07-28 16:13:00,34.7,reservee,terminee
session_936,hub_casablanca,hub_casablanca_borne_5,2025-07-28 16:49:00,2025-07-28 18:15:00,10.3,walk_in,terminee
session_937,hub_casablanca,hub_casablanca_borne_6,2025-07-28 18:31:00,2025-07-28 19:40:00,22.1,walk_in,terminee
session_938,hub_casablanca,hub_casablanca_borne_2,2025-07-28 17:51:00,2025-07-28 18:18:00,25.9,reservee,terminee
session_939,hub_casablanca,hub_casablanca_borne_1,2025-07-28 14:34:00,2025-07-28 15:22:00,13.7,reservee,terminee
session_940,hub_casablanca,hub_casablanca_borne_6,2025-07-28 18:27:00,2025-07-28 19:39:00,18.3,reservee,terminee
session_941,hub_casablanca,hub_casablanca_borne_1,2025-07-28 12:08:00,2025-07-28 13:17:00,35.6,walk_in,terminee
session_942,hub_casablanca,hub_casablanca_borne_6,2025-07-29 16:45:00,2025-07-29 17:35:00,14.6,reservee,terminee
session_943,hub_casablanca,hub_casablanca_borne_1,2025-07-29 15:55:00,2025-07-29 16:50:00,21.5,reservee,terminee
session_944,hub_casablanca,hub_casablanca_borne_4,2025-07-29 17:07:00,2025-07-29 18:27:00,17.6,reservee,terminee
session_945,hub_casablanca,hub_casablanca_borne_2,2025-07-29 21:32:00,2025-07-29 22:41:00,35.8,reservee,terminee
session_946,hub_casablanca,hub_casablanca_borne_6,2025-07-29 20:16:00,2025-07-29 20:50:00,15.4,walk_in,terminee
session_947,hub_casablanca,hub_casablanca_borne_3,2025-07-29 16:27:00,2025-07-29 17:36:00,35.5,walk_in,terminee
session_948,hub_casablanca,hub_casablanca_borne_5,2025-07-29 20:51:00,2025-07-29 21:30:00,9.5,walk_in,terminee
session_949,hub_casablanca,hub_casablanca_borne_3,2025-07-30 20:07:00,2025-07-30 21:09:00,31.6,walk_in,terminee
session_950,hub_casablanca,hub_casablanca_borne_1,2025-07-30 14:48:00,2025-07-30 15:19:00,12.3,reservee,terminee
session_951,hub_casablanca,hub_casablanca_borne_3,2025-07-31 16:12:00,2025-07-31 16:33:00,31.5,reservee,terminee
session_952,hub_casablanca,hub_casablanca_borne_6,2025-07-31 16:09:00,2025-07-31 17:00:00,12.1,walk_in,terminee
session_953,hub_casablanca,hub_casablanca_borne_2,2025-07-31 14:20:00,2025-07-31 15:16:00,28.4,walk_in,terminee
session_954,hub_casablanca,hub_casablanca_borne_1,2025-07-31 18:06:00,2025-07-31 18:53:00,21.3,reservee,terminee
session_955,hub_casablanca,hub_casablanca_borne_2,2025-08-01 22:22:00,2025-08-01 23:17:00,16.0,walk_in,terminee
session_956,hub_casablanca,hub_casablanca_borne_4,2025-08-01 11:53:00,2025-08-01 13:11:00,33.4,reservee,terminee
session_957,hub_casablanca,hub_casablanca_borne_1,2025-08-01 18:40:00,2025-08-01 19:32:00,28.9,walk_in,terminee
session_958,hub_casablanca,hub_casablanca_borne_2,2025-08-02 12:43:00,2025-08-02 13:53:00,14.3,reservee,terminee
session_959,hub_casablanca,hub_casablanca_borne_5,2025-08-02 16:14:00,2025-08-02 17:25:00,38.4,walk_in,terminee
session_960,hub_casablanca,hub_casablanca_borne_3,2025-08-02 17:58:00,2025-08-02 18:57:00,9.0,reservee,terminee
session_961,hub_casablanca,hub_casablanca_borne_1,2025-08-02 14:24:00,2025-08-02 15:01:00,17.2,walk_in,terminee
session_962,hub_casablanca,hub_casablanca_borne_3,2025-08-02 11:43:00,2025-08-02 13:11:00,36.1,reservee,terminee
session_963,hub_casablanca,hub_casablanca_borne_2,2025-08-02 12:01:00,2025-08-02 13:30:00,14.1,walk_in,terminee
session_964,hub_casablanca,hub_casablanca_borne_6,2025-08-02 14:50:00,2025-08-02 15:10:00,20.5,reservee,terminee
session_965,hub_casablanca,hub_casablanca_borne_4,2025-08-02 09:34:00,2025-08-02 10:58:00,16.4,reservee,terminee
session_966,hub_casablanca,hub_casablanca_borne_6,2025-08-03 11:33:00,2025-08-03 12:48:00,10.2,reservee,terminee
session_967,hub_casablanca,hub_casablanca_borne_5,2025-08-03 14:08:00,2025-08-03 15:00:00,30.6,walk_in,terminee
session_968,hub_casablanca,hub_casablanca_borne_2,2025-08-03 13:57:00,2025-08-03 14:48:00,6.6,reservee,terminee
session_969,hub_casablanca,hub_casablanca_borne_5,2025-08-04 18:04:00,2025-08-04 18:43:00,39.7,walk_in,terminee
session_970,hub_casablanca,hub_casablanca_borne_1,2025-08-04 22:10:00,2025-08-04 22:38:00,25.5,reservee,terminee
session_971,hub_casablanca,hub_casablanca_borne_5,2025-08-04 16:52:00,2025-08-04 17:29:00,37.3,reservee,terminee
session_972,hub_casablanca,hub_casablanca_borne_2,2025-08-05 14:16:00,2025-08-05 15:36:00,13.4,walk_in,terminee
session_973,hub_casablanca,hub_casablanca_borne_4,2025-08-05 16:09:00,2025-08-05 16:55:00,34.9,reservee,terminee
session_974,hub_casablanca,hub_casablanca_borne_6,2025-08-06 14:25:00,2025-08-06 15:33:00,25.1,reservee,terminee
session_975,hub_casablanca,hub_casablanca_borne_2,2025-08-06 13:53:00,2025-08-06 15:01:00,23.6,walk_in,terminee
session_976,hub_casablanca,hub_casablanca_borne_4,2025-08-06 16:36:00,2025-08-06 17:27:00,31.5,walk_in,terminee
session_977,hub_casablanca,hub_casablanca_borne_5,2025-08-07 17:57:00,2025-08-07 19:17:00,23.0,reservee,terminee
session_978,hub_casablanca,hub_casablanca_borne_5,2025-08-07 20:47:00,2025-08-07 22:16:00,17.2,reservee,terminee
session_979,hub_casablanca,hub_casablanca_borne_6,2025-08-07 17:05:00,2025-08-07 17:52:00,5.6,reservee,terminee
session_980,hub_casablanca,hub_casablanca_borne_2,2025-08-07 18:43:00,2025-08-07 19:10:00,35.3,reservee,terminee
session_981,hub_casablanca,hub_casablanca_borne_1,2025-08-07 19:00:00,2025-08-07 20:10:00,14.0,reservee,terminee
session_982,hub_casablanca,hub_casablanca_borne_1,2025-08-07 22:07:00,2025-08-07 22:55:00,34.8,reservee,terminee
session_983,hub_casablanca,hub_casablanca_borne_3,2025-08-08 16:00:00,2025-08-08 17:23:00,27.5,reservee,terminee
session_984,hub_casablanca,hub_casablanca_borne_2,2025-08-08 20:39:00,2025-08-08 21:03:00,35.8,reservee,terminee
session_985,hub_casablanca,hub_casablanca_borne_1,2025-08-08 20:15:00,2025-08-08 20:43:00,29.6,walk_in,terminee
session_986,hub_casablanca,hub_casablanca_borne_3,2025-08-09 13:05:00,2025-08-09 13:30:00,5.9,walk_in,terminee
session_987,hub_casablanca,hub_casablanca_borne_2,2025-08-09 12:38:00,2025-08-09 14:07:00,28.4,reservee,terminee
session_988,hub_casablanca,hub_casablanca_borne_4,2025-08-09 13:35:00,2025-08-09 15:02:00,32.6,reservee,terminee
session_989,hub_casablanca,hub_casablanca_borne_3,2025-08-10 17:49:00,2025-08-10 18:34:00,16.2,reservee,terminee
session_990,hub_casablanca,hub_casablanca_borne_3,2025-08-10 12:08:00,2025-08-10 12:58:00,36.2,reservee,terminee
session_991,hub_casablanca,hub_casablanca_borne_4,2025-08-10 11:38:00,2025-08-10 13:00:00,25.8,walk_in,terminee
session_992,hub_casablanca,hub_casablanca_borne_2,2025-08-10 11:55:00,2025-08-10 13:17:00,24.5,reservee,terminee
session_993,hub_casablanca,hub_casablanca_borne_1,2025-08-10 17:03:00,2025-08-10 18:25:00,33.6,reservee,terminee
session_994,hub_casablanca,hub_casablanca_borne_2,2025-08-10 17:07:00,2025-08-10 18:17:00,24.5,reservee,terminee
session_995,hub_casablanca,hub_casablanca_borne_3,2025-08-10 18:57:00,2025-08-10 19:25:00,21.0,reservee,terminee
session_996,hub_casablanca,hub_casablanca_borne_2,2025-08-11 21:18:00,2025-08-11 22:22:00,26.9,walk_in,terminee
session_997,hub_casablanca,hub_casablanca_borne_1,2025-08-11 09:49:00,2025-08-11 10:52:00,20.7,reservee,terminee
session_998,hub_casablanca,hub_casablanca_borne_3,2025-08-11 16:07:00,2025-08-11 16:56:00,18.6,reservee,terminee
session_999,hub_casablanca,hub_casablanca_borne_2,2025-08-12 14:00:00,2025-08-12 15:01:00,32.7,reservee,terminee
session_1000,hub_casablanca,hub_casablanca_borne_4,2025-08-12 14:03:00,2025-08-12 14:23:00,8.3,reservee,terminee
session_1001,hub_casablanca,hub_casablanca_borne_3,2025-08-12 13:31:00,2025-08-12 14:22:00,29.2,reservee,terminee
session_1002,hub_casablanca,hub_casablanca_borne_2,2025-08-12 17:53:00,2025-08-12 18:43:00,7.9,walk_in,terminee
session_1003,hub_casablanca,hub_casablanca_borne_4,2025-08-12 18:24:00,2025-08-12 19:01:00,6.5,reservee,terminee
session_1004,hub_casablanca,hub_casablanca_borne_6,2025-08-12 16:18:00,2025-08-12 17:23:00,34.1,reservee,terminee
session_1005,hub_casablanca,hub_casablanca_borne_6,2025-08-12 20:23:00,2025-08-12 21:07:00,25.4,reservee,terminee
session_1006,hub_casablanca,hub_casablanca_borne_6,2025-08-13 14:22:00,2025-08-13 15:08:00,26.6,reservee,terminee
session_1007,hub_casablanca,hub_casablanca_borne_2,2025-08-13 18:29:00,2025-08-13 19:20:00,30.2,walk_in,terminee
session_1008,hub_casablanca,hub_casablanca_borne_6,2025-08-13 22:42:00,2025-08-13 23:42:00,27.1,reservee,terminee
session_1009,hub_casablanca,hub_casablanca_borne_2,2025-08-13 17:11:00,2025-08-13 18:09:00,10.5,reservee,terminee
session_1010,hub_casablanca,hub_casablanca_borne_4,2025-08-14 16:19:00,2025-08-14 16:46:00,22.6,reservee,terminee
session_1011,hub_casablanca,hub_casablanca_borne_6,2025-08-14 18:11:00,2025-08-14 18:39:00,38.9,walk_in,terminee
session_1012,hub_casablanca,hub_casablanca_borne_6,2025-08-14 14:01:00,2025-08-14 15:01:00,24.5,reservee,terminee
session_1013,hub_casablanca,hub_casablanca_borne_1,2025-08-14 21:36:00,2025-08-14 22:48:00,22.3,walk_in,terminee
session_1014,hub_casablanca,hub_casablanca_borne_2,2025-08-14 15:23:00,2025-08-14 15:54:00,7.0,walk_in,terminee
session_1015,hub_casablanca,hub_casablanca_borne_1,2025-08-14 15:52:00,2025-08-14 17:01:00,39.7,walk_in,terminee
session_1016,hub_casablanca,hub_casablanca_borne_3,2025-08-14 16:04:00,2025-08-14 16:39:00,19.6,reservee,terminee
session_1017,hub_casablanca,hub_casablanca_borne_2,2025-08-14 22:58:00,2025-08-14 23:43:00,29.8,reservee,terminee
session_1018,hub_casablanca,hub_casablanca_borne_1,2025-08-15 22:12:00,2025-08-15 23:35:00,8.0,reservee,terminee
session_1019,hub_casablanca,hub_casablanca_borne_5,2025-08-15 16:20:00,2025-08-15 17:16:00,6.5,walk_in,terminee
session_1020,hub_casablanca,hub_casablanca_borne_4,2025-08-15 15:33:00,2025-08-15 16:23:00,17.3,reservee,terminee
session_1021,hub_casablanca,hub_casablanca_borne_5,2025-08-16 17:38:00,2025-08-16 18:25:00,33.1,walk_in,terminee
session_1022,hub_casablanca,hub_casablanca_borne_6,2025-08-16 12:15:00,2025-08-16 13:17:00,27.0,walk_in,terminee
session_1023,hub_casablanca,hub_casablanca_borne_5,2025-08-16 17:03:00,2025-08-16 17:37:00,10.4,reservee,terminee
session_1024,hub_casablanca,hub_casablanca_borne_6,2025-08-16 13:35:00,2025-08-16 15:01:00,17.6,reservee,terminee
session_1025,hub_casablanca,hub_casablanca_borne_4,2025-08-17 14:16:00,2025-08-17 15:17:00,31.3,walk_in,terminee
session_1026,hub_casablanca,hub_casablanca_borne_3,2025-08-17 13:19:00,2025-08-17 13:50:00,14.1,walk_in,terminee
session_1027,hub_casablanca,hub_casablanca_borne_2,2025-08-17 12:57:00,2025-08-17 13:33:00,30.3,reservee,terminee
session_1028,hub_casablanca,hub_casablanca_borne_5,2025-08-17 13:41:00,2025-08-17 15:04:00,24.7,reservee,terminee
session_1029,hub_casablanca,hub_casablanca_borne_6,2025-08-17 13:41:00,2025-08-17 14:35:00,24.2,reservee,terminee
session_1030,hub_casablanca,hub_casablanca_borne_3,2025-08-17 13:42:00,2025-08-17 14:52:00,30.0,walk_in,terminee
session_1031,hub_casablanca,hub_casablanca_borne_1,2025-08-17 10:57:00,2025-08-17 11:25:00,27.1,walk_in,terminee
session_1032,hub_casablanca,hub_casablanca_borne_3,2025-08-17 12:32:00,2025-08-17 13:17:00,36.8,reservee,terminee
session_1033,hub_casablanca,hub_casablanca_borne_2,2025-08-17 12:34:00,2025-08-17 13:21:00,8.4,reservee,terminee
session_1034,hub_casablanca,hub_casablanca_borne_4,2025-08-17 12:35:00,2025-08-17 13:34:00,32.1,reservee,terminee
session_1035,hub_casablanca,hub_casablanca_borne_6,2025-08-17 18:56:00,2025-08-17 19:55:00,5.9,walk_in,terminee
session_1036,hub_casablanca,hub_casablanca_borne_2,2025-08-17 12:41:00,2025-08-17 14:08:00,38.8,reservee,terminee
session_1037,hub_casablanca,hub_casablanca_borne_1,2025-08-17 15:18:00,2025-08-17 16:22:00,25.9,reservee,terminee
session_1038,hub_casablanca,hub_casablanca_borne_1,2025-08-17 12:07:00,2025-08-17 12:45:00,36.7,reservee,terminee
session_1039,hub_casablanca,hub_casablanca_borne_6,2025-08-18 14:03:00,2025-08-18 14:23:00,23.5,reservee,terminee
session_1040,hub_casablanca,hub_casablanca_borne_6,2025-08-18 17:42:00,2025-08-18 18:19:00,38.9,reservee,terminee
session_1041,hub_casablanca,hub_casablanca_borne_5,2025-08-18 17:01:00,2025-08-18 17:59:00,39.5,walk_in,terminee
session_1042,hub_casablanca,hub_casablanca_borne_3,2025-08-18 21:05:00,2025-08-18 22:01:00,26.0,reservee,terminee
session_1043,hub_casablanca,hub_casablanca_borne_3,2025-08-18 14:53:00,2025-08-18 15:13:00,13.0,reservee,terminee
session_1044,hub_casablanca,hub_casablanca_borne_1,2025-08-18 19:36:00,2025-08-18 20:03:00,30.8,walk_in,terminee
session_1045,hub_casablanca,hub_casablanca_borne_1,2025-08-18 17:38:00,2025-08-18 18:11:00,8.0,reservee,terminee
session_1046,hub_casablanca,hub_casablanca_borne_6,2025-08-18 21:22:00,2025-08-18 22:04:00,22.9,reservee,terminee
session_1047,hub_casablanca,hub_casablanca_borne_1,2025-08-18 14:13:00,2025-08-18 14:58:00,20.0,reservee,terminee
session_1048,hub_casablanca,hub_casablanca_borne_3,2025-08-18 12:08:00,2025-08-18 13:08:00,19.2,reservee,terminee
session_1049,hub_casablanca,hub_casablanca_borne_6,2025-08-18 18:16:00,2025-08-18 18:40:00,18.2,walk_in,terminee
session_1050,hub_casablanca,hub_casablanca_borne_5,2025-08-19 16:47:00,2025-08-19 17:39:00,13.0,walk_in,terminee
session_1051,hub_casablanca,hub_casablanca_borne_6,2025-08-19 22:56:00,2025-08-20 00:12:00,34.4,walk_in,terminee
session_1052,hub_casablanca,hub_casablanca_borne_2,2025-08-19 18:44:00,2025-08-19 19:56:00,14.5,reservee,terminee
session_1053,hub_casablanca,hub_casablanca_borne_6,2025-08-19 20:28:00,2025-08-19 21:28:00,34.3,walk_in,terminee
session_1054,hub_casablanca,hub_casablanca_borne_5,2025-08-19 17:28:00,2025-08-19 18:11:00,13.2,reservee,terminee
session_1055,hub_casablanca,hub_casablanca_borne_3,2025-08-20 17:02:00,2025-08-20 18:06:00,24.9,reservee,terminee
session_1056,hub_casablanca,hub_casablanca_borne_1,2025-08-20 18:34:00,2025-08-20 19:41:00,23.6,walk_in,terminee
session_1057,hub_casablanca,hub_casablanca_borne_5,2025-08-20 17:22:00,2025-08-20 18:30:00,13.0,walk_in,terminee
session_1058,hub_casablanca,hub_casablanca_borne_3,2025-08-22 20:39:00,2025-08-22 21:08:00,19.8,reservee,terminee
session_1059,hub_casablanca,hub_casablanca_borne_4,2025-08-22 15:08:00,2025-08-22 15:44:00,29.9,reservee,terminee
session_1060,hub_casablanca,hub_casablanca_borne_3,2025-08-22 22:45:00,2025-08-22 23:11:00,34.8,walk_in,terminee
session_1061,hub_casablanca,hub_casablanca_borne_1,2025-08-22 21:45:00,2025-08-22 22:55:00,26.0,reservee,terminee
session_1062,hub_casablanca,hub_casablanca_borne_5,2025-08-22 12:34:00,2025-08-22 13:50:00,31.0,walk_in,terminee
session_1063,hub_casablanca,hub_casablanca_borne_2,2025-08-22 22:11:00,2025-08-22 22:42:00,25.5,reservee,terminee
session_1064,hub_casablanca,hub_casablanca_borne_4,2025-08-22 14:54:00,2025-08-22 15:43:00,30.1,reservee,terminee
session_1065,hub_casablanca,hub_casablanca_borne_6,2025-08-23 13:21:00,2025-08-23 13:41:00,9.0,walk_in,terminee
session_1066,hub_casablanca,hub_casablanca_borne_6,2025-08-23 11:15:00,2025-08-23 12:05:00,29.1,reservee,terminee
session_1067,hub_casablanca,hub_casablanca_borne_4,2025-08-23 09:23:00,2025-08-23 10:01:00,16.4,reservee,terminee
session_1068,hub_casablanca,hub_casablanca_borne_4,2025-08-23 12:15:00,2025-08-23 13:13:00,22.2,walk_in,terminee
session_1069,hub_casablanca,hub_casablanca_borne_6,2025-08-24 18:35:00,2025-08-24 19:23:00,24.0,reservee,terminee
session_1070,hub_casablanca,hub_casablanca_borne_2,2025-08-24 19:30:00,2025-08-24 20:45:00,28.1,walk_in,terminee
session_1071,hub_casablanca,hub_casablanca_borne_2,2025-08-24 15:04:00,2025-08-24 16:12:00,30.0,reservee,terminee
session_1072,hub_casablanca,hub_casablanca_borne_2,2025-08-24 07:11:00,2025-08-24 08:07:00,9.7,walk_in,terminee
session_1073,hub_casablanca,hub_casablanca_borne_6,2025-08-24 16:01:00,2025-08-24 16:43:00,11.7,walk_in,terminee
session_1074,hub_casablanca,hub_casablanca_borne_2,2025-08-24 19:11:00,2025-08-24 19:57:00,26.2,walk_in,terminee
session_1075,hub_casablanca,hub_casablanca_borne_1,2025-08-24 18:36:00,2025-08-24 19:29:00,34.6,reservee,terminee
session_1076,hub_casablanca,hub_casablanca_borne_2,2025-08-25 18:50:00,2025-08-25 19:52:00,23.8,reservee,terminee
session_1077,hub_casablanca,hub_casablanca_borne_3,2025-08-25 15:53:00,2025-08-25 17:02:00,6.8,walk_in,terminee
session_1078,hub_casablanca,hub_casablanca_borne_5,2025-08-25 20:01:00,2025-08-25 21:00:00,6.9,reservee,terminee
session_1079,hub_casablanca,hub_casablanca_borne_3,2025-08-25 17:53:00,2025-08-25 18:38:00,35.1,walk_in,terminee
session_1080,hub_casablanca,hub_casablanca_borne_1,2025-08-25 21:41:00,2025-08-25 22:53:00,18.7,walk_in,terminee
session_1081,hub_casablanca,hub_casablanca_borne_5,2025-08-25 21:43:00,2025-08-25 22:53:00,8.0,reservee,terminee
session_1082,hub_casablanca,hub_casablanca_borne_1,2025-08-25 19:53:00,2025-08-25 21:08:00,9.1,reservee,terminee
session_1083,hub_casablanca,hub_casablanca_borne_4,2025-08-25 20:21:00,2025-08-25 20:59:00,34.0,reservee,terminee
session_1084,hub_casablanca,hub_casablanca_borne_4,2025-08-26 19:51:00,2025-08-26 20:44:00,23.6,reservee,terminee
session_1085,hub_casablanca,hub_casablanca_borne_4,2025-08-26 15:46:00,2025-08-26 16:14:00,18.8,reservee,terminee
session_1086,hub_casablanca,hub_casablanca_borne_2,2025-08-26 16:36:00,2025-08-26 17:17:00,11.0,walk_in,terminee
session_1087,hub_casablanca,hub_casablanca_borne_3,2025-08-26 19:27:00,2025-08-26 20:09:00,6.7,reservee,terminee
session_1088,hub_casablanca,hub_casablanca_borne_3,2025-08-26 16:43:00,2025-08-26 17:27:00,38.9,reservee,terminee
session_1089,hub_casablanca,hub_casablanca_borne_1,2025-08-27 20:22:00,2025-08-27 21:45:00,27.5,reservee,terminee
session_1090,hub_casablanca,hub_casablanca_borne_1,2025-08-27 18:32:00,2025-08-27 19:11:00,35.7,reservee,terminee
session_1091,hub_casablanca,hub_casablanca_borne_2,2025-08-27 19:31:00,2025-08-27 20:14:00,21.7,reservee,terminee
session_1092,hub_casablanca,hub_casablanca_borne_1,2025-08-27 16:09:00,2025-08-27 17:35:00,25.1,reservee,terminee
session_1093,hub_casablanca,hub_casablanca_borne_3,2025-08-28 19:28:00,2025-08-28 20:41:00,36.4,walk_in,terminee
session_1094,hub_casablanca,hub_casablanca_borne_2,2025-08-28 20:09:00,2025-08-28 21:23:00,37.0,walk_in,terminee
session_1095,hub_casablanca,hub_casablanca_borne_4,2025-08-28 21:49:00,2025-08-28 22:46:00,33.8,reservee,terminee
session_1096,hub_casablanca,hub_casablanca_borne_1,2025-08-29 19:22:00,2025-08-29 20:48:00,7.2,reservee,terminee
session_1097,hub_casablanca,hub_casablanca_borne_6,2025-08-29 20:32:00,2025-08-29 21:00:00,6.2,reservee,terminee
session_1098,hub_casablanca,hub_casablanca_borne_2,2025-08-29 16:12:00,2025-08-29 17:23:00,34.9,walk_in,terminee
session_1099,hub_casablanca,hub_casablanca_borne_4,2025-08-30 11:00:00,2025-08-30 12:27:00,25.1,reservee,terminee
session_1100,hub_casablanca,hub_casablanca_borne_2,2025-08-30 12:43:00,2025-08-30 13:09:00,25.8,walk_in,terminee
session_1101,hub_casablanca,hub_casablanca_borne_1,2025-08-30 17:12:00,2025-08-30 18:33:00,21.2,reservee,terminee
session_1102,hub_casablanca,hub_casablanca_borne_1,2025-08-30 11:16:00,2025-08-30 12:10:00,31.2,reservee,terminee
session_1103,hub_casablanca,hub_casablanca_borne_4,2025-08-30 10:09:00,2025-08-30 11:10:00,37.5,walk_in,terminee
session_1104,hub_casablanca,hub_casablanca_borne_4,2025-08-30 11:07:00,2025-08-30 11:27:00,20.2,reservee,terminee
session_1105,hub_casablanca,hub_casablanca_borne_6,2025-08-30 11:13:00,2025-08-30 12:37:00,35.8,walk_in,terminee
session_1106,hub_casablanca,hub_casablanca_borne_5,2025-08-31 12:28:00,2025-08-31 13:04:00,16.0,reservee,terminee
session_1107,hub_casablanca,hub_casablanca_borne_6,2025-08-31 16:56:00,2025-08-31 17:53:00,30.6,walk_in,terminee
session_1108,hub_casablanca,hub_casablanca_borne_1,2025-08-31 13:28:00,2025-08-31 14:28:00,6.3,walk_in,terminee
session_1109,hub_casablanca,hub_casablanca_borne_2,2025-08-31 17:00:00,2025-08-31 17:34:00,11.3,walk_in,terminee
session_1110,hub_casablanca,hub_casablanca_borne_4,2025-09-01 19:28:00,2025-09-01 20:07:00,19.9,walk_in,terminee
session_1111,hub_casablanca,hub_casablanca_borne_1,2025-09-01 18:54:00,2025-09-01 19:52:00,31.9,reservee,terminee
session_1112,hub_casablanca,hub_casablanca_borne_5,2025-09-01 17:01:00,2025-09-01 17:32:00,5.8,walk_in,terminee
session_1113,hub_casablanca,hub_casablanca_borne_4,2025-09-01 15:53:00,2025-09-01 17:05:00,16.6,reservee,terminee
session_1114,hub_casablanca,hub_casablanca_borne_4,2025-09-02 14:11:00,2025-09-02 15:02:00,23.6,walk_in,terminee
session_1115,hub_casablanca,hub_casablanca_borne_6,2025-09-03 14:42:00,2025-09-03 15:37:00,35.5,walk_in,terminee
session_1116,hub_casablanca,hub_casablanca_borne_3,2025-09-03 17:03:00,2025-09-03 17:47:00,21.2,reservee,terminee
session_1117,hub_casablanca,hub_casablanca_borne_6,2025-09-03 14:13:00,2025-09-03 15:27:00,32.0,reservee,terminee
session_1118,hub_casablanca,hub_casablanca_borne_2,2025-09-03 12:05:00,2025-09-03 12:52:00,6.6,reservee,terminee
session_1119,hub_casablanca,hub_casablanca_borne_3,2025-09-03 22:29:00,2025-09-03 23:46:00,9.5,reservee,terminee
session_1120,hub_casablanca,hub_casablanca_borne_6,2025-09-03 18:38:00,2025-09-03 20:06:00,24.3,reservee,terminee
session_1121,hub_casablanca,hub_casablanca_borne_4,2025-09-04 17:52:00,2025-09-04 18:58:00,15.4,reservee,terminee
session_1122,hub_casablanca,hub_casablanca_borne_5,2025-09-04 20:17:00,2025-09-04 20:59:00,34.9,walk_in,terminee
session_1123,hub_casablanca,hub_casablanca_borne_3,2025-09-05 17:52:00,2025-09-05 18:14:00,27.2,walk_in,terminee
session_1124,hub_casablanca,hub_casablanca_borne_6,2025-09-05 17:56:00,2025-09-05 18:21:00,17.6,reservee,terminee
session_1125,hub_casablanca,hub_casablanca_borne_1,2025-09-05 14:53:00,2025-09-05 15:14:00,5.6,reservee,terminee
session_1126,hub_casablanca,hub_casablanca_borne_2,2025-09-06 11:21:00,2025-09-06 12:44:00,33.7,walk_in,terminee
session_1127,hub_casablanca,hub_casablanca_borne_3,2025-09-06 06:52:00,2025-09-06 07:32:00,29.6,reservee,terminee
session_1128,hub_casablanca,hub_casablanca_borne_4,2025-09-06 08:58:00,2025-09-06 09:53:00,25.1,walk_in,terminee
session_1129,hub_casablanca,hub_casablanca_borne_3,2025-09-06 10:45:00,2025-09-06 11:09:00,16.3,walk_in,terminee
session_1130,hub_casablanca,hub_casablanca_borne_5,2025-09-06 09:39:00,2025-09-06 10:28:00,19.1,walk_in,terminee
session_1131,hub_casablanca,hub_casablanca_borne_2,2025-09-06 11:40:00,2025-09-06 12:50:00,34.6,reservee,terminee
session_1132,hub_casablanca,hub_casablanca_borne_5,2025-09-06 17:08:00,2025-09-06 17:57:00,6.9,walk_in,terminee
session_1133,hub_casablanca,hub_casablanca_borne_1,2025-09-07 14:29:00,2025-09-07 15:55:00,25.0,reservee,terminee
session_1134,hub_casablanca,hub_casablanca_borne_1,2025-09-07 15:19:00,2025-09-07 16:28:00,29.3,reservee,terminee
session_1135,hub_casablanca,hub_casablanca_borne_6,2025-09-07 15:22:00,2025-09-07 16:04:00,29.5,walk_in,terminee
session_1136,hub_casablanca,hub_casablanca_borne_2,2025-09-07 15:02:00,2025-09-07 15:36:00,31.7,walk_in,terminee
session_1137,hub_casablanca,hub_casablanca_borne_6,2025-09-07 14:08:00,2025-09-07 15:06:00,19.8,walk_in,terminee
session_1138,hub_casablanca,hub_casablanca_borne_4,2025-09-07 10:08:00,2025-09-07 10:59:00,32.0,reservee,terminee
session_1139,hub_casablanca,hub_casablanca_borne_4,2025-09-07 13:30:00,2025-09-07 14:59:00,11.1,walk_in,terminee
session_1140,hub_casablanca,hub_casablanca_borne_3,2025-09-08 17:01:00,2025-09-08 18:19:00,22.4,walk_in,terminee
session_1141,hub_casablanca,hub_casablanca_borne_6,2025-09-08 11:21:00,2025-09-08 11:43:00,19.8,reservee,terminee
session_1142,hub_casablanca,hub_casablanca_borne_2,2025-09-08 12:34:00,2025-09-08 13:16:00,34.1,reservee,terminee
session_1143,hub_casablanca,hub_casablanca_borne_1,2025-09-08 14:09:00,2025-09-08 15:05:00,24.3,walk_in,terminee
session_1144,hub_casablanca,hub_casablanca_borne_3,2025-09-08 17:10:00,2025-09-08 18:02:00,18.1,walk_in,terminee
session_1145,hub_casablanca,hub_casablanca_borne_5,2025-09-08 19:45:00,2025-09-08 20:34:00,13.3,reservee,terminee
session_1146,hub_casablanca,hub_casablanca_borne_1,2025-09-08 19:49:00,2025-09-08 21:02:00,20.3,reservee,terminee
session_1147,hub_casablanca,hub_casablanca_borne_6,2025-09-08 22:03:00,2025-09-08 22:50:00,35.0,reservee,terminee
session_1148,hub_casablanca,hub_casablanca_borne_1,2025-09-09 16:19:00,2025-09-09 16:55:00,33.8,reservee,terminee
session_1149,hub_casablanca,hub_casablanca_borne_5,2025-09-09 20:25:00,2025-09-09 20:51:00,20.4,reservee,terminee
session_1150,hub_casablanca,hub_casablanca_borne_3,2025-09-09 20:53:00,2025-09-09 22:08:00,25.4,reservee,terminee
session_1151,hub_casablanca,hub_casablanca_borne_6,2025-09-10 18:07:00,2025-09-10 18:28:00,17.2,reservee,terminee
session_1152,hub_casablanca,hub_casablanca_borne_3,2025-09-10 19:15:00,2025-09-10 19:54:00,27.2,reservee,terminee
session_1153,hub_casablanca,hub_casablanca_borne_2,2025-09-10 22:22:00,2025-09-10 23:50:00,29.2,reservee,terminee
session_1154,hub_casablanca,hub_casablanca_borne_1,2025-09-10 21:56:00,2025-09-10 23:03:00,20.0,reservee,terminee
session_1155,hub_casablanca,hub_casablanca_borne_3,2025-09-10 22:11:00,2025-09-10 23:20:00,31.7,reservee,terminee
session_1156,hub_casablanca,hub_casablanca_borne_4,2025-09-10 14:22:00,2025-09-10 15:49:00,29.3,walk_in,terminee
session_1157,hub_casablanca,hub_casablanca_borne_5,2025-09-10 18:14:00,2025-09-10 19:23:00,22.5,reservee,terminee
session_1158,hub_casablanca,hub_casablanca_borne_3,2025-09-11 21:47:00,2025-09-11 22:31:00,21.9,reservee,terminee
session_1159,hub_casablanca,hub_casablanca_borne_5,2025-09-11 20:46:00,2025-09-11 21:29:00,38.1,reservee,terminee
session_1160,hub_casablanca,hub_casablanca_borne_1,2025-09-11 18:41:00,2025-09-11 19:18:00,24.4,reservee,terminee
session_1161,hub_casablanca,hub_casablanca_borne_4,2025-09-11 17:38:00,2025-09-11 19:06:00,20.9,walk_in,terminee
session_1162,hub_casablanca,hub_casablanca_borne_4,2025-09-11 20:14:00,2025-09-11 21:43:00,12.2,walk_in,terminee
session_1163,hub_casablanca,hub_casablanca_borne_2,2025-09-12 19:40:00,2025-09-12 20:42:00,16.8,reservee,terminee
session_1164,hub_casablanca,hub_casablanca_borne_5,2025-09-12 08:19:00,2025-09-12 09:40:00,14.4,reservee,terminee
session_1165,hub_casablanca,hub_casablanca_borne_3,2025-09-12 16:06:00,2025-09-12 16:45:00,22.8,reservee,terminee
session_1166,hub_casablanca,hub_casablanca_borne_2,2025-09-12 20:32:00,2025-09-12 21:50:00,25.3,reservee,terminee
session_1167,hub_casablanca,hub_casablanca_borne_6,2025-09-13 14:29:00,2025-09-13 15:41:00,21.2,reservee,terminee
session_1168,hub_casablanca,hub_casablanca_borne_2,2025-09-13 12:40:00,2025-09-13 13:02:00,6.5,reservee,terminee
session_1169,hub_casablanca,hub_casablanca_borne_1,2025-09-13 08:31:00,2025-09-13 08:59:00,27.7,walk_in,terminee
session_1170,hub_casablanca,hub_casablanca_borne_6,2025-09-13 11:16:00,2025-09-13 11:38:00,16.5,walk_in,terminee
session_1171,hub_casablanca,hub_casablanca_borne_3,2025-09-13 16:21:00,2025-09-13 17:01:00,12.7,walk_in,terminee
session_1172,hub_casablanca,hub_casablanca_borne_4,2025-09-13 12:53:00,2025-09-13 13:20:00,10.2,reservee,terminee
session_1173,hub_casablanca,hub_casablanca_borne_3,2025-09-13 12:34:00,2025-09-13 12:59:00,38.5,reservee,terminee
session_1174,hub_casablanca,hub_casablanca_borne_3,2025-09-14 15:51:00,2025-09-14 17:14:00,39.3,walk_in,terminee
session_1175,hub_casablanca,hub_casablanca_borne_6,2025-09-14 18:54:00,2025-09-14 19:43:00,27.8,reservee,terminee
session_1176,hub_casablanca,hub_casablanca_borne_5,2025-09-14 11:49:00,2025-09-14 12:22:00,11.5,reservee,terminee
session_1177,hub_casablanca,hub_casablanca_borne_5,2025-09-14 13:40:00,2025-09-14 14:20:00,24.5,reservee,terminee
session_1178,hub_casablanca,hub_casablanca_borne_2,2025-09-14 06:18:00,2025-09-14 06:53:00,13.0,reservee,terminee
session_1179,hub_casablanca,hub_casablanca_borne_4,2025-09-14 10:09:00,2025-09-14 10:54:00,29.1,reservee,terminee
session_1180,hub_casablanca,hub_casablanca_borne_4,2025-09-14 13:55:00,2025-09-14 14:43:00,15.0,walk_in,terminee
session_1181,hub_casablanca,hub_casablanca_borne_5,2025-09-14 12:36:00,2025-09-14 13:58:00,7.0,walk_in,terminee
session_1182,hub_casablanca,hub_casablanca_borne_5,2025-09-14 18:15:00,2025-09-14 18:42:00,37.9,reservee,terminee
session_1183,hub_casablanca,hub_casablanca_borne_5,2025-09-14 13:40:00,2025-09-14 14:49:00,10.6,walk_in,terminee
session_1184,hub_casablanca,hub_casablanca_borne_4,2025-09-15 17:08:00,2025-09-15 18:04:00,5.5,walk_in,terminee
session_1185,hub_casablanca,hub_casablanca_borne_5,2025-09-15 17:49:00,2025-09-15 19:16:00,36.6,reservee,terminee
session_1186,hub_casablanca,hub_casablanca_borne_3,2025-09-16 15:03:00,2025-09-16 15:46:00,9.7,reservee,terminee
session_1187,hub_casablanca,hub_casablanca_borne_3,2025-09-16 13:56:00,2025-09-16 14:55:00,36.4,reservee,terminee
session_1188,hub_casablanca,hub_casablanca_borne_1,2025-09-16 19:41:00,2025-09-16 20:39:00,33.5,walk_in,terminee
session_1189,hub_casablanca,hub_casablanca_borne_2,2025-09-16 09:56:00,2025-09-16 11:06:00,28.7,reservee,terminee
session_1190,hub_casablanca,hub_casablanca_borne_1,2025-09-16 20:45:00,2025-09-16 21:54:00,16.6,walk_in,terminee
session_1191,hub_casablanca,hub_casablanca_borne_5,2025-09-16 20:15:00,2025-09-16 21:41:00,19.5,reservee,terminee
session_1192,hub_casablanca,hub_casablanca_borne_3,2025-09-16 18:43:00,2025-09-16 20:10:00,25.7,reservee,terminee
session_1193,hub_casablanca,hub_casablanca_borne_5,2025-09-16 21:33:00,2025-09-16 22:15:00,5.0,walk_in,terminee
session_1194,hub_casablanca,hub_casablanca_borne_3,2025-09-16 15:04:00,2025-09-16 16:22:00,11.0,reservee,terminee
session_1195,hub_casablanca,hub_casablanca_borne_2,2025-09-16 13:27:00,2025-09-16 14:52:00,12.3,walk_in,terminee
session_1196,hub_casablanca,hub_casablanca_borne_6,2025-09-16 16:40:00,2025-09-16 17:27:00,31.3,walk_in,terminee
session_1197,hub_casablanca,hub_casablanca_borne_3,2025-09-17 20:44:00,2025-09-17 22:09:00,10.5,reservee,terminee
session_1198,hub_casablanca,hub_casablanca_borne_3,2025-09-17 17:57:00,2025-09-17 18:46:00,23.7,reservee,terminee
session_1199,hub_casablanca,hub_casablanca_borne_4,2025-09-17 20:58:00,2025-09-17 21:52:00,5.3,reservee,terminee
session_1200,hub_casablanca,hub_casablanca_borne_6,2025-09-17 13:12:00,2025-09-17 14:15:00,7.7,reservee,terminee
session_1201,hub_casablanca,hub_casablanca_borne_2,2025-09-17 17:48:00,2025-09-17 19:13:00,11.1,reservee,terminee
session_1202,hub_casablanca,hub_casablanca_borne_1,2025-09-17 14:03:00,2025-09-17 14:41:00,39.7,reservee,terminee
session_1203,hub_casablanca,hub_casablanca_borne_5,2025-09-17 20:04:00,2025-09-17 21:01:00,20.8,walk_in,terminee
session_1204,hub_casablanca,hub_casablanca_borne_2,2025-09-17 13:44:00,2025-09-17 14:54:00,29.5,reservee,terminee
session_1205,hub_casablanca,hub_casablanca_borne_5,2025-09-18 19:42:00,2025-09-18 20:10:00,37.8,reservee,terminee
session_1206,hub_casablanca,hub_casablanca_borne_3,2025-09-18 16:42:00,2025-09-18 17:28:00,25.3,walk_in,terminee
session_1207,hub_casablanca,hub_casablanca_borne_2,2025-09-18 22:55:00,2025-09-18 23:39:00,19.7,walk_in,terminee
session_1208,hub_casablanca,hub_casablanca_borne_4,2025-09-18 15:38:00,2025-09-18 17:01:00,33.0,walk_in,terminee
session_1209,hub_casablanca,hub_casablanca_borne_2,2025-09-18 17:24:00,2025-09-18 18:22:00,6.5,walk_in,terminee
session_1210,hub_casablanca,hub_casablanca_borne_2,2025-09-19 13:34:00,2025-09-19 14:11:00,12.2,walk_in,terminee
session_1211,hub_casablanca,hub_casablanca_borne_2,2025-09-19 12:30:00,2025-09-19 13:26:00,25.1,walk_in,terminee
session_1212,hub_casablanca,hub_casablanca_borne_4,2025-09-19 13:51:00,2025-09-19 14:26:00,13.4,reservee,terminee
session_1213,hub_casablanca,hub_casablanca_borne_2,2025-09-20 15:11:00,2025-09-20 15:58:00,38.8,walk_in,terminee
session_1214,hub_casablanca,hub_casablanca_borne_4,2025-09-20 15:04:00,2025-09-20 16:26:00,26.9,reservee,terminee
session_1215,hub_casablanca,hub_casablanca_borne_2,2025-09-20 15:23:00,2025-09-20 16:00:00,31.4,reservee,terminee
session_1216,hub_casablanca,hub_casablanca_borne_1,2025-09-20 14:54:00,2025-09-20 15:40:00,19.5,walk_in,terminee
session_1217,hub_casablanca,hub_casablanca_borne_6,2025-09-20 12:39:00,2025-09-20 13:58:00,9.0,walk_in,terminee
session_1218,hub_casablanca,hub_casablanca_borne_6,2025-09-20 15:36:00,2025-09-20 16:10:00,20.7,reservee,terminee
session_1219,hub_casablanca,hub_casablanca_borne_5,2025-09-21 08:23:00,2025-09-21 09:06:00,27.3,walk_in,terminee
session_1220,hub_casablanca,hub_casablanca_borne_3,2025-09-21 17:39:00,2025-09-21 18:41:00,13.3,reservee,terminee
session_1221,hub_casablanca,hub_casablanca_borne_6,2025-09-21 18:33:00,2025-09-21 19:22:00,33.4,reservee,terminee
session_1222,hub_casablanca,hub_casablanca_borne_5,2025-09-21 16:54:00,2025-09-21 17:32:00,9.8,walk_in,terminee
session_1223,hub_casablanca,hub_casablanca_borne_2,2025-09-22 17:35:00,2025-09-22 18:57:00,8.9,walk_in,terminee
session_1224,hub_casablanca,hub_casablanca_borne_4,2025-09-22 20:21:00,2025-09-22 20:45:00,38.5,walk_in,terminee
session_1225,hub_casablanca,hub_casablanca_borne_3,2025-09-22 15:55:00,2025-09-22 16:26:00,10.4,reservee,terminee
session_1226,hub_casablanca,hub_casablanca_borne_3,2025-09-22 19:23:00,2025-09-22 19:52:00,30.6,walk_in,terminee
session_1227,hub_casablanca,hub_casablanca_borne_4,2025-09-23 21:04:00,2025-09-23 22:21:00,37.9,walk_in,terminee
session_1228,hub_casablanca,hub_casablanca_borne_6,2025-09-23 19:11:00,2025-09-23 20:22:00,17.2,reservee,terminee
session_1229,hub_casablanca,hub_casablanca_borne_6,2025-09-23 18:57:00,2025-09-23 20:07:00,14.3,reservee,terminee
session_1230,hub_casablanca,hub_casablanca_borne_3,2025-09-23 22:54:00,2025-09-23 23:36:00,21.5,reservee,terminee
session_1231,hub_casablanca,hub_casablanca_borne_3,2025-09-23 17:29:00,2025-09-23 17:56:00,10.9,reservee,terminee
session_1232,hub_casablanca,hub_casablanca_borne_6,2025-09-24 14:24:00,2025-09-24 15:31:00,14.7,reservee,terminee
session_1233,hub_casablanca,hub_casablanca_borne_5,2025-09-24 22:41:00,2025-09-24 23:28:00,12.7,reservee,terminee
session_1234,hub_casablanca,hub_casablanca_borne_5,2025-09-24 12:40:00,2025-09-24 13:46:00,18.0,walk_in,terminee
session_1235,hub_casablanca,hub_casablanca_borne_4,2025-09-24 17:18:00,2025-09-24 17:40:00,15.8,reservee,terminee
session_1236,hub_casablanca,hub_casablanca_borne_4,2025-09-24 19:51:00,2025-09-24 20:32:00,20.0,reservee,terminee
session_1237,hub_casablanca,hub_casablanca_borne_1,2025-09-25 21:33:00,2025-09-25 22:49:00,21.6,reservee,terminee
session_1238,hub_casablanca,hub_casablanca_borne_4,2025-09-25 14:34:00,2025-09-25 15:08:00,29.0,walk_in,terminee
session_1239,hub_casablanca,hub_casablanca_borne_3,2025-09-25 20:23:00,2025-09-25 21:34:00,10.7,reservee,terminee
session_1240,hub_casablanca,hub_casablanca_borne_5,2025-09-25 20:49:00,2025-09-25 21:44:00,26.9,reservee,terminee
session_1241,hub_casablanca,hub_casablanca_borne_4,2025-09-26 19:52:00,2025-09-26 21:08:00,12.0,reservee,terminee
session_1242,hub_casablanca,hub_casablanca_borne_5,2025-09-27 12:28:00,2025-09-27 13:14:00,24.4,walk_in,terminee
session_1243,hub_casablanca,hub_casablanca_borne_3,2025-09-27 17:44:00,2025-09-27 18:27:00,9.1,reservee,terminee
session_1244,hub_casablanca,hub_casablanca_borne_4,2025-09-27 11:23:00,2025-09-27 12:27:00,25.2,walk_in,terminee
session_1245,hub_casablanca,hub_casablanca_borne_2,2025-09-27 11:24:00,2025-09-27 12:13:00,22.4,reservee,terminee
session_1246,hub_casablanca,hub_casablanca_borne_1,2025-09-28 15:26:00,2025-09-28 16:35:00,7.1,reservee,terminee
session_1247,hub_casablanca,hub_casablanca_borne_4,2025-09-28 12:44:00,2025-09-28 14:12:00,32.9,reservee,terminee
session_1248,hub_casablanca,hub_casablanca_borne_2,2025-09-28 08:49:00,2025-09-28 10:14:00,33.9,reservee,terminee
session_1249,hub_casablanca,hub_casablanca_borne_3,2025-09-28 10:51:00,2025-09-28 11:58:00,29.0,reservee,terminee
session_1250,hub_casablanca,hub_casablanca_borne_4,2025-09-28 15:05:00,2025-09-28 16:22:00,38.0,walk_in,terminee
session_1251,hub_casablanca,hub_casablanca_borne_4,2025-09-28 10:05:00,2025-09-28 10:44:00,34.5,walk_in,terminee
session_1252,hub_casablanca,hub_casablanca_borne_6,2025-09-28 19:32:00,2025-09-28 20:47:00,13.2,walk_in,terminee
session_1253,hub_casablanca,hub_casablanca_borne_2,2025-09-29 19:52:00,2025-09-29 20:57:00,31.7,walk_in,terminee
session_1254,hub_casablanca,hub_casablanca_borne_3,2025-09-30 19:50:00,2025-09-30 20:11:00,20.2,walk_in,terminee
session_1255,hub_casablanca,hub_casablanca_borne_4,2025-09-30 14:05:00,2025-09-30 14:35:00,39.1,reservee,terminee
session_1256,hub_casablanca,hub_casablanca_borne_1,2025-09-30 21:52:00,2025-09-30 22:57:00,24.3,walk_in,terminee
session_1257,hub_casablanca,hub_casablanca_borne_1,2025-09-30 18:38:00,2025-09-30 19:57:00,27.9,reservee,terminee
session_1258,hub_casablanca,hub_casablanca_borne_3,2025-09-30 18:30:00,2025-09-30 19:15:00,20.7,walk_in,terminee
session_1259,hub_casablanca,hub_casablanca_borne_5,2025-10-01 19:13:00,2025-10-01 20:28:00,20.7,reservee,terminee
session_1260,hub_casablanca,hub_casablanca_borne_5,2025-10-02 19:32:00,2025-10-02 20:46:00,34.3,walk_in,terminee
session_1261,hub_casablanca,hub_casablanca_borne_1,2025-10-03 16:23:00,2025-10-03 17:45:00,26.2,reservee,terminee
session_1262,hub_casablanca,hub_casablanca_borne_1,2025-10-03 19:32:00,2025-10-03 19:52:00,5.6,walk_in,terminee
session_1263,hub_casablanca,hub_casablanca_borne_4,2025-10-03 16:35:00,2025-10-03 17:42:00,14.8,reservee,terminee
session_1264,hub_casablanca,hub_casablanca_borne_2,2025-10-04 15:06:00,2025-10-04 16:09:00,17.8,walk_in,terminee
session_1265,hub_casablanca,hub_casablanca_borne_6,2025-10-04 16:08:00,2025-10-04 17:26:00,33.7,walk_in,terminee
session_1266,hub_casablanca,hub_casablanca_borne_5,2025-10-04 13:37:00,2025-10-04 13:59:00,11.9,walk_in,terminee
session_1267,hub_casablanca,hub_casablanca_borne_1,2025-10-04 10:13:00,2025-10-04 10:40:00,38.2,reservee,terminee
session_1268,hub_casablanca,hub_casablanca_borne_2,2025-10-04 17:00:00,2025-10-04 17:41:00,39.1,reservee,terminee
session_1269,hub_casablanca,hub_casablanca_borne_3,2025-10-04 13:44:00,2025-10-04 14:42:00,31.0,walk_in,terminee
session_1270,hub_casablanca,hub_casablanca_borne_4,2025-10-04 14:47:00,2025-10-04 15:56:00,32.7,reservee,terminee
session_1271,hub_casablanca,hub_casablanca_borne_3,2025-10-04 16:43:00,2025-10-04 17:23:00,35.6,reservee,terminee
session_1272,hub_casablanca,hub_casablanca_borne_2,2025-10-04 19:14:00,2025-10-04 20:03:00,17.9,walk_in,terminee
session_1273,hub_casablanca,hub_casablanca_borne_2,2025-10-05 14:36:00,2025-10-05 15:06:00,25.4,reservee,terminee
session_1274,hub_casablanca,hub_casablanca_borne_4,2025-10-05 14:50:00,2025-10-05 15:35:00,9.9,reservee,terminee
session_1275,hub_casablanca,hub_casablanca_borne_3,2025-10-05 11:37:00,2025-10-05 12:33:00,6.5,walk_in,terminee
session_1276,hub_casablanca,hub_casablanca_borne_3,2025-10-05 17:45:00,2025-10-05 18:51:00,27.7,reservee,terminee
session_1277,hub_casablanca,hub_casablanca_borne_3,2025-10-05 15:31:00,2025-10-05 15:54:00,15.5,walk_in,terminee
session_1278,hub_casablanca,hub_casablanca_borne_4,2025-10-05 12:13:00,2025-10-05 13:25:00,14.1,reservee,terminee
session_1279,hub_casablanca,hub_casablanca_borne_6,2025-10-05 14:43:00,2025-10-05 15:47:00,7.4,reservee,terminee
session_1280,hub_casablanca,hub_casablanca_borne_4,2025-10-05 16:40:00,2025-10-05 17:12:00,30.4,walk_in,terminee
session_1281,hub_casablanca,hub_casablanca_borne_6,2025-10-05 13:11:00,2025-10-05 14:18:00,17.0,reservee,terminee
session_1282,hub_casablanca,hub_casablanca_borne_2,2025-10-06 18:06:00,2025-10-06 18:59:00,14.1,reservee,terminee
session_1283,hub_casablanca,hub_casablanca_borne_2,2025-10-06 15:00:00,2025-10-06 15:39:00,39.6,reservee,terminee
session_1284,hub_casablanca,hub_casablanca_borne_2,2025-10-06 20:22:00,2025-10-06 21:29:00,13.7,reservee,terminee
session_1285,hub_casablanca,hub_casablanca_borne_2,2025-10-06 18:19:00,2025-10-06 19:45:00,39.3,reservee,terminee
session_1286,hub_casablanca,hub_casablanca_borne_3,2025-10-06 22:11:00,2025-10-06 23:05:00,24.7,reservee,terminee
session_1287,hub_casablanca,hub_casablanca_borne_1,2025-10-07 19:26:00,2025-10-07 20:34:00,25.9,walk_in,terminee
session_1288,hub_casablanca,hub_casablanca_borne_1,2025-10-07 19:58:00,2025-10-07 20:30:00,9.5,walk_in,terminee
session_1289,hub_casablanca,hub_casablanca_borne_3,2025-10-07 19:39:00,2025-10-07 20:53:00,29.3,reservee,terminee
session_1290,hub_casablanca,hub_casablanca_borne_4,2025-10-07 18:51:00,2025-10-07 19:28:00,9.5,walk_in,terminee
session_1291,hub_casablanca,hub_casablanca_borne_1,2025-10-08 21:29:00,2025-10-08 22:11:00,5.4,reservee,terminee
session_1292,hub_casablanca,hub_casablanca_borne_5,2025-10-09 20:16:00,2025-10-09 21:14:00,12.4,reservee,terminee
session_1293,hub_casablanca,hub_casablanca_borne_2,2025-10-09 22:24:00,2025-10-09 22:53:00,6.4,reservee,terminee
session_1294,hub_casablanca,hub_casablanca_borne_3,2025-10-09 14:07:00,2025-10-09 15:22:00,30.0,reservee,terminee
session_1295,hub_casablanca,hub_casablanca_borne_6,2025-10-10 16:31:00,2025-10-10 16:53:00,33.1,reservee,terminee
session_1296,hub_casablanca,hub_casablanca_borne_5,2025-10-11 13:22:00,2025-10-11 14:15:00,31.7,reservee,terminee
session_1297,hub_casablanca,hub_casablanca_borne_5,2025-10-11 15:19:00,2025-10-11 16:33:00,27.4,reservee,terminee
session_1298,hub_casablanca,hub_casablanca_borne_4,2025-10-11 14:42:00,2025-10-11 15:41:00,19.1,walk_in,terminee
session_1299,hub_casablanca,hub_casablanca_borne_5,2025-10-11 11:45:00,2025-10-11 12:43:00,30.3,reservee,terminee
session_1300,hub_casablanca,hub_casablanca_borne_5,2025-10-11 20:08:00,2025-10-11 20:44:00,14.4,reservee,terminee
session_1301,hub_casablanca,hub_casablanca_borne_1,2025-10-11 13:11:00,2025-10-11 14:12:00,8.6,reservee,terminee
session_1302,hub_casablanca,hub_casablanca_borne_4,2025-10-11 13:24:00,2025-10-11 14:39:00,39.5,reservee,terminee
session_1303,hub_casablanca,hub_casablanca_borne_3,2025-10-12 10:47:00,2025-10-12 12:07:00,13.3,reservee,terminee
session_1304,hub_casablanca,hub_casablanca_borne_1,2025-10-12 08:14:00,2025-10-12 09:24:00,13.1,walk_in,terminee
session_1305,hub_casablanca,hub_casablanca_borne_2,2025-10-12 14:19:00,2025-10-12 15:36:00,36.0,walk_in,terminee
session_1306,hub_casablanca,hub_casablanca_borne_2,2025-10-12 11:33:00,2025-10-12 12:34:00,21.7,walk_in,terminee
session_1307,hub_casablanca,hub_casablanca_borne_6,2025-10-12 14:24:00,2025-10-12 14:56:00,14.8,reservee,terminee
session_1308,hub_casablanca,hub_casablanca_borne_2,2025-10-12 14:32:00,2025-10-12 14:53:00,32.6,walk_in,terminee
session_1309,hub_casablanca,hub_casablanca_borne_4,2025-10-13 17:43:00,2025-10-13 19:04:00,35.7,walk_in,terminee
session_1310,hub_casablanca,hub_casablanca_borne_6,2025-10-13 17:56:00,2025-10-13 18:20:00,24.4,reservee,terminee
session_1311,hub_casablanca,hub_casablanca_borne_6,2025-10-13 14:23:00,2025-10-13 14:48:00,27.7,walk_in,terminee
session_1312,hub_casablanca,hub_casablanca_borne_2,2025-10-13 21:10:00,2025-10-13 21:39:00,10.2,reservee,terminee
session_1313,hub_casablanca,hub_casablanca_borne_2,2025-10-13 18:35:00,2025-10-13 19:51:00,25.7,walk_in,terminee
session_1314,hub_casablanca,hub_casablanca_borne_6,2025-10-13 19:08:00,2025-10-13 19:37:00,25.9,reservee,terminee
session_1315,hub_casablanca,hub_casablanca_borne_4,2025-10-13 17:52:00,2025-10-13 19:18:00,13.9,reservee,terminee
session_1316,hub_casablanca,hub_casablanca_borne_2,2025-10-13 18:50:00,2025-10-13 19:51:00,7.4,reservee,terminee
session_1317,hub_casablanca,hub_casablanca_borne_1,2025-10-13 16:23:00,2025-10-13 17:11:00,27.7,reservee,terminee
session_1318,hub_casablanca,hub_casablanca_borne_6,2025-10-13 17:45:00,2025-10-13 18:06:00,15.7,walk_in,terminee
session_1319,hub_casablanca,hub_casablanca_borne_5,2025-10-13 20:10:00,2025-10-13 21:04:00,30.3,walk_in,terminee
session_1320,hub_casablanca,hub_casablanca_borne_4,2025-10-13 17:29:00,2025-10-13 17:59:00,6.7,reservee,terminee
session_1321,hub_casablanca,hub_casablanca_borne_4,2025-10-14 17:14:00,2025-10-14 18:01:00,9.2,reservee,terminee
session_1322,hub_casablanca,hub_casablanca_borne_2,2025-10-14 19:10:00,2025-10-14 19:43:00,36.6,walk_in,terminee
session_1323,hub_casablanca,hub_casablanca_borne_6,2025-10-14 20:55:00,2025-10-14 21:31:00,19.2,walk_in,terminee
session_1324,hub_casablanca,hub_casablanca_borne_3,2025-10-15 16:15:00,2025-10-15 17:12:00,12.7,walk_in,terminee
session_1325,hub_casablanca,hub_casablanca_borne_5,2025-10-15 13:24:00,2025-10-15 14:36:00,5.2,reservee,terminee
session_1326,hub_casablanca,hub_casablanca_borne_3,2025-10-15 16:44:00,2025-10-15 18:11:00,18.3,reservee,terminee
session_1327,hub_casablanca,hub_casablanca_borne_3,2025-10-15 22:16:00,2025-10-15 22:45:00,38.7,walk_in,terminee
session_1328,hub_casablanca,hub_casablanca_borne_6,2025-10-16 14:55:00,2025-10-16 15:24:00,9.1,reservee,terminee
session_1329,hub_casablanca,hub_casablanca_borne_2,2025-10-17 16:09:00,2025-10-17 16:49:00,22.5,reservee,terminee
session_1330,hub_casablanca,hub_casablanca_borne_6,2025-10-17 15:21:00,2025-10-17 16:28:00,27.8,reservee,terminee
session_1331,hub_casablanca,hub_casablanca_borne_4,2025-10-17 11:14:00,2025-10-17 12:00:00,29.7,reservee,terminee
session_1332,hub_casablanca,hub_casablanca_borne_3,2025-10-17 16:29:00,2025-10-17 17:11:00,37.0,reservee,terminee
session_1333,hub_casablanca,hub_casablanca_borne_6,2025-10-18 15:54:00,2025-10-18 17:04:00,26.9,reservee,terminee
session_1334,hub_casablanca,hub_casablanca_borne_4,2025-10-18 13:48:00,2025-10-18 14:49:00,31.2,reservee,terminee
session_1335,hub_casablanca,hub_casablanca_borne_5,2025-10-18 10:01:00,2025-10-18 10:48:00,35.9,reservee,terminee
session_1336,hub_casablanca,hub_casablanca_borne_1,2025-10-18 06:25:00,2025-10-18 07:50:00,34.3,reservee,terminee
session_1337,hub_casablanca,hub_casablanca_borne_3,2025-10-18 09:37:00,2025-10-18 10:58:00,13.6,reservee,terminee
session_1338,hub_casablanca,hub_casablanca_borne_1,2025-10-19 17:41:00,2025-10-19 18:03:00,20.7,walk_in,terminee
session_1339,hub_casablanca,hub_casablanca_borne_1,2025-10-19 13:17:00,2025-10-19 14:45:00,34.6,walk_in,terminee
session_1340,hub_casablanca,hub_casablanca_borne_3,2025-10-20 13:19:00,2025-10-20 14:43:00,18.9,walk_in,terminee
session_1341,hub_casablanca,hub_casablanca_borne_2,2025-10-20 20:17:00,2025-10-20 21:40:00,24.6,reservee,terminee
session_1342,hub_casablanca,hub_casablanca_borne_1,2025-10-20 12:08:00,2025-10-20 12:53:00,26.3,reservee,terminee
session_1343,hub_casablanca,hub_casablanca_borne_3,2025-10-20 13:15:00,2025-10-20 14:03:00,39.7,reservee,terminee
session_1344,hub_casablanca,hub_casablanca_borne_1,2025-10-20 14:54:00,2025-10-20 16:09:00,34.3,walk_in,terminee
session_1345,hub_casablanca,hub_casablanca_borne_4,2025-10-20 17:58:00,2025-10-20 18:20:00,34.2,walk_in,terminee
session_1346,hub_casablanca,hub_casablanca_borne_6,2025-10-20 14:46:00,2025-10-20 15:19:00,26.1,reservee,terminee
session_1347,hub_casablanca,hub_casablanca_borne_5,2025-10-20 20:39:00,2025-10-20 21:23:00,12.6,reservee,terminee
session_1348,hub_casablanca,hub_casablanca_borne_4,2025-10-20 14:43:00,2025-10-20 15:11:00,33.6,walk_in,terminee
session_1349,hub_casablanca,hub_casablanca_borne_6,2025-10-20 16:19:00,2025-10-20 17:11:00,17.6,reservee,terminee
session_1350,hub_casablanca,hub_casablanca_borne_2,2025-10-21 18:48:00,2025-10-21 19:44:00,19.9,walk_in,terminee
session_1351,hub_casablanca,hub_casablanca_borne_2,2025-10-22 22:35:00,2025-10-22 23:27:00,18.6,reservee,terminee
session_1352,hub_casablanca,hub_casablanca_borne_6,2025-10-22 16:30:00,2025-10-22 17:23:00,30.1,walk_in,terminee
session_1353,hub_casablanca,hub_casablanca_borne_1,2025-10-23 13:27:00,2025-10-23 14:17:00,34.6,reservee,terminee
session_1354,hub_casablanca,hub_casablanca_borne_4,2025-10-23 12:50:00,2025-10-23 13:52:00,38.6,walk_in,terminee
session_1355,hub_casablanca,hub_casablanca_borne_3,2025-10-23 14:50:00,2025-10-23 16:17:00,14.0,walk_in,terminee
session_1356,hub_casablanca,hub_casablanca_borne_2,2025-10-23 17:05:00,2025-10-23 18:16:00,19.7,reservee,terminee
session_1357,hub_casablanca,hub_casablanca_borne_6,2025-10-23 18:41:00,2025-10-23 19:35:00,26.9,reservee,terminee
session_1358,hub_casablanca,hub_casablanca_borne_1,2025-10-23 15:55:00,2025-10-23 16:30:00,28.7,reservee,terminee
session_1359,hub_casablanca,hub_casablanca_borne_1,2025-10-24 14:20:00,2025-10-24 15:16:00,39.0,reservee,terminee
session_1360,hub_casablanca,hub_casablanca_borne_6,2025-10-24 22:06:00,2025-10-24 22:42:00,19.3,reservee,terminee
session_1361,hub_casablanca,hub_casablanca_borne_6,2025-10-24 21:40:00,2025-10-24 22:40:00,22.2,reservee,terminee
session_1362,hub_casablanca,hub_casablanca_borne_4,2025-10-24 11:17:00,2025-10-24 11:48:00,28.7,reservee,terminee
session_1363,hub_casablanca,hub_casablanca_borne_1,2025-10-25 15:05:00,2025-10-25 15:53:00,39.4,walk_in,terminee
session_1364,hub_casablanca,hub_casablanca_borne_6,2025-10-25 10:35:00,2025-10-25 11:47:00,28.1,reservee,terminee
session_1365,hub_casablanca,hub_casablanca_borne_3,2025-10-25 12:30:00,2025-10-25 13:08:00,22.0,reservee,terminee
session_1366,hub_casablanca,hub_casablanca_borne_4,2025-10-25 17:17:00,2025-10-25 18:11:00,10.7,walk_in,terminee
session_1367,hub_casablanca,hub_casablanca_borne_6,2025-10-25 16:20:00,2025-10-25 16:42:00,34.5,walk_in,terminee
session_1368,hub_casablanca,hub_casablanca_borne_3,2025-10-25 09:43:00,2025-10-25 11:09:00,18.3,reservee,terminee
session_1369,hub_casablanca,hub_casablanca_borne_1,2025-10-26 10:57:00,2025-10-26 12:26:00,32.4,reservee,terminee
session_1370,hub_casablanca,hub_casablanca_borne_6,2025-10-27 19:58:00,2025-10-27 21:12:00,32.4,reservee,terminee
session_1371,hub_casablanca,hub_casablanca_borne_2,2025-10-27 16:46:00,2025-10-27 17:47:00,36.8,reservee,terminee
session_1372,hub_casablanca,hub_casablanca_borne_2,2025-10-27 21:40:00,2025-10-27 22:55:00,38.6,reservee,terminee
session_1373,hub_casablanca,hub_casablanca_borne_3,2025-10-28 18:22:00,2025-10-28 19:23:00,21.5,reservee,terminee
session_1374,hub_casablanca,hub_casablanca_borne_4,2025-10-29 16:53:00,2025-10-29 17:40:00,20.0,walk_in,terminee
session_1375,hub_casablanca,hub_casablanca_borne_2,2025-10-29 19:41:00,2025-10-29 21:00:00,10.3,walk_in,terminee
session_1376,hub_casablanca,hub_casablanca_borne_3,2025-10-29 19:53:00,2025-10-29 21:14:00,7.3,walk_in,terminee
session_1377,hub_casablanca,hub_casablanca_borne_2,2025-10-29 19:36:00,2025-10-29 20:38:00,6.6,walk_in,terminee
session_1378,hub_casablanca,hub_casablanca_borne_1,2025-10-29 20:54:00,2025-10-29 22:20:00,39.7,reservee,terminee
session_1379,hub_casablanca,hub_casablanca_borne_6,2025-10-29 20:28:00,2025-10-29 20:55:00,35.5,reservee,terminee
session_1380,hub_casablanca,hub_casablanca_borne_3,2025-10-30 17:23:00,2025-10-30 17:50:00,37.7,walk_in,terminee
session_1381,hub_casablanca,hub_casablanca_borne_3,2025-10-30 16:46:00,2025-10-30 17:31:00,13.6,reservee,terminee
session_1382,hub_casablanca,hub_casablanca_borne_1,2025-10-30 21:49:00,2025-10-30 23:13:00,17.0,walk_in,terminee
session_1383,hub_casablanca,hub_casablanca_borne_2,2025-10-30 21:33:00,2025-10-30 22:10:00,25.0,reservee,terminee
session_1384,hub_casablanca,hub_casablanca_borne_6,2025-10-31 18:08:00,2025-10-31 19:15:00,21.4,reservee,terminee
session_1385,hub_casablanca,hub_casablanca_borne_3,2025-10-31 17:03:00,2025-10-31 17:26:00,26.0,walk_in,terminee
session_1386,hub_casablanca,hub_casablanca_borne_1,2025-10-31 17:36:00,2025-10-31 18:41:00,34.0,reservee,terminee
session_1387,hub_casablanca,hub_casablanca_borne_4,2025-10-31 19:34:00,2025-10-31 20:15:00,6.9,reservee,terminee
session_1388,hub_casablanca,hub_casablanca_borne_6,2025-11-01 12:29:00,2025-11-01 13:13:00,30.4,walk_in,terminee
session_1389,hub_casablanca,hub_casablanca_borne_5,2025-11-01 16:57:00,2025-11-01 18:02:00,26.2,reservee,terminee
session_1390,hub_casablanca,hub_casablanca_borne_2,2025-11-01 11:37:00,2025-11-01 12:32:00,31.7,reservee,terminee
session_1391,hub_casablanca,hub_casablanca_borne_6,2025-11-01 10:48:00,2025-11-01 12:01:00,32.0,walk_in,terminee
session_1392,hub_casablanca,hub_casablanca_borne_1,2025-11-01 12:57:00,2025-11-01 13:57:00,12.6,walk_in,terminee
session_1393,hub_casablanca,hub_casablanca_borne_6,2025-11-01 13:19:00,2025-11-01 13:51:00,21.3,reservee,terminee
session_1394,hub_casablanca,hub_casablanca_borne_3,2025-11-02 13:49:00,2025-11-02 14:47:00,12.4,walk_in,terminee
session_1395,hub_casablanca,hub_casablanca_borne_2,2025-11-02 12:33:00,2025-11-02 13:53:00,32.4,walk_in,terminee
session_1396,hub_casablanca,hub_casablanca_borne_4,2025-11-02 12:30:00,2025-11-02 13:22:00,29.8,walk_in,terminee
session_1397,hub_casablanca,hub_casablanca_borne_5,2025-11-02 10:07:00,2025-11-02 11:16:00,27.6,reservee,terminee
session_1398,hub_casablanca,hub_casablanca_borne_3,2025-11-02 20:56:00,2025-11-02 22:16:00,24.6,reservee,terminee
session_1399,hub_casablanca,hub_casablanca_borne_3,2025-11-02 11:31:00,2025-11-02 12:59:00,6.9,reservee,terminee
session_1400,hub_casablanca,hub_casablanca_borne_4,2025-11-03 16:40:00,2025-11-03 17:58:00,22.4,reservee,terminee
session_1401,hub_casablanca,hub_casablanca_borne_4,2025-11-03 13:26:00,2025-11-03 14:40:00,24.4,reservee,terminee
session_1402,hub_casablanca,hub_casablanca_borne_5,2025-11-03 18:10:00,2025-11-03 19:09:00,38.2,walk_in,terminee
session_1403,hub_casablanca,hub_casablanca_borne_3,2025-11-04 22:20:00,2025-11-04 23:45:00,13.8,walk_in,terminee
session_1404,hub_casablanca,hub_casablanca_borne_5,2025-11-04 17:08:00,2025-11-04 17:42:00,11.3,reservee,terminee
session_1405,hub_casablanca,hub_casablanca_borne_3,2025-11-04 20:51:00,2025-11-04 21:12:00,14.6,reservee,terminee
session_1406,hub_casablanca,hub_casablanca_borne_6,2025-11-04 22:11:00,2025-11-04 23:14:00,24.5,reservee,terminee
session_1407,hub_casablanca,hub_casablanca_borne_4,2025-11-05 20:21:00,2025-11-05 21:49:00,24.2,walk_in,terminee
session_1408,hub_casablanca,hub_casablanca_borne_2,2025-11-05 13:57:00,2025-11-05 14:42:00,40.0,walk_in,terminee
session_1409,hub_casablanca,hub_casablanca_borne_5,2025-11-06 15:04:00,2025-11-06 15:35:00,7.7,reservee,terminee
session_1410,hub_casablanca,hub_casablanca_borne_6,2025-11-06 12:40:00,2025-11-06 13:44:00,27.1,reservee,terminee
session_1411,hub_casablanca,hub_casablanca_borne_1,2025-11-06 20:36:00,2025-11-06 21:35:00,11.5,walk_in,terminee
session_1412,hub_casablanca,hub_casablanca_borne_1,2025-11-06 14:25:00,2025-11-06 15:02:00,33.3,reservee,terminee
session_1413,hub_casablanca,hub_casablanca_borne_6,2025-11-06 19:52:00,2025-11-06 20:37:00,15.7,reservee,terminee
session_1414,hub_casablanca,hub_casablanca_borne_6,2025-11-06 18:01:00,2025-11-06 18:56:00,8.0,reservee,terminee
session_1415,hub_casablanca,hub_casablanca_borne_1,2025-11-06 18:04:00,2025-11-06 19:21:00,14.2,reservee,terminee
session_1416,hub_casablanca,hub_casablanca_borne_4,2025-11-06 16:29:00,2025-11-06 17:53:00,17.4,walk_in,terminee
session_1417,hub_casablanca,hub_casablanca_borne_1,2025-11-07 22:56:00,2025-11-07 23:46:00,23.3,reservee,terminee
session_1418,hub_casablanca,hub_casablanca_borne_2,2025-11-07 16:41:00,2025-11-07 17:37:00,10.2,walk_in,terminee
session_1419,hub_casablanca,hub_casablanca_borne_4,2025-11-08 14:21:00,2025-11-08 15:25:00,23.3,walk_in,terminee
session_1420,hub_casablanca,hub_casablanca_borne_5,2025-11-08 13:03:00,2025-11-08 14:06:00,27.9,reservee,terminee
session_1421,hub_casablanca,hub_casablanca_borne_1,2025-11-08 18:47:00,2025-11-08 19:12:00,27.1,reservee,terminee
session_1422,hub_casablanca,hub_casablanca_borne_4,2025-11-09 12:07:00,2025-11-09 12:32:00,30.0,reservee,terminee
session_1423,hub_casablanca,hub_casablanca_borne_2,2025-11-09 16:48:00,2025-11-09 18:04:00,34.9,reservee,terminee
session_1424,hub_casablanca,hub_casablanca_borne_4,2025-11-09 13:08:00,2025-11-09 14:18:00,8.4,walk_in,terminee
session_1425,hub_casablanca,hub_casablanca_borne_5,2025-11-09 13:29:00,2025-11-09 14:22:00,11.3,reservee,terminee
session_1426,hub_casablanca,hub_casablanca_borne_5,2025-11-10 15:55:00,2025-11-10 16:50:00,23.5,walk_in,terminee
session_1427,hub_casablanca,hub_casablanca_borne_2,2025-11-10 13:55:00,2025-11-10 15:03:00,27.2,reservee,terminee
session_1428,hub_casablanca,hub_casablanca_borne_1,2025-11-10 15:00:00,2025-11-10 15:24:00,25.8,walk_in,terminee
session_1429,hub_casablanca,hub_casablanca_borne_1,2025-11-10 16:43:00,2025-11-10 18:09:00,31.0,walk_in,terminee
session_1430,hub_casablanca,hub_casablanca_borne_5,2025-11-11 14:38:00,2025-11-11 14:59:00,25.0,walk_in,terminee
session_1431,hub_casablanca,hub_casablanca_borne_6,2025-11-11 20:17:00,2025-11-11 21:27:00,10.1,walk_in,terminee
session_1432,hub_casablanca,hub_casablanca_borne_1,2025-11-11 14:29:00,2025-11-11 15:19:00,22.5,reservee,terminee
session_1433,hub_casablanca,hub_casablanca_borne_1,2025-11-11 14:50:00,2025-11-11 16:06:00,10.7,walk_in,terminee
session_1434,hub_casablanca,hub_casablanca_borne_6,2025-11-11 15:25:00,2025-11-11 15:48:00,37.6,reservee,terminee
session_1435,hub_casablanca,hub_casablanca_borne_6,2025-11-11 20:44:00,2025-11-11 21:22:00,34.2,reservee,terminee
session_1436,hub_casablanca,hub_casablanca_borne_5,2025-11-12 21:41:00,2025-11-12 22:29:00,19.2,reservee,terminee
session_1437,hub_casablanca,hub_casablanca_borne_3,2025-11-12 16:56:00,2025-11-12 17:36:00,9.9,reservee,terminee
session_1438,hub_casablanca,hub_casablanca_borne_6,2025-11-12 13:05:00,2025-11-12 13:35:00,20.7,reservee,terminee
session_1439,hub_casablanca,hub_casablanca_borne_2,2025-11-12 13:03:00,2025-11-12 14:01:00,18.4,reservee,terminee
session_1440,hub_casablanca,hub_casablanca_borne_3,2025-11-12 17:12:00,2025-11-12 17:36:00,9.0,walk_in,terminee
session_1441,hub_casablanca,hub_casablanca_borne_5,2025-11-12 17:18:00,2025-11-12 17:46:00,31.4,walk_in,terminee
session_1442,hub_casablanca,hub_casablanca_borne_5,2025-11-12 15:47:00,2025-11-12 16:35:00,35.1,walk_in,terminee
session_1443,hub_casablanca,hub_casablanca_borne_1,2025-11-12 17:28:00,2025-11-12 18:06:00,8.0,walk_in,terminee
session_1444,hub_casablanca,hub_casablanca_borne_1,2025-11-12 22:58:00,2025-11-12 23:51:00,18.0,walk_in,terminee
session_1445,hub_casablanca,hub_casablanca_borne_4,2025-11-13 17:58:00,2025-11-13 18:30:00,7.7,reservee,terminee
session_1446,hub_casablanca,hub_casablanca_borne_1,2025-11-13 16:36:00,2025-11-13 17:42:00,22.9,reservee,terminee
session_1447,hub_casablanca,hub_casablanca_borne_6,2025-11-13 16:37:00,2025-11-13 17:53:00,32.7,walk_in,terminee
session_1448,hub_casablanca,hub_casablanca_borne_6,2025-11-13 20:07:00,2025-11-13 21:33:00,36.2,reservee,terminee
session_1449,hub_casablanca,hub_casablanca_borne_6,2025-11-13 18:35:00,2025-11-13 19:25:00,31.2,reservee,terminee
session_1450,hub_casablanca,hub_casablanca_borne_1,2025-11-14 22:17:00,2025-11-14 23:08:00,23.6,reservee,terminee
session_1451,hub_casablanca,hub_casablanca_borne_1,2025-11-14 16:40:00,2025-11-14 17:05:00,18.1,walk_in,terminee
session_1452,hub_casablanca,hub_casablanca_borne_5,2025-11-15 15:10:00,2025-11-15 16:06:00,28.1,reservee,terminee
session_1453,hub_casablanca,hub_casablanca_borne_5,2025-11-15 14:37:00,2025-11-15 15:12:00,18.1,reservee,terminee
session_1454,hub_casablanca,hub_casablanca_borne_6,2025-11-15 07:07:00,2025-11-15 07:29:00,6.6,reservee,terminee
session_1455,hub_casablanca,hub_casablanca_borne_2,2025-11-15 08:01:00,2025-11-15 08:41:00,7.0,reservee,terminee
session_1456,hub_casablanca,hub_casablanca_borne_1,2025-11-15 18:40:00,2025-11-15 19:51:00,12.9,walk_in,terminee
session_1457,hub_casablanca,hub_casablanca_borne_5,2025-11-16 14:03:00,2025-11-16 15:30:00,11.1,reservee,terminee
session_1458,hub_casablanca,hub_casablanca_borne_1,2025-11-16 12:52:00,2025-11-16 14:09:00,36.9,reservee,terminee
session_1459,hub_casablanca,hub_casablanca_borne_6,2025-11-16 08:22:00,2025-11-16 08:45:00,36.8,reservee,terminee
session_1460,hub_casablanca,hub_casablanca_borne_3,2025-11-16 14:46:00,2025-11-16 15:21:00,29.8,walk_in,terminee
session_1461,hub_casablanca,hub_casablanca_borne_4,2025-11-16 18:00:00,2025-11-16 18:31:00,21.5,walk_in,terminee
session_1462,hub_casablanca,hub_casablanca_borne_6,2025-11-17 13:32:00,2025-11-17 14:50:00,18.6,reservee,terminee
session_1463,hub_casablanca,hub_casablanca_borne_3,2025-11-17 19:14:00,2025-11-17 20:22:00,17.6,reservee,terminee
session_1464,hub_casablanca,hub_casablanca_borne_1,2025-11-17 22:38:00,2025-11-17 23:40:00,23.1,reservee,terminee
session_1465,hub_casablanca,hub_casablanca_borne_2,2025-11-18 16:03:00,2025-11-18 16:52:00,5.0,walk_in,terminee
session_1466,hub_casablanca,hub_casablanca_borne_1,2025-11-18 16:02:00,2025-11-18 17:19:00,28.0,reservee,terminee
session_1467,hub_casablanca,hub_casablanca_borne_3,2025-11-19 22:14:00,2025-11-19 22:42:00,27.6,reservee,terminee
session_1468,hub_casablanca,hub_casablanca_borne_2,2025-11-19 22:44:00,2025-11-19 23:58:00,6.4,walk_in,terminee
session_1469,hub_casablanca,hub_casablanca_borne_6,2025-11-19 21:29:00,2025-11-19 21:49:00,36.4,reservee,terminee
session_1470,hub_casablanca,hub_casablanca_borne_5,2025-11-19 18:47:00,2025-11-19 19:55:00,37.2,reservee,terminee
session_1471,hub_casablanca,hub_casablanca_borne_6,2025-11-20 19:18:00,2025-11-20 20:38:00,8.8,walk_in,terminee
session_1472,hub_casablanca,hub_casablanca_borne_6,2025-11-20 18:19:00,2025-11-20 19:00:00,24.7,reservee,terminee
session_1473,hub_casablanca,hub_casablanca_borne_5,2025-11-20 11:52:00,2025-11-20 12:26:00,23.7,reservee,terminee
session_1474,hub_casablanca,hub_casablanca_borne_1,2025-11-20 22:57:00,2025-11-21 00:03:00,6.2,walk_in,terminee
session_1475,hub_casablanca,hub_casablanca_borne_2,2025-11-20 17:04:00,2025-11-20 18:11:00,22.5,reservee,terminee
session_1476,hub_casablanca,hub_casablanca_borne_6,2025-11-21 15:53:00,2025-11-21 16:29:00,32.5,reservee,terminee
session_1477,hub_casablanca,hub_casablanca_borne_2,2025-11-21 17:02:00,2025-11-21 18:19:00,13.4,walk_in,terminee
session_1478,hub_casablanca,hub_casablanca_borne_4,2025-11-21 18:58:00,2025-11-21 20:15:00,22.0,walk_in,terminee
session_1479,hub_casablanca,hub_casablanca_borne_4,2025-11-22 14:57:00,2025-11-22 15:18:00,5.4,reservee,terminee
session_1480,hub_casablanca,hub_casablanca_borne_4,2025-11-22 12:31:00,2025-11-22 13:41:00,8.3,walk_in,terminee
session_1481,hub_casablanca,hub_casablanca_borne_1,2025-11-22 10:37:00,2025-11-22 11:04:00,29.8,walk_in,terminee
session_1482,hub_casablanca,hub_casablanca_borne_1,2025-11-22 13:16:00,2025-11-22 13:36:00,39.5,reservee,terminee
session_1483,hub_casablanca,hub_casablanca_borne_4,2025-11-22 15:56:00,2025-11-22 17:14:00,33.5,reservee,terminee
session_1484,hub_casablanca,hub_casablanca_borne_3,2025-11-22 15:20:00,2025-11-22 16:05:00,9.9,reservee,terminee
session_1485,hub_casablanca,hub_casablanca_borne_2,2025-11-23 17:02:00,2025-11-23 17:43:00,10.5,reservee,terminee
session_1486,hub_casablanca,hub_casablanca_borne_6,2025-11-23 15:18:00,2025-11-23 16:28:00,22.8,reservee,terminee
session_1487,hub_casablanca,hub_casablanca_borne_3,2025-11-23 14:55:00,2025-11-23 15:22:00,27.2,walk_in,terminee
session_1488,hub_casablanca,hub_casablanca_borne_2,2025-11-23 17:10:00,2025-11-23 17:49:00,15.9,walk_in,terminee
session_1489,hub_casablanca,hub_casablanca_borne_2,2025-11-23 08:07:00,2025-11-23 09:31:00,10.7,walk_in,terminee
session_1490,hub_casablanca,hub_casablanca_borne_4,2025-11-23 10:44:00,2025-11-23 11:54:00,8.9,walk_in,terminee
session_1491,hub_casablanca,hub_casablanca_borne_2,2025-11-24 13:38:00,2025-11-24 14:21:00,21.5,walk_in,terminee
session_1492,hub_casablanca,hub_casablanca_borne_3,2025-11-24 19:41:00,2025-11-24 20:01:00,5.8,walk_in,terminee
session_1493,hub_casablanca,hub_casablanca_borne_5,2025-11-24 16:49:00,2025-11-24 17:21:00,5.5,reservee,terminee
session_1494,hub_casablanca,hub_casablanca_borne_5,2025-11-24 13:52:00,2025-11-24 14:45:00,33.4,reservee,terminee
session_1495,hub_casablanca,hub_casablanca_borne_2,2025-11-24 20:54:00,2025-11-24 21:41:00,38.6,reservee,terminee
session_1496,hub_casablanca,hub_casablanca_borne_1,2025-11-25 19:10:00,2025-11-25 20:20:00,30.0,reservee,terminee
session_1497,hub_casablanca,hub_casablanca_borne_4,2025-11-25 14:07:00,2025-11-25 15:34:00,28.0,walk_in,terminee
session_1498,hub_casablanca,hub_casablanca_borne_5,2025-11-25 19:09:00,2025-11-25 20:03:00,28.3,reservee,terminee
session_1499,hub_casablanca,hub_casablanca_borne_6,2025-11-25 18:37:00,2025-11-25 19:57:00,28.1,reservee,terminee
session_1500,hub_casablanca,hub_casablanca_borne_6,2025-11-25 18:13:00,2025-11-25 19:41:00,32.0,walk_in,terminee
session_1501,hub_casablanca,hub_casablanca_borne_1,2025-11-26 11:17:00,2025-11-26 11:59:00,35.1,reservee,terminee
session_1502,hub_casablanca,hub_casablanca_borne_3,2025-11-26 17:32:00,2025-11-26 18:23:00,15.9,reservee,terminee
session_1503,hub_casablanca,hub_casablanca_borne_2,2025-11-26 14:05:00,2025-11-26 14:33:00,10.7,reservee,terminee
session_1504,hub_casablanca,hub_casablanca_borne_1,2025-11-26 19:07:00,2025-11-26 19:53:00,35.8,reservee,terminee
session_1505,hub_casablanca,hub_casablanca_borne_3,2025-11-26 16:49:00,2025-11-26 17:47:00,12.4,walk_in,terminee
session_1506,hub_casablanca,hub_casablanca_borne_5,2025-11-26 22:02:00,2025-11-26 22:22:00,33.9,reservee,terminee
session_1507,hub_casablanca,hub_casablanca_borne_2,2025-11-27 19:24:00,2025-11-27 20:31:00,21.7,walk_in,terminee
session_1508,hub_casablanca,hub_casablanca_borne_1,2025-11-27 22:20:00,2025-11-27 23:03:00,22.1,walk_in,terminee
session_1509,hub_casablanca,hub_casablanca_borne_4,2025-11-27 20:43:00,2025-11-27 21:13:00,24.6,reservee,terminee
session_1510,hub_casablanca,hub_casablanca_borne_4,2025-11-28 17:18:00,2025-11-28 18:40:00,11.6,reservee,terminee
session_1511,hub_casablanca,hub_casablanca_borne_4,2025-11-28 15:05:00,2025-11-28 16:16:00,14.4,walk_in,terminee
session_1512,hub_casablanca,hub_casablanca_borne_6,2025-11-28 16:12:00,2025-11-28 16:35:00,6.6,reservee,terminee
session_1513,hub_casablanca,hub_casablanca_borne_5,2025-11-28 20:20:00,2025-11-28 20:57:00,12.7,walk_in,terminee
session_1514,hub_casablanca,hub_casablanca_borne_1,2025-11-28 15:27:00,2025-11-28 15:47:00,37.2,reservee,terminee
session_1515,hub_casablanca,hub_casablanca_borne_1,2025-11-29 13:21:00,2025-11-29 13:41:00,19.6,reservee,terminee
session_1516,hub_casablanca,hub_casablanca_borne_4,2025-11-29 10:33:00,2025-11-29 11:41:00,5.0,reservee,terminee
session_1517,hub_casablanca,hub_casablanca_borne_5,2025-11-29 16:47:00,2025-11-29 17:57:00,28.2,walk_in,terminee
session_1518,hub_casablanca,hub_casablanca_borne_5,2025-11-29 08:43:00,2025-11-29 09:08:00,7.2,reservee,terminee
session_1519,hub_casablanca,hub_casablanca_borne_5,2025-11-29 13:44:00,2025-11-29 14:27:00,14.6,walk_in,terminee
session_1520,hub_casablanca,hub_casablanca_borne_2,2025-11-29 10:10:00,2025-11-29 10:55:00,19.0,reservee,terminee
session_1521,hub_casablanca,hub_casablanca_borne_6,2025-11-29 14:13:00,2025-11-29 14:56:00,16.0,walk_in,terminee
session_1522,hub_casablanca,hub_casablanca_borne_1,2025-11-29 13:02:00,2025-11-29 14:27:00,32.7,walk_in,terminee
session_1523,hub_casablanca,hub_casablanca_borne_2,2025-11-29 14:18:00,2025-11-29 15:26:00,15.7,walk_in,terminee
session_1524,hub_casablanca,hub_casablanca_borne_3,2025-11-29 13:53:00,2025-11-29 15:11:00,38.8,reservee,terminee
session_1525,hub_casablanca,hub_casablanca_borne_2,2025-11-30 11:50:00,2025-11-30 12:52:00,17.4,reservee,terminee
session_1526,hub_casablanca,hub_casablanca_borne_1,2025-11-30 17:27:00,2025-11-30 17:50:00,39.4,walk_in,terminee
session_1527,hub_casablanca,hub_casablanca_borne_2,2025-11-30 09:25:00,2025-11-30 10:51:00,12.0,reservee,terminee
session_1528,hub_casablanca,hub_casablanca_borne_6,2025-11-30 13:29:00,2025-11-30 13:57:00,15.7,walk_in,terminee
session_1529,hub_casablanca,hub_casablanca_borne_6,2025-11-30 11:20:00,2025-11-30 11:44:00,28.3,walk_in,terminee
session_1530,hub_casablanca,hub_casablanca_borne_3,2025-11-30 11:58:00,2025-11-30 12:35:00,25.1,walk_in,terminee
session_1531,hub_casablanca,hub_casablanca_borne_4,2025-12-01 20:07:00,2025-12-01 20:28:00,22.1,reservee,terminee
session_1532,hub_casablanca,hub_casablanca_borne_6,2025-12-01 22:50:00,2025-12-01 23:34:00,22.8,walk_in,terminee
session_1533,hub_casablanca,hub_casablanca_borne_3,2025-12-01 17:47:00,2025-12-01 18:43:00,12.8,reservee,terminee
session_1534,hub_casablanca,hub_casablanca_borne_2,2025-12-01 17:13:00,2025-12-01 17:46:00,18.0,walk_in,terminee
session_1535,hub_casablanca,hub_casablanca_borne_2,2025-12-02 21:54:00,2025-12-02 22:56:00,37.5,reservee,terminee
session_1536,hub_casablanca,hub_casablanca_borne_5,2025-12-02 17:57:00,2025-12-02 18:18:00,38.3,reservee,terminee
session_1537,hub_casablanca,hub_casablanca_borne_3,2025-12-02 13:32:00,2025-12-02 14:31:00,17.6,walk_in,terminee
session_1538,hub_casablanca,hub_casablanca_borne_2,2025-12-03 16:11:00,2025-12-03 17:18:00,7.7,reservee,terminee
session_1539,hub_casablanca,hub_casablanca_borne_5,2025-12-03 16:25:00,2025-12-03 17:19:00,39.6,reservee,terminee
session_1540,hub_casablanca,hub_casablanca_borne_1,2025-12-03 20:14:00,2025-12-03 21:24:00,32.2,reservee,terminee
session_1541,hub_casablanca,hub_casablanca_borne_5,2025-12-03 17:30:00,2025-12-03 17:51:00,28.9,walk_in,terminee
session_1542,hub_casablanca,hub_casablanca_borne_1,2025-12-03 16:45:00,2025-12-03 17:26:00,27.2,walk_in,terminee
session_1543,hub_casablanca,hub_casablanca_borne_3,2025-12-03 18:11:00,2025-12-03 19:18:00,37.7,reservee,terminee
session_1544,hub_casablanca,hub_casablanca_borne_4,2025-12-03 18:25:00,2025-12-03 18:48:00,18.9,walk_in,terminee
session_1545,hub_casablanca,hub_casablanca_borne_1,2025-12-04 15:38:00,2025-12-04 16:16:00,22.7,reservee,terminee
session_1546,hub_casablanca,hub_casablanca_borne_1,2025-12-04 17:18:00,2025-12-04 18:45:00,21.5,reservee,terminee
session_1547,hub_casablanca,hub_casablanca_borne_4,2025-12-04 17:42:00,2025-12-04 18:14:00,11.6,reservee,terminee
session_1548,hub_casablanca,hub_casablanca_borne_2,2025-12-04 21:28:00,2025-12-04 21:55:00,32.5,reservee,terminee
session_1549,hub_casablanca,hub_casablanca_borne_5,2025-12-04 14:00:00,2025-12-04 15:03:00,14.9,reservee,terminee
session_1550,hub_casablanca,hub_casablanca_borne_2,2025-12-05 15:36:00,2025-12-05 16:34:00,6.3,walk_in,terminee
session_1551,hub_casablanca,hub_casablanca_borne_2,2025-12-05 22:02:00,2025-12-05 22:41:00,21.7,walk_in,terminee
session_1552,hub_casablanca,hub_casablanca_borne_5,2025-12-05 14:21:00,2025-12-05 15:35:00,23.4,reservee,terminee
session_1553,hub_casablanca,hub_casablanca_borne_4,2025-12-05 16:36:00,2025-12-05 18:04:00,28.2,reservee,terminee
session_1554,hub_casablanca,hub_casablanca_borne_5,2025-12-05 18:50:00,2025-12-05 19:36:00,12.0,reservee,terminee
session_1555,hub_casablanca,hub_casablanca_borne_2,2025-12-05 18:13:00,2025-12-05 19:13:00,31.9,walk_in,terminee
session_1556,hub_casablanca,hub_casablanca_borne_3,2025-12-06 17:03:00,2025-12-06 18:18:00,27.6,reservee,terminee
session_1557,hub_casablanca,hub_casablanca_borne_6,2025-12-06 13:07:00,2025-12-06 13:31:00,39.8,walk_in,terminee
session_1558,hub_casablanca,hub_casablanca_borne_2,2025-12-06 09:56:00,2025-12-06 10:46:00,36.5,walk_in,terminee
session_1559,hub_casablanca,hub_casablanca_borne_5,2025-12-06 17:41:00,2025-12-06 18:47:00,32.0,reservee,terminee
session_1560,hub_casablanca,hub_casablanca_borne_1,2025-12-07 15:32:00,2025-12-07 16:46:00,10.7,reservee,terminee
session_1561,hub_casablanca,hub_casablanca_borne_3,2025-12-07 12:10:00,2025-12-07 12:34:00,27.9,reservee,terminee
session_1562,hub_casablanca,hub_casablanca_borne_6,2025-12-07 11:44:00,2025-12-07 12:05:00,21.8,walk_in,terminee
session_1563,hub_casablanca,hub_casablanca_borne_1,2025-12-07 11:56:00,2025-12-07 13:01:00,8.8,reservee,terminee
session_1564,hub_casablanca,hub_casablanca_borne_5,2025-12-07 15:20:00,2025-12-07 16:30:00,10.5,reservee,terminee
session_1565,hub_casablanca,hub_casablanca_borne_2,2025-12-07 16:45:00,2025-12-07 17:41:00,38.5,walk_in,terminee
session_1566,hub_casablanca,hub_casablanca_borne_3,2025-12-08 16:32:00,2025-12-08 17:29:00,37.4,reservee,terminee
session_1567,hub_casablanca,hub_casablanca_borne_4,2025-12-08 13:01:00,2025-12-08 14:14:00,37.2,reservee,terminee
session_1568,hub_casablanca,hub_casablanca_borne_1,2025-12-08 14:49:00,2025-12-08 15:32:00,23.2,walk_in,terminee
session_1569,hub_casablanca,hub_casablanca_borne_6,2025-12-08 19:37:00,2025-12-08 20:27:00,11.1,walk_in,terminee
session_1570,hub_casablanca,hub_casablanca_borne_2,2025-12-09 18:05:00,2025-12-09 19:19:00,19.5,reservee,terminee
session_1571,hub_casablanca,hub_casablanca_borne_4,2025-12-09 13:25:00,2025-12-09 14:32:00,26.3,walk_in,terminee
session_1572,hub_casablanca,hub_casablanca_borne_1,2025-12-09 15:03:00,2025-12-09 16:19:00,26.6,reservee,terminee
session_1573,hub_casablanca,hub_casablanca_borne_2,2025-12-09 15:26:00,2025-12-09 16:01:00,21.5,reservee,terminee
session_1574,hub_casablanca,hub_casablanca_borne_6,2025-12-09 11:44:00,2025-12-09 13:05:00,32.7,reservee,terminee
session_1575,hub_casablanca,hub_casablanca_borne_4,2025-12-09 22:22:00,2025-12-09 23:47:00,38.2,walk_in,terminee
session_1576,hub_casablanca,hub_casablanca_borne_2,2025-12-09 22:51:00,2025-12-09 23:20:00,25.4,reservee,terminee
session_1577,hub_casablanca,hub_casablanca_borne_5,2025-12-09 19:39:00,2025-12-09 21:06:00,32.2,reservee,terminee
session_1578,hub_casablanca,hub_casablanca_borne_3,2025-12-10 22:35:00,2025-12-10 23:06:00,15.4,walk_in,terminee
session_1579,hub_casablanca,hub_casablanca_borne_6,2025-12-10 18:37:00,2025-12-10 19:02:00,38.9,walk_in,terminee
session_1580,hub_casablanca,hub_casablanca_borne_4,2025-12-10 15:41:00,2025-12-10 16:59:00,32.5,walk_in,terminee
session_1581,hub_casablanca,hub_casablanca_borne_1,2025-12-10 18:18:00,2025-12-10 19:12:00,33.6,reservee,terminee
session_1582,hub_casablanca,hub_casablanca_borne_2,2025-12-10 16:26:00,2025-12-10 17:43:00,10.0,reservee,terminee
session_1583,hub_casablanca,hub_casablanca_borne_4,2025-12-11 13:58:00,2025-12-11 15:12:00,12.8,walk_in,terminee
session_1584,hub_casablanca,hub_casablanca_borne_2,2025-12-11 16:10:00,2025-12-11 16:37:00,11.9,walk_in,terminee
session_1585,hub_casablanca,hub_casablanca_borne_1,2025-12-11 15:44:00,2025-12-11 17:10:00,25.1,reservee,terminee
session_1586,hub_casablanca,hub_casablanca_borne_5,2025-12-11 21:25:00,2025-12-11 22:19:00,34.1,walk_in,terminee
session_1587,hub_casablanca,hub_casablanca_borne_5,2025-12-11 16:41:00,2025-12-11 17:38:00,34.0,walk_in,terminee
session_1588,hub_casablanca,hub_casablanca_borne_3,2025-12-12 17:06:00,2025-12-12 17:58:00,26.2,walk_in,terminee
session_1589,hub_casablanca,hub_casablanca_borne_5,2025-12-12 15:45:00,2025-12-12 16:33:00,10.0,walk_in,terminee
session_1590,hub_casablanca,hub_casablanca_borne_2,2025-12-12 18:57:00,2025-12-12 19:55:00,27.6,walk_in,terminee
session_1591,hub_casablanca,hub_casablanca_borne_5,2025-12-12 21:25:00,2025-12-12 22:19:00,11.2,walk_in,terminee
session_1592,hub_casablanca,hub_casablanca_borne_2,2025-12-13 14:02:00,2025-12-13 14:33:00,39.5,walk_in,terminee
session_1593,hub_casablanca,hub_casablanca_borne_4,2025-12-13 12:36:00,2025-12-13 13:50:00,36.4,reservee,terminee
session_1594,hub_casablanca,hub_casablanca_borne_1,2025-12-13 11:58:00,2025-12-13 12:36:00,21.2,reservee,terminee
session_1595,hub_casablanca,hub_casablanca_borne_4,2025-12-13 12:42:00,2025-12-13 13:28:00,37.9,walk_in,terminee
session_1596,hub_casablanca,hub_casablanca_borne_1,2025-12-14 16:10:00,2025-12-14 17:15:00,21.3,walk_in,terminee
session_1597,hub_casablanca,hub_casablanca_borne_3,2025-12-14 16:54:00,2025-12-14 18:17:00,11.5,walk_in,terminee
session_1598,hub_casablanca,hub_casablanca_borne_2,2025-12-14 07:37:00,2025-12-14 08:17:00,13.7,reservee,terminee
session_1599,hub_casablanca,hub_casablanca_borne_6,2025-12-14 14:46:00,2025-12-14 15:08:00,15.6,reservee,terminee
session_1600,hub_casablanca,hub_casablanca_borne_4,2025-12-14 12:19:00,2025-12-14 13:40:00,21.7,walk_in,terminee
session_1601,hub_casablanca,hub_casablanca_borne_6,2025-12-14 12:27:00,2025-12-14 13:30:00,14.1,reservee,terminee
session_1602,hub_casablanca,hub_casablanca_borne_6,2025-12-14 18:43:00,2025-12-14 19:12:00,6.1,reservee,terminee
session_1603,hub_casablanca,hub_casablanca_borne_3,2025-12-14 14:48:00,2025-12-14 15:44:00,38.9,reservee,terminee
session_1604,hub_casablanca,hub_casablanca_borne_4,2025-12-15 19:32:00,2025-12-15 20:32:00,15.2,reservee,terminee
session_1605,hub_casablanca,hub_casablanca_borne_1,2025-12-15 20:55:00,2025-12-15 21:42:00,25.5,reservee,terminee
session_1606,hub_casablanca,hub_casablanca_borne_5,2025-12-15 15:04:00,2025-12-15 16:16:00,30.4,reservee,terminee
session_1607,hub_casablanca,hub_casablanca_borne_5,2025-12-15 22:56:00,2025-12-15 23:23:00,11.4,reservee,terminee
session_1608,hub_casablanca,hub_casablanca_borne_2,2025-12-16 19:40:00,2025-12-16 20:23:00,7.7,reservee,terminee
session_1609,hub_casablanca,hub_casablanca_borne_1,2025-12-16 20:07:00,2025-12-16 21:17:00,32.1,walk_in,terminee
session_1610,hub_casablanca,hub_casablanca_borne_2,2025-12-16 19:12:00,2025-12-16 20:35:00,29.7,reservee,terminee
session_1611,hub_casablanca,hub_casablanca_borne_2,2025-12-16 18:29:00,2025-12-16 19:20:00,19.7,walk_in,terminee
session_1612,hub_casablanca,hub_casablanca_borne_5,2025-12-16 18:16:00,2025-12-16 19:20:00,29.0,walk_in,terminee
session_1613,hub_casablanca,hub_casablanca_borne_3,2025-12-16 22:23:00,2025-12-16 23:36:00,15.5,reservee,terminee
session_1614,hub_casablanca,hub_casablanca_borne_4,2025-12-17 20:41:00,2025-12-17 22:09:00,20.9,reservee,terminee
session_1615,hub_casablanca,hub_casablanca_borne_5,2025-12-18 20:45:00,2025-12-18 21:12:00,35.0,walk_in,terminee
session_1616,hub_casablanca,hub_casablanca_borne_6,2025-12-18 19:13:00,2025-12-18 20:09:00,34.7,reservee,terminee
session_1617,hub_casablanca,hub_casablanca_borne_2,2025-12-18 15:17:00,2025-12-18 15:53:00,35.5,reservee,terminee
session_1618,hub_casablanca,hub_casablanca_borne_5,2025-12-18 21:17:00,2025-12-18 22:30:00,5.8,reservee,terminee
session_1619,hub_casablanca,hub_casablanca_borne_2,2025-12-18 18:18:00,2025-12-18 19:06:00,21.7,reservee,terminee
session_1620,hub_casablanca,hub_casablanca_borne_1,2025-12-19 20:54:00,2025-12-19 22:03:00,25.9,walk_in,terminee
session_1621,hub_casablanca,hub_casablanca_borne_4,2025-12-20 11:38:00,2025-12-20 12:48:00,17.9,reservee,terminee
session_1622,hub_casablanca,hub_casablanca_borne_2,2025-12-20 10:54:00,2025-12-20 12:16:00,17.6,reservee,terminee
session_1623,hub_casablanca,hub_casablanca_borne_6,2025-12-20 15:42:00,2025-12-20 16:37:00,18.6,reservee,terminee
session_1624,hub_casablanca,hub_casablanca_borne_5,2025-12-20 19:22:00,2025-12-20 20:46:00,28.1,walk_in,terminee
session_1625,hub_casablanca,hub_casablanca_borne_4,2025-12-20 09:26:00,2025-12-20 10:51:00,38.6,walk_in,terminee
session_1626,hub_casablanca,hub_casablanca_borne_5,2025-12-20 16:12:00,2025-12-20 16:58:00,37.8,reservee,terminee
session_1627,hub_casablanca,hub_casablanca_borne_2,2025-12-21 14:55:00,2025-12-21 15:57:00,19.2,reservee,terminee
session_1628,hub_casablanca,hub_casablanca_borne_6,2025-12-21 15:23:00,2025-12-21 16:25:00,14.8,reservee,terminee
session_1629,hub_casablanca,hub_casablanca_borne_3,2025-12-21 17:31:00,2025-12-21 18:31:00,16.8,reservee,terminee
session_1630,hub_casablanca,hub_casablanca_borne_1,2025-12-21 13:41:00,2025-12-21 14:16:00,9.1,walk_in,terminee
session_1631,hub_casablanca,hub_casablanca_borne_4,2025-12-21 13:52:00,2025-12-21 14:54:00,30.0,reservee,terminee
session_1632,hub_casablanca,hub_casablanca_borne_2,2025-12-21 09:48:00,2025-12-21 10:32:00,31.7,reservee,terminee
session_1633,hub_casablanca,hub_casablanca_borne_5,2025-12-21 14:47:00,2025-12-21 15:09:00,35.8,walk_in,terminee
session_1634,hub_casablanca,hub_casablanca_borne_5,2025-12-21 09:47:00,2025-12-21 10:52:00,16.9,walk_in,terminee
session_1635,hub_casablanca,hub_casablanca_borne_2,2025-12-21 10:50:00,2025-12-21 11:56:00,15.1,walk_in,terminee
session_1636,hub_casablanca,hub_casablanca_borne_4,2025-12-21 14:23:00,2025-12-21 14:52:00,29.0,reservee,terminee
session_1637,hub_casablanca,hub_casablanca_borne_4,2025-12-21 15:56:00,2025-12-21 17:09:00,13.5,walk_in,terminee
session_1638,hub_casablanca,hub_casablanca_borne_1,2025-12-21 15:29:00,2025-12-21 16:54:00,18.2,reservee,terminee
session_1639,hub_casablanca,hub_casablanca_borne_4,2025-12-22 10:16:00,2025-12-22 11:18:00,33.2,walk_in,terminee
session_1640,hub_casablanca,hub_casablanca_borne_3,2025-12-22 12:14:00,2025-12-22 12:43:00,17.8,walk_in,terminee
session_1641,hub_casablanca,hub_casablanca_borne_4,2025-12-22 16:18:00,2025-12-22 17:29:00,12.5,reservee,terminee
session_1642,hub_casablanca,hub_casablanca_borne_6,2025-12-22 16:24:00,2025-12-22 17:24:00,13.1,reservee,terminee
session_1643,hub_casablanca,hub_casablanca_borne_4,2025-12-22 16:20:00,2025-12-22 17:42:00,20.1,reservee,terminee
session_1644,hub_casablanca,hub_casablanca_borne_3,2025-12-22 22:06:00,2025-12-22 23:27:00,16.5,walk_in,terminee
session_1645,hub_casablanca,hub_casablanca_borne_2,2025-12-22 21:04:00,2025-12-22 22:00:00,13.0,walk_in,terminee
session_1646,hub_casablanca,hub_casablanca_borne_4,2025-12-22 19:11:00,2025-12-22 20:20:00,15.9,walk_in,terminee
session_1647,hub_casablanca,hub_casablanca_borne_6,2025-12-22 16:34:00,2025-12-22 17:54:00,25.6,reservee,terminee
session_1648,hub_casablanca,hub_casablanca_borne_2,2025-12-23 20:03:00,2025-12-23 21:10:00,10.5,reservee,terminee
session_1649,hub_casablanca,hub_casablanca_borne_2,2025-12-23 22:05:00,2025-12-23 23:11:00,26.4,walk_in,terminee
session_1650,hub_casablanca,hub_casablanca_borne_2,2025-12-24 14:25:00,2025-12-24 15:30:00,22.4,reservee,terminee
session_1651,hub_casablanca,hub_casablanca_borne_2,2025-12-24 14:26:00,2025-12-24 15:32:00,36.5,reservee,terminee
session_1652,hub_casablanca,hub_casablanca_borne_5,2025-12-24 22:56:00,2025-12-24 23:38:00,17.4,reservee,terminee
session_1653,hub_casablanca,hub_casablanca_borne_2,2025-12-24 12:46:00,2025-12-24 13:22:00,14.9,reservee,terminee
session_1654,hub_casablanca,hub_casablanca_borne_6,2025-12-24 16:54:00,2025-12-24 18:14:00,36.7,reservee,terminee
session_1655,hub_casablanca,hub_casablanca_borne_5,2025-12-25 15:01:00,2025-12-25 15:30:00,28.9,reservee,terminee
session_1656,hub_casablanca,hub_casablanca_borne_1,2025-12-25 22:40:00,2025-12-25 23:09:00,10.1,reservee,terminee
session_1657,hub_casablanca,hub_casablanca_borne_2,2025-12-26 17:51:00,2025-12-26 18:23:00,14.3,reservee,terminee
session_1658,hub_casablanca,hub_casablanca_borne_5,2025-12-26 18:54:00,2025-12-26 20:11:00,25.6,reservee,terminee
session_1659,hub_casablanca,hub_casablanca_borne_2,2025-12-27 16:35:00,2025-12-27 17:10:00,5.6,walk_in,terminee
session_1660,hub_casablanca,hub_casablanca_borne_6,2025-12-27 15:23:00,2025-12-27 16:48:00,22.6,reservee,terminee
session_1661,hub_casablanca,hub_casablanca_borne_2,2025-12-27 18:24:00,2025-12-27 18:52:00,28.1,reservee,terminee
session_1662,hub_casablanca,hub_casablanca_borne_4,2025-12-27 08:00:00,2025-12-27 08:32:00,10.8,reservee,terminee
session_1663,hub_casablanca,hub_casablanca_borne_3,2025-12-27 08:07:00,2025-12-27 09:13:00,11.2,reservee,terminee
session_1664,hub_casablanca,hub_casablanca_borne_1,2025-12-27 14:38:00,2025-12-27 15:54:00,9.5,walk_in,terminee
session_1665,hub_casablanca,hub_casablanca_borne_3,2025-12-27 13:18:00,2025-12-27 13:43:00,10.5,reservee,terminee
session_1666,hub_casablanca,hub_casablanca_borne_6,2025-12-27 14:30:00,2025-12-27 15:43:00,18.0,walk_in,terminee
session_1667,hub_casablanca,hub_casablanca_borne_6,2025-12-27 09:28:00,2025-12-27 09:54:00,13.7,reservee,terminee
session_1668,hub_casablanca,hub_casablanca_borne_5,2025-12-27 12:44:00,2025-12-27 13:08:00,39.8,reservee,terminee
session_1669,hub_casablanca,hub_casablanca_borne_6,2025-12-28 13:38:00,2025-12-28 14:55:00,21.2,reservee,terminee
session_1670,hub_casablanca,hub_casablanca_borne_3,2025-12-28 13:31:00,2025-12-28 14:23:00,32.3,reservee,terminee
session_1671,hub_casablanca,hub_casablanca_borne_1,2025-12-28 09:27:00,2025-12-28 09:50:00,13.0,reservee,terminee
session_1672,hub_casablanca,hub_casablanca_borne_3,2025-12-28 13:33:00,2025-12-28 14:54:00,24.0,reservee,terminee
session_1673,hub_casablanca,hub_casablanca_borne_3,2025-12-28 16:08:00,2025-12-28 17:07:00,28.9,reservee,terminee
session_1674,hub_casablanca,hub_casablanca_borne_2,2025-12-28 14:18:00,2025-12-28 15:45:00,12.1,reservee,terminee
session_1675,hub_casablanca,hub_casablanca_borne_5,2025-12-28 18:07:00,2025-12-28 18:35:00,19.3,reservee,terminee
session_1676,hub_casablanca,hub_casablanca_borne_1,2025-12-28 17:29:00,2025-12-28 17:54:00,35.2,reservee,terminee
session_1677,hub_casablanca,hub_casablanca_borne_6,2025-12-29 20:28:00,2025-12-29 21:47:00,30.5,walk_in,terminee
session_1678,hub_casablanca,hub_casablanca_borne_5,2025-12-29 17:29:00,2025-12-29 18:58:00,38.6,walk_in,terminee
session_1679,hub_casablanca,hub_casablanca_borne_2,2025-12-29 18:34:00,2025-12-29 19:12:00,35.6,reservee,terminee
session_1680,hub_casablanca,hub_casablanca_borne_2,2025-12-29 18:34:00,2025-12-29 19:33:00,11.2,reservee,terminee
session_1681,hub_casablanca,hub_casablanca_borne_4,2025-12-29 21:20:00,2025-12-29 21:40:00,29.2,reservee,terminee
session_1682,hub_casablanca,hub_casablanca_borne_3,2025-12-29 14:30:00,2025-12-29 15:50:00,10.2,reservee,terminee
session_1683,hub_casablanca,hub_casablanca_borne_1,2025-12-30 19:24:00,2025-12-30 20:13:00,8.7,reservee,terminee
session_1684,hub_casablanca,hub_casablanca_borne_2,2025-12-30 22:29:00,2025-12-30 23:04:00,26.4,reservee,terminee
session_1685,hub_casablanca,hub_casablanca_borne_1,2025-12-30 20:11:00,2025-12-30 21:19:00,23.1,walk_in,terminee
session_1686,hub_casablanca,hub_casablanca_borne_1,2025-12-30 15:57:00,2025-12-30 16:20:00,19.6,reservee,terminee
session_1687,hub_casablanca,hub_casablanca_borne_6,2025-12-31 18:54:00,2025-12-31 19:28:00,8.8,walk_in,terminee
session_1688,hub_casablanca,hub_casablanca_borne_3,2025-12-31 17:18:00,2025-12-31 18:21:00,37.3,reservee,terminee
session_1689,hub_rabat,hub_rabat_borne_1,2025-01-01 15:03:00,2025-01-01 15:27:00,36.4,reservee,terminee
session_1690,hub_rabat,hub_rabat_borne_4,2025-01-01 16:38:00,2025-01-01 17:11:00,21.1,reservee,terminee
session_1691,hub_rabat,hub_rabat_borne_3,2025-01-01 15:14:00,2025-01-01 15:43:00,29.7,reservee,terminee
session_1692,hub_rabat,hub_rabat_borne_2,2025-01-01 15:26:00,2025-01-01 16:35:00,20.0,walk_in,terminee
session_1693,hub_rabat,hub_rabat_borne_6,2025-01-01 16:49:00,2025-01-01 17:59:00,10.2,walk_in,terminee
session_1694,hub_rabat,hub_rabat_borne_5,2025-01-02 22:24:00,2025-01-02 23:31:00,18.0,reservee,terminee
session_1695,hub_rabat,hub_rabat_borne_1,2025-01-02 13:09:00,2025-01-02 13:34:00,33.7,reservee,terminee
session_1696,hub_rabat,hub_rabat_borne_6,2025-01-03 17:07:00,2025-01-03 17:32:00,29.3,walk_in,terminee
session_1697,hub_rabat,hub_rabat_borne_3,2025-01-03 17:04:00,2025-01-03 18:26:00,9.6,reservee,terminee
session_1698,hub_rabat,hub_rabat_borne_5,2025-01-03 16:30:00,2025-01-03 17:27:00,16.8,reservee,terminee
session_1699,hub_rabat,hub_rabat_borne_5,2025-01-03 18:50:00,2025-01-03 19:32:00,14.6,reservee,terminee
session_1700,hub_rabat,hub_rabat_borne_1,2025-01-03 18:01:00,2025-01-03 19:16:00,14.0,walk_in,terminee
session_1701,hub_rabat,hub_rabat_borne_4,2025-01-03 16:49:00,2025-01-03 18:16:00,17.9,reservee,terminee
session_1702,hub_rabat,hub_rabat_borne_5,2025-01-04 12:00:00,2025-01-04 12:54:00,19.8,walk_in,terminee
session_1703,hub_rabat,hub_rabat_borne_2,2025-01-04 12:51:00,2025-01-04 14:02:00,20.1,reservee,terminee
session_1704,hub_rabat,hub_rabat_borne_5,2025-01-05 16:01:00,2025-01-05 16:31:00,35.0,walk_in,terminee
session_1705,hub_rabat,hub_rabat_borne_5,2025-01-05 10:36:00,2025-01-05 11:39:00,9.3,walk_in,terminee
session_1706,hub_rabat,hub_rabat_borne_2,2025-01-05 13:56:00,2025-01-05 15:16:00,13.2,walk_in,terminee
session_1707,hub_rabat,hub_rabat_borne_6,2025-01-05 14:01:00,2025-01-05 14:22:00,11.0,walk_in,terminee
session_1708,hub_rabat,hub_rabat_borne_3,2025-01-07 18:17:00,2025-01-07 19:11:00,5.1,walk_in,terminee
session_1709,hub_rabat,hub_rabat_borne_6,2025-01-07 19:16:00,2025-01-07 20:45:00,25.5,reservee,terminee
session_1710,hub_rabat,hub_rabat_borne_2,2025-01-07 15:58:00,2025-01-07 16:48:00,13.1,reservee,terminee
session_1711,hub_rabat,hub_rabat_borne_1,2025-01-07 18:03:00,2025-01-07 19:23:00,5.5,walk_in,terminee
session_1712,hub_rabat,hub_rabat_borne_5,2025-01-07 16:42:00,2025-01-07 17:55:00,26.1,reservee,terminee
session_1713,hub_rabat,hub_rabat_borne_4,2025-01-07 19:03:00,2025-01-07 20:13:00,8.7,reservee,terminee
session_1714,hub_rabat,hub_rabat_borne_3,2025-01-08 17:49:00,2025-01-08 18:34:00,29.4,reservee,terminee
session_1715,hub_rabat,hub_rabat_borne_3,2025-01-08 22:16:00,2025-01-08 23:21:00,9.7,walk_in,terminee
session_1716,hub_rabat,hub_rabat_borne_4,2025-01-08 14:41:00,2025-01-08 15:31:00,12.1,walk_in,terminee
session_1717,hub_rabat,hub_rabat_borne_3,2025-01-08 22:34:00,2025-01-08 23:53:00,24.0,reservee,terminee
session_1718,hub_rabat,hub_rabat_borne_2,2025-01-09 22:49:00,2025-01-10 00:18:00,16.3,walk_in,terminee
session_1719,hub_rabat,hub_rabat_borne_4,2025-01-09 16:04:00,2025-01-09 16:47:00,12.7,walk_in,terminee
session_1720,hub_rabat,hub_rabat_borne_4,2025-01-09 16:45:00,2025-01-09 17:28:00,18.4,walk_in,terminee
session_1721,hub_rabat,hub_rabat_borne_5,2025-01-09 13:45:00,2025-01-09 14:20:00,8.9,reservee,terminee
session_1722,hub_rabat,hub_rabat_borne_3,2025-01-10 18:28:00,2025-01-10 19:37:00,8.1,walk_in,terminee
session_1723,hub_rabat,hub_rabat_borne_3,2025-01-10 18:15:00,2025-01-10 19:44:00,11.7,reservee,terminee
session_1724,hub_rabat,hub_rabat_borne_4,2025-01-10 18:05:00,2025-01-10 18:25:00,7.8,reservee,terminee
session_1725,hub_rabat,hub_rabat_borne_2,2025-01-10 19:45:00,2025-01-10 21:05:00,10.1,reservee,terminee
session_1726,hub_rabat,hub_rabat_borne_1,2025-01-11 10:57:00,2025-01-11 11:39:00,28.5,walk_in,terminee
session_1727,hub_rabat,hub_rabat_borne_1,2025-01-11 14:13:00,2025-01-11 14:42:00,22.0,reservee,terminee
session_1728,hub_rabat,hub_rabat_borne_5,2025-01-11 10:53:00,2025-01-11 12:20:00,30.5,reservee,terminee
session_1729,hub_rabat,hub_rabat_borne_3,2025-01-11 12:35:00,2025-01-11 13:36:00,11.4,reservee,terminee
session_1730,hub_rabat,hub_rabat_borne_3,2025-01-11 11:49:00,2025-01-11 12:38:00,23.5,reservee,terminee
session_1731,hub_rabat,hub_rabat_borne_4,2025-01-11 11:12:00,2025-01-11 12:13:00,16.7,walk_in,terminee
session_1732,hub_rabat,hub_rabat_borne_1,2025-01-11 09:45:00,2025-01-11 10:34:00,15.5,reservee,terminee
session_1733,hub_rabat,hub_rabat_borne_6,2025-01-12 09:17:00,2025-01-12 10:43:00,22.7,reservee,terminee
session_1734,hub_rabat,hub_rabat_borne_3,2025-01-12 12:51:00,2025-01-12 14:18:00,34.5,walk_in,terminee
session_1735,hub_rabat,hub_rabat_borne_1,2025-01-12 11:15:00,2025-01-12 12:16:00,28.0,reservee,terminee
session_1736,hub_rabat,hub_rabat_borne_5,2025-01-12 09:15:00,2025-01-12 09:56:00,34.6,walk_in,terminee
session_1737,hub_rabat,hub_rabat_borne_5,2025-01-12 12:48:00,2025-01-12 14:04:00,18.6,walk_in,terminee
session_1738,hub_rabat,hub_rabat_borne_2,2025-01-12 13:06:00,2025-01-12 13:55:00,23.2,reservee,terminee
session_1739,hub_rabat,hub_rabat_borne_4,2025-01-12 16:38:00,2025-01-12 17:40:00,6.9,reservee,terminee
session_1740,hub_rabat,hub_rabat_borne_3,2025-01-12 16:51:00,2025-01-12 17:32:00,30.2,reservee,terminee
session_1741,hub_rabat,hub_rabat_borne_3,2025-01-12 20:05:00,2025-01-12 21:03:00,25.7,reservee,terminee
session_1742,hub_rabat,hub_rabat_borne_1,2025-01-12 12:26:00,2025-01-12 13:34:00,29.5,reservee,terminee
session_1743,hub_rabat,hub_rabat_borne_6,2025-01-13 14:34:00,2025-01-13 15:23:00,39.8,reservee,terminee
session_1744,hub_rabat,hub_rabat_borne_3,2025-01-13 19:17:00,2025-01-13 19:47:00,15.8,walk_in,terminee
session_1745,hub_rabat,hub_rabat_borne_5,2025-01-13 22:06:00,2025-01-13 23:09:00,24.9,walk_in,terminee
session_1746,hub_rabat,hub_rabat_borne_5,2025-01-13 13:20:00,2025-01-13 14:00:00,25.3,reservee,terminee
session_1747,hub_rabat,hub_rabat_borne_3,2025-01-13 20:04:00,2025-01-13 20:34:00,37.7,reservee,terminee
session_1748,hub_rabat,hub_rabat_borne_4,2025-01-13 17:00:00,2025-01-13 17:35:00,18.2,reservee,terminee
session_1749,hub_rabat,hub_rabat_borne_5,2025-01-13 19:38:00,2025-01-13 20:13:00,5.9,reservee,terminee
session_1750,hub_rabat,hub_rabat_borne_3,2025-01-13 20:55:00,2025-01-13 21:18:00,23.6,reservee,terminee
session_1751,hub_rabat,hub_rabat_borne_6,2025-01-14 18:19:00,2025-01-14 19:33:00,11.6,walk_in,terminee
session_1752,hub_rabat,hub_rabat_borne_4,2025-01-14 16:10:00,2025-01-14 17:16:00,30.8,reservee,terminee
session_1753,hub_rabat,hub_rabat_borne_2,2025-01-15 18:24:00,2025-01-15 19:33:00,30.9,walk_in,terminee
session_1754,hub_rabat,hub_rabat_borne_5,2025-01-15 22:30:00,2025-01-15 23:03:00,34.5,walk_in,terminee
session_1755,hub_rabat,hub_rabat_borne_1,2025-01-16 15:46:00,2025-01-16 16:28:00,32.5,walk_in,terminee
session_1756,hub_rabat,hub_rabat_borne_5,2025-01-16 16:27:00,2025-01-16 16:59:00,13.6,reservee,terminee
session_1757,hub_rabat,hub_rabat_borne_4,2025-01-16 18:12:00,2025-01-16 19:12:00,20.4,reservee,terminee
session_1758,hub_rabat,hub_rabat_borne_6,2025-01-16 16:54:00,2025-01-16 17:58:00,5.6,walk_in,terminee
session_1759,hub_rabat,hub_rabat_borne_5,2025-01-16 20:37:00,2025-01-16 21:34:00,20.9,reservee,terminee
session_1760,hub_rabat,hub_rabat_borne_5,2025-01-16 18:10:00,2025-01-16 18:34:00,9.4,reservee,terminee
session_1761,hub_rabat,hub_rabat_borne_3,2025-01-16 15:52:00,2025-01-16 16:28:00,16.2,reservee,terminee
session_1762,hub_rabat,hub_rabat_borne_4,2025-01-17 15:10:00,2025-01-17 15:45:00,6.4,walk_in,terminee
session_1763,hub_rabat,hub_rabat_borne_2,2025-01-17 20:00:00,2025-01-17 20:55:00,18.2,walk_in,terminee
session_1764,hub_rabat,hub_rabat_borne_1,2025-01-17 16:36:00,2025-01-17 17:37:00,34.1,reservee,terminee
session_1765,hub_rabat,hub_rabat_borne_2,2025-01-17 19:18:00,2025-01-17 20:05:00,39.2,reservee,terminee
session_1766,hub_rabat,hub_rabat_borne_5,2025-01-17 18:28:00,2025-01-17 18:58:00,26.0,walk_in,terminee
session_1767,hub_rabat,hub_rabat_borne_5,2025-01-17 16:09:00,2025-01-17 16:52:00,14.0,reservee,terminee
session_1768,hub_rabat,hub_rabat_borne_6,2025-01-17 21:24:00,2025-01-17 22:15:00,14.8,reservee,terminee
session_1769,hub_rabat,hub_rabat_borne_2,2025-01-17 14:36:00,2025-01-17 15:52:00,19.2,walk_in,terminee
session_1770,hub_rabat,hub_rabat_borne_6,2025-01-18 09:23:00,2025-01-18 10:35:00,30.1,walk_in,terminee
session_1771,hub_rabat,hub_rabat_borne_3,2025-01-18 12:35:00,2025-01-18 13:04:00,27.2,walk_in,terminee
session_1772,hub_rabat,hub_rabat_borne_4,2025-01-18 13:58:00,2025-01-18 14:43:00,30.3,reservee,terminee
session_1773,hub_rabat,hub_rabat_borne_3,2025-01-18 12:14:00,2025-01-18 12:51:00,11.5,walk_in,terminee
session_1774,hub_rabat,hub_rabat_borne_1,2025-01-18 17:30:00,2025-01-18 18:20:00,34.9,reservee,terminee
session_1775,hub_rabat,hub_rabat_borne_1,2025-01-18 18:58:00,2025-01-18 20:17:00,28.1,walk_in,terminee
session_1776,hub_rabat,hub_rabat_borne_1,2025-01-18 14:12:00,2025-01-18 15:06:00,11.2,walk_in,terminee
session_1777,hub_rabat,hub_rabat_borne_6,2025-01-18 10:14:00,2025-01-18 10:41:00,30.2,reservee,terminee
session_1778,hub_rabat,hub_rabat_borne_4,2025-01-18 19:45:00,2025-01-18 20:20:00,37.9,reservee,terminee
session_1779,hub_rabat,hub_rabat_borne_4,2025-01-18 19:14:00,2025-01-18 19:39:00,21.4,reservee,terminee
session_1780,hub_rabat,hub_rabat_borne_6,2025-01-18 13:13:00,2025-01-18 14:04:00,11.9,reservee,terminee
session_1781,hub_rabat,hub_rabat_borne_5,2025-01-18 15:06:00,2025-01-18 15:39:00,37.8,walk_in,terminee
session_1782,hub_rabat,hub_rabat_borne_6,2025-01-18 13:50:00,2025-01-18 14:35:00,10.0,walk_in,terminee
session_1783,hub_rabat,hub_rabat_borne_3,2025-01-19 12:58:00,2025-01-19 13:30:00,13.9,reservee,terminee
session_1784,hub_rabat,hub_rabat_borne_6,2025-01-19 13:26:00,2025-01-19 14:52:00,6.8,walk_in,terminee
session_1785,hub_rabat,hub_rabat_borne_4,2025-01-19 12:23:00,2025-01-19 12:46:00,40.0,walk_in,terminee
session_1786,hub_rabat,hub_rabat_borne_4,2025-01-19 19:16:00,2025-01-19 20:07:00,16.3,reservee,terminee
session_1787,hub_rabat,hub_rabat_borne_6,2025-01-19 15:36:00,2025-01-19 16:59:00,21.7,reservee,terminee
session_1788,hub_rabat,hub_rabat_borne_4,2025-01-20 15:51:00,2025-01-20 16:46:00,23.6,walk_in,terminee
session_1789,hub_rabat,hub_rabat_borne_4,2025-01-20 17:04:00,2025-01-20 18:20:00,37.3,reservee,terminee
session_1790,hub_rabat,hub_rabat_borne_1,2025-01-20 16:35:00,2025-01-20 17:21:00,23.9,walk_in,terminee
session_1791,hub_rabat,hub_rabat_borne_6,2025-01-21 16:54:00,2025-01-21 17:53:00,17.5,walk_in,terminee
session_1792,hub_rabat,hub_rabat_borne_3,2025-01-21 18:06:00,2025-01-21 19:17:00,29.5,walk_in,terminee
session_1793,hub_rabat,hub_rabat_borne_1,2025-01-22 19:41:00,2025-01-22 20:12:00,17.8,reservee,terminee
session_1794,hub_rabat,hub_rabat_borne_4,2025-01-22 14:25:00,2025-01-22 15:54:00,9.4,reservee,terminee
session_1795,hub_rabat,hub_rabat_borne_2,2025-01-22 19:51:00,2025-01-22 20:33:00,28.8,walk_in,terminee
session_1796,hub_rabat,hub_rabat_borne_5,2025-01-22 18:09:00,2025-01-22 18:34:00,26.5,reservee,terminee
session_1797,hub_rabat,hub_rabat_borne_5,2025-01-23 18:22:00,2025-01-23 18:50:00,35.3,walk_in,terminee
session_1798,hub_rabat,hub_rabat_borne_1,2025-01-23 16:24:00,2025-01-23 17:26:00,26.3,walk_in,terminee
session_1799,hub_rabat,hub_rabat_borne_2,2025-01-23 14:06:00,2025-01-23 14:47:00,5.6,reservee,terminee
session_1800,hub_rabat,hub_rabat_borne_3,2025-01-24 13:04:00,2025-01-24 13:47:00,18.7,walk_in,terminee
session_1801,hub_rabat,hub_rabat_borne_1,2025-01-24 20:55:00,2025-01-24 22:24:00,33.7,reservee,terminee
session_1802,hub_rabat,hub_rabat_borne_4,2025-01-24 14:51:00,2025-01-24 15:47:00,11.2,reservee,terminee
session_1803,hub_rabat,hub_rabat_borne_1,2025-01-24 15:51:00,2025-01-24 16:47:00,21.8,walk_in,terminee
session_1804,hub_rabat,hub_rabat_borne_5,2025-01-25 15:45:00,2025-01-25 16:18:00,24.0,reservee,terminee
session_1805,hub_rabat,hub_rabat_borne_2,2025-01-25 13:48:00,2025-01-25 14:44:00,29.7,reservee,terminee
session_1806,hub_rabat,hub_rabat_borne_6,2025-01-25 18:07:00,2025-01-25 19:35:00,5.8,walk_in,terminee
session_1807,hub_rabat,hub_rabat_borne_5,2025-01-25 13:42:00,2025-01-25 14:06:00,7.8,reservee,terminee
session_1808,hub_rabat,hub_rabat_borne_6,2025-01-25 14:36:00,2025-01-25 15:32:00,34.5,reservee,terminee
session_1809,hub_rabat,hub_rabat_borne_5,2025-01-25 12:56:00,2025-01-25 13:39:00,20.4,walk_in,terminee
session_1810,hub_rabat,hub_rabat_borne_2,2025-01-26 15:08:00,2025-01-26 15:36:00,27.9,reservee,terminee
session_1811,hub_rabat,hub_rabat_borne_5,2025-01-26 09:22:00,2025-01-26 09:59:00,10.1,reservee,terminee
session_1812,hub_rabat,hub_rabat_borne_2,2025-01-26 12:44:00,2025-01-26 14:03:00,31.3,walk_in,terminee
session_1813,hub_rabat,hub_rabat_borne_3,2025-01-26 11:30:00,2025-01-26 12:34:00,19.4,reservee,terminee
session_1814,hub_rabat,hub_rabat_borne_2,2025-01-26 13:46:00,2025-01-26 14:09:00,28.6,walk_in,terminee
session_1815,hub_rabat,hub_rabat_borne_5,2025-01-26 11:04:00,2025-01-26 11:53:00,17.0,walk_in,terminee
session_1816,hub_rabat,hub_rabat_borne_5,2025-01-26 16:30:00,2025-01-26 17:39:00,30.3,reservee,terminee
session_1817,hub_rabat,hub_rabat_borne_4,2025-01-27 18:51:00,2025-01-27 19:53:00,22.5,walk_in,terminee
session_1818,hub_rabat,hub_rabat_borne_2,2025-01-28 13:45:00,2025-01-28 14:52:00,12.8,reservee,terminee
session_1819,hub_rabat,hub_rabat_borne_3,2025-01-28 16:50:00,2025-01-28 17:49:00,23.3,walk_in,terminee
session_1820,hub_rabat,hub_rabat_borne_4,2025-01-28 19:05:00,2025-01-28 19:33:00,31.6,reservee,terminee
session_1821,hub_rabat,hub_rabat_borne_5,2025-01-28 19:53:00,2025-01-28 21:02:00,5.1,reservee,terminee
session_1822,hub_rabat,hub_rabat_borne_5,2025-01-29 22:06:00,2025-01-29 23:01:00,10.9,reservee,terminee
session_1823,hub_rabat,hub_rabat_borne_3,2025-01-29 18:51:00,2025-01-29 19:23:00,14.7,reservee,terminee
session_1824,hub_rabat,hub_rabat_borne_5,2025-01-29 20:55:00,2025-01-29 22:01:00,23.6,walk_in,terminee
session_1825,hub_rabat,hub_rabat_borne_5,2025-01-30 18:11:00,2025-01-30 19:09:00,32.0,walk_in,terminee
session_1826,hub_rabat,hub_rabat_borne_3,2025-01-30 20:42:00,2025-01-30 21:17:00,27.0,walk_in,terminee
session_1827,hub_rabat,hub_rabat_borne_4,2025-01-30 17:58:00,2025-01-30 18:20:00,12.1,reservee,terminee
session_1828,hub_rabat,hub_rabat_borne_1,2025-01-31 21:38:00,2025-01-31 22:22:00,37.0,reservee,terminee
session_1829,hub_rabat,hub_rabat_borne_5,2025-01-31 19:28:00,2025-01-31 20:35:00,17.8,walk_in,terminee
session_1830,hub_rabat,hub_rabat_borne_4,2025-01-31 20:50:00,2025-01-31 21:42:00,19.5,reservee,terminee
session_1831,hub_rabat,hub_rabat_borne_4,2025-01-31 11:23:00,2025-01-31 11:55:00,25.6,reservee,terminee
session_1832,hub_rabat,hub_rabat_borne_2,2025-01-31 14:15:00,2025-01-31 15:19:00,29.2,reservee,terminee
session_1833,hub_rabat,hub_rabat_borne_4,2025-02-01 21:36:00,2025-02-01 22:27:00,38.1,reservee,terminee
session_1834,hub_rabat,hub_rabat_borne_6,2025-02-01 16:24:00,2025-02-01 16:54:00,10.5,walk_in,terminee
session_1835,hub_rabat,hub_rabat_borne_3,2025-02-01 10:51:00,2025-02-01 11:46:00,21.2,walk_in,terminee
session_1836,hub_rabat,hub_rabat_borne_2,2025-02-02 16:36:00,2025-02-02 18:05:00,36.4,walk_in,terminee
session_1837,hub_rabat,hub_rabat_borne_5,2025-02-02 18:31:00,2025-02-02 19:07:00,36.5,reservee,terminee
session_1838,hub_rabat,hub_rabat_borne_1,2025-02-02 13:10:00,2025-02-02 13:43:00,7.7,walk_in,terminee
session_1839,hub_rabat,hub_rabat_borne_6,2025-02-02 14:15:00,2025-02-02 15:29:00,19.8,walk_in,terminee
session_1840,hub_rabat,hub_rabat_borne_2,2025-02-02 11:22:00,2025-02-02 11:55:00,25.5,walk_in,terminee
session_1841,hub_rabat,hub_rabat_borne_3,2025-02-02 13:21:00,2025-02-02 14:17:00,31.7,reservee,terminee
session_1842,hub_rabat,hub_rabat_borne_1,2025-02-03 21:39:00,2025-02-03 22:54:00,27.8,reservee,terminee
session_1843,hub_rabat,hub_rabat_borne_4,2025-02-03 15:42:00,2025-02-03 16:38:00,12.2,walk_in,terminee
session_1844,hub_rabat,hub_rabat_borne_4,2025-02-03 18:46:00,2025-02-03 20:10:00,38.2,walk_in,terminee
session_1845,hub_rabat,hub_rabat_borne_1,2025-02-04 18:10:00,2025-02-04 18:50:00,15.4,reservee,terminee
session_1846,hub_rabat,hub_rabat_borne_1,2025-02-04 15:01:00,2025-02-04 16:06:00,36.1,walk_in,terminee
session_1847,hub_rabat,hub_rabat_borne_5,2025-02-05 13:42:00,2025-02-05 14:37:00,8.4,reservee,terminee
session_1848,hub_rabat,hub_rabat_borne_4,2025-02-05 16:49:00,2025-02-05 17:53:00,20.1,reservee,terminee
session_1849,hub_rabat,hub_rabat_borne_6,2025-02-05 21:09:00,2025-02-05 22:15:00,26.2,walk_in,terminee
session_1850,hub_rabat,hub_rabat_borne_3,2025-02-06 19:46:00,2025-02-06 20:15:00,33.3,reservee,terminee
session_1851,hub_rabat,hub_rabat_borne_2,2025-02-06 17:04:00,2025-02-06 18:23:00,32.3,reservee,terminee
session_1852,hub_rabat,hub_rabat_borne_1,2025-02-06 21:12:00,2025-02-06 22:23:00,12.5,reservee,terminee
session_1853,hub_rabat,hub_rabat_borne_5,2025-02-06 17:35:00,2025-02-06 18:43:00,27.9,reservee,terminee
session_1854,hub_rabat,hub_rabat_borne_6,2025-02-06 14:50:00,2025-02-06 15:55:00,7.9,walk_in,terminee
session_1855,hub_rabat,hub_rabat_borne_6,2025-02-06 22:38:00,2025-02-06 23:10:00,20.3,walk_in,terminee
session_1856,hub_rabat,hub_rabat_borne_2,2025-02-08 08:04:00,2025-02-08 08:40:00,36.0,reservee,terminee
session_1857,hub_rabat,hub_rabat_borne_6,2025-02-08 12:41:00,2025-02-08 13:36:00,34.9,walk_in,terminee
session_1858,hub_rabat,hub_rabat_borne_1,2025-02-08 17:15:00,2025-02-08 18:24:00,22.8,walk_in,terminee
session_1859,hub_rabat,hub_rabat_borne_6,2025-02-08 13:19:00,2025-02-08 13:46:00,12.1,reservee,terminee
session_1860,hub_rabat,hub_rabat_borne_4,2025-02-08 17:14:00,2025-02-08 18:20:00,10.3,walk_in,terminee
session_1861,hub_rabat,hub_rabat_borne_2,2025-02-08 14:38:00,2025-02-08 15:09:00,11.3,reservee,terminee
session_1862,hub_rabat,hub_rabat_borne_3,2025-02-08 11:18:00,2025-02-08 12:44:00,15.2,reservee,terminee
session_1863,hub_rabat,hub_rabat_borne_4,2025-02-08 12:39:00,2025-02-08 13:21:00,24.3,reservee,terminee
session_1864,hub_rabat,hub_rabat_borne_4,2025-02-09 15:22:00,2025-02-09 16:25:00,22.7,walk_in,terminee
session_1865,hub_rabat,hub_rabat_borne_4,2025-02-09 15:04:00,2025-02-09 15:45:00,26.2,reservee,terminee
session_1866,hub_rabat,hub_rabat_borne_2,2025-02-09 18:44:00,2025-02-09 20:09:00,17.3,reservee,terminee
session_1867,hub_rabat,hub_rabat_borne_5,2025-02-09 12:20:00,2025-02-09 13:49:00,21.2,walk_in,terminee
session_1868,hub_rabat,hub_rabat_borne_6,2025-02-09 14:14:00,2025-02-09 15:16:00,19.1,reservee,terminee
session_1869,hub_rabat,hub_rabat_borne_3,2025-02-10 21:44:00,2025-02-10 22:48:00,16.5,reservee,terminee
session_1870,hub_rabat,hub_rabat_borne_3,2025-02-10 18:45:00,2025-02-10 19:49:00,35.5,walk_in,terminee
session_1871,hub_rabat,hub_rabat_borne_4,2025-02-10 22:37:00,2025-02-10 23:49:00,38.5,reservee,terminee
session_1872,hub_rabat,hub_rabat_borne_4,2025-02-10 18:43:00,2025-02-10 20:06:00,37.2,reservee,terminee
session_1873,hub_rabat,hub_rabat_borne_1,2025-02-11 22:07:00,2025-02-11 23:16:00,10.5,walk_in,terminee
session_1874,hub_rabat,hub_rabat_borne_4,2025-02-11 22:16:00,2025-02-11 23:44:00,30.3,walk_in,terminee
session_1875,hub_rabat,hub_rabat_borne_5,2025-02-11 18:34:00,2025-02-11 19:59:00,25.4,reservee,terminee
session_1876,hub_rabat,hub_rabat_borne_2,2025-02-11 16:43:00,2025-02-11 17:26:00,30.5,walk_in,terminee
session_1877,hub_rabat,hub_rabat_borne_5,2025-02-11 13:05:00,2025-02-11 14:11:00,5.3,walk_in,terminee
session_1878,hub_rabat,hub_rabat_borne_4,2025-02-11 13:33:00,2025-02-11 14:29:00,16.3,reservee,terminee
session_1879,hub_rabat,hub_rabat_borne_3,2025-02-12 19:25:00,2025-02-12 19:54:00,31.6,reservee,terminee
session_1880,hub_rabat,hub_rabat_borne_4,2025-02-12 18:27:00,2025-02-12 19:00:00,30.6,walk_in,terminee
session_1881,hub_rabat,hub_rabat_borne_1,2025-02-12 20:56:00,2025-02-12 21:38:00,24.5,walk_in,terminee
session_1882,hub_rabat,hub_rabat_borne_2,2025-02-13 17:16:00,2025-02-13 18:40:00,9.9,walk_in,terminee
session_1883,hub_rabat,hub_rabat_borne_4,2025-02-13 16:10:00,2025-02-13 16:36:00,27.9,reservee,terminee
session_1884,hub_rabat,hub_rabat_borne_4,2025-02-13 12:18:00,2025-02-13 12:40:00,10.0,reservee,terminee
session_1885,hub_rabat,hub_rabat_borne_5,2025-02-14 18:17:00,2025-02-14 19:17:00,37.7,reservee,terminee
session_1886,hub_rabat,hub_rabat_borne_4,2025-02-14 17:44:00,2025-02-14 18:58:00,23.9,reservee,terminee
session_1887,hub_rabat,hub_rabat_borne_1,2025-02-14 21:41:00,2025-02-14 22:47:00,18.4,walk_in,terminee
session_1888,hub_rabat,hub_rabat_borne_2,2025-02-15 15:30:00,2025-02-15 16:00:00,14.0,reservee,terminee
session_1889,hub_rabat,hub_rabat_borne_5,2025-02-15 10:23:00,2025-02-15 10:59:00,15.3,reservee,terminee
session_1890,hub_rabat,hub_rabat_borne_1,2025-02-15 16:05:00,2025-02-15 16:33:00,35.5,walk_in,terminee
session_1891,hub_rabat,hub_rabat_borne_4,2025-02-15 11:38:00,2025-02-15 13:03:00,8.5,reservee,terminee
session_1892,hub_rabat,hub_rabat_borne_6,2025-02-16 11:49:00,2025-02-16 12:14:00,34.8,reservee,terminee
session_1893,hub_rabat,hub_rabat_borne_4,2025-02-16 11:20:00,2025-02-16 12:43:00,9.6,reservee,terminee
session_1894,hub_rabat,hub_rabat_borne_1,2025-02-16 11:47:00,2025-02-16 12:23:00,15.4,reservee,terminee
session_1895,hub_rabat,hub_rabat_borne_6,2025-02-16 12:48:00,2025-02-16 13:47:00,20.0,walk_in,terminee
session_1896,hub_rabat,hub_rabat_borne_3,2025-02-16 14:06:00,2025-02-16 14:48:00,26.1,reservee,terminee
session_1897,hub_rabat,hub_rabat_borne_5,2025-02-16 11:15:00,2025-02-16 12:23:00,6.0,reservee,terminee
session_1898,hub_rabat,hub_rabat_borne_1,2025-02-16 16:00:00,2025-02-16 16:52:00,31.8,reservee,terminee
session_1899,hub_rabat,hub_rabat_borne_3,2025-02-16 10:34:00,2025-02-16 11:29:00,26.0,reservee,terminee
session_1900,hub_rabat,hub_rabat_borne_5,2025-02-17 13:00:00,2025-02-17 13:33:00,27.1,walk_in,terminee
session_1901,hub_rabat,hub_rabat_borne_4,2025-02-17 20:32:00,2025-02-17 21:36:00,37.6,walk_in,terminee
session_1902,hub_rabat,hub_rabat_borne_1,2025-02-17 17:37:00,2025-02-17 18:12:00,37.5,walk_in,terminee
session_1903,hub_rabat,hub_rabat_borne_6,2025-02-17 13:17:00,2025-02-17 14:27:00,28.2,reservee,terminee
session_1904,hub_rabat,hub_rabat_borne_2,2025-02-18 17:11:00,2025-02-18 17:50:00,7.3,walk_in,terminee
session_1905,hub_rabat,hub_rabat_borne_4,2025-02-18 19:49:00,2025-02-18 21:10:00,10.6,walk_in,terminee
session_1906,hub_rabat,hub_rabat_borne_1,2025-02-18 21:30:00,2025-02-18 21:53:00,10.5,reservee,terminee
session_1907,hub_rabat,hub_rabat_borne_6,2025-02-18 17:55:00,2025-02-18 18:35:00,22.5,walk_in,terminee
session_1908,hub_rabat,hub_rabat_borne_4,2025-02-19 16:25:00,2025-02-19 17:40:00,6.5,walk_in,terminee
session_1909,hub_rabat,hub_rabat_borne_2,2025-02-19 20:57:00,2025-02-19 21:27:00,13.6,walk_in,terminee
session_1910,hub_rabat,hub_rabat_borne_4,2025-02-19 19:04:00,2025-02-19 20:18:00,24.9,reservee,terminee
session_1911,hub_rabat,hub_rabat_borne_5,2025-02-20 17:08:00,2025-02-20 17:40:00,36.6,reservee,terminee
session_1912,hub_rabat,hub_rabat_borne_1,2025-02-20 19:21:00,2025-02-20 20:08:00,33.0,reservee,terminee
session_1913,hub_rabat,hub_rabat_borne_3,2025-02-20 17:18:00,2025-02-20 17:45:00,29.1,reservee,terminee
session_1914,hub_rabat,hub_rabat_borne_6,2025-02-20 16:50:00,2025-02-20 17:32:00,13.3,walk_in,terminee
session_1915,hub_rabat,hub_rabat_borne_2,2025-02-20 20:41:00,2025-02-20 21:58:00,14.7,reservee,terminee
session_1916,hub_rabat,hub_rabat_borne_4,2025-02-21 13:46:00,2025-02-21 15:12:00,10.2,walk_in,terminee
session_1917,hub_rabat,hub_rabat_borne_2,2025-02-21 18:41:00,2025-02-21 19:22:00,5.8,reservee,terminee
session_1918,hub_rabat,hub_rabat_borne_2,2025-02-21 15:54:00,2025-02-21 16:24:00,37.7,reservee,terminee
session_1919,hub_rabat,hub_rabat_borne_4,2025-02-21 22:16:00,2025-02-21 23:20:00,24.5,walk_in,terminee
session_1920,hub_rabat,hub_rabat_borne_2,2025-02-21 22:55:00,2025-02-21 23:21:00,27.2,reservee,terminee
session_1921,hub_rabat,hub_rabat_borne_1,2025-02-22 12:19:00,2025-02-22 13:32:00,17.2,walk_in,terminee
session_1922,hub_rabat,hub_rabat_borne_3,2025-02-22 10:48:00,2025-02-22 11:43:00,21.6,reservee,terminee
session_1923,hub_rabat,hub_rabat_borne_4,2025-02-22 15:15:00,2025-02-22 16:34:00,18.6,reservee,terminee
session_1924,hub_rabat,hub_rabat_borne_2,2025-02-22 13:54:00,2025-02-22 14:35:00,14.3,reservee,terminee
session_1925,hub_rabat,hub_rabat_borne_2,2025-02-22 11:49:00,2025-02-22 12:19:00,26.5,walk_in,terminee
session_1926,hub_rabat,hub_rabat_borne_5,2025-02-22 18:43:00,2025-02-22 19:43:00,12.1,reservee,terminee
session_1927,hub_rabat,hub_rabat_borne_5,2025-02-22 10:03:00,2025-02-22 10:50:00,34.0,walk_in,terminee
session_1928,hub_rabat,hub_rabat_borne_1,2025-02-23 08:44:00,2025-02-23 09:46:00,18.8,walk_in,terminee
session_1929,hub_rabat,hub_rabat_borne_5,2025-02-23 12:02:00,2025-02-23 13:05:00,12.6,reservee,terminee
session_1930,hub_rabat,hub_rabat_borne_3,2025-02-23 13:11:00,2025-02-23 14:27:00,18.3,walk_in,terminee
session_1931,hub_rabat,hub_rabat_borne_6,2025-02-23 10:49:00,2025-02-23 11:47:00,18.5,walk_in,terminee
session_1932,hub_rabat,hub_rabat_borne_5,2025-02-23 08:25:00,2025-02-23 09:25:00,25.5,reservee,terminee
session_1933,hub_rabat,hub_rabat_borne_1,2025-02-24 15:40:00,2025-02-24 16:31:00,18.6,reservee,terminee
session_1934,hub_rabat,hub_rabat_borne_6,2025-02-24 15:35:00,2025-02-24 16:02:00,8.8,reservee,terminee
session_1935,hub_rabat,hub_rabat_borne_2,2025-02-24 12:27:00,2025-02-24 13:04:00,17.2,reservee,terminee
session_1936,hub_rabat,hub_rabat_borne_3,2025-02-24 22:07:00,2025-02-24 22:27:00,29.4,walk_in,terminee
session_1937,hub_rabat,hub_rabat_borne_2,2025-02-24 13:05:00,2025-02-24 14:34:00,39.1,reservee,terminee
session_1938,hub_rabat,hub_rabat_borne_1,2025-02-24 15:56:00,2025-02-24 17:10:00,26.8,walk_in,terminee
session_1939,hub_rabat,hub_rabat_borne_5,2025-02-25 15:08:00,2025-02-25 15:54:00,14.9,reservee,terminee
session_1940,hub_rabat,hub_rabat_borne_1,2025-02-25 20:23:00,2025-02-25 21:21:00,15.7,walk_in,terminee
session_1941,hub_rabat,hub_rabat_borne_6,2025-02-26 18:48:00,2025-02-26 19:12:00,26.9,walk_in,terminee
session_1942,hub_rabat,hub_rabat_borne_1,2025-02-26 19:14:00,2025-02-26 19:35:00,35.3,reservee,terminee
session_1943,hub_rabat,hub_rabat_borne_6,2025-02-26 17:42:00,2025-02-26 19:11:00,20.3,reservee,terminee
session_1944,hub_rabat,hub_rabat_borne_2,2025-02-27 22:48:00,2025-02-27 23:32:00,29.2,reservee,terminee
session_1945,hub_rabat,hub_rabat_borne_4,2025-02-27 17:23:00,2025-02-27 18:20:00,7.0,reservee,terminee
session_1946,hub_rabat,hub_rabat_borne_5,2025-02-27 17:02:00,2025-02-27 17:33:00,19.4,walk_in,terminee
session_1947,hub_rabat,hub_rabat_borne_4,2025-02-27 13:43:00,2025-02-27 15:03:00,16.9,walk_in,terminee
session_1948,hub_rabat,hub_rabat_borne_1,2025-02-28 21:06:00,2025-02-28 22:24:00,24.0,walk_in,terminee
session_1949,hub_rabat,hub_rabat_borne_5,2025-02-28 16:37:00,2025-02-28 17:09:00,23.9,reservee,terminee
session_1950,hub_rabat,hub_rabat_borne_6,2025-03-01 13:06:00,2025-03-01 14:31:00,8.8,reservee,terminee
session_1951,hub_rabat,hub_rabat_borne_5,2025-03-01 11:48:00,2025-03-01 12:57:00,5.2,reservee,terminee
session_1952,hub_rabat,hub_rabat_borne_5,2025-03-01 12:01:00,2025-03-01 13:28:00,10.3,reservee,terminee
session_1953,hub_rabat,hub_rabat_borne_2,2025-03-01 09:43:00,2025-03-01 10:57:00,18.9,walk_in,terminee
session_1954,hub_rabat,hub_rabat_borne_6,2025-03-01 17:24:00,2025-03-01 18:14:00,36.0,reservee,terminee
session_1955,hub_rabat,hub_rabat_borne_1,2025-03-01 15:12:00,2025-03-01 16:29:00,10.4,reservee,terminee
session_1956,hub_rabat,hub_rabat_borne_4,2025-03-01 11:17:00,2025-03-01 12:09:00,13.0,walk_in,terminee
session_1957,hub_rabat,hub_rabat_borne_1,2025-03-01 12:50:00,2025-03-01 13:42:00,9.5,reservee,terminee
session_1958,hub_rabat,hub_rabat_borne_4,2025-03-02 18:15:00,2025-03-02 18:47:00,8.3,reservee,terminee
session_1959,hub_rabat,hub_rabat_borne_4,2025-03-02 14:16:00,2025-03-02 15:44:00,11.4,reservee,terminee
session_1960,hub_rabat,hub_rabat_borne_3,2025-03-02 14:51:00,2025-03-02 16:09:00,5.3,reservee,terminee
session_1961,hub_rabat,hub_rabat_borne_3,2025-03-02 12:00:00,2025-03-02 12:57:00,14.1,reservee,terminee
session_1962,hub_rabat,hub_rabat_borne_3,2025-03-02 13:52:00,2025-03-02 14:49:00,36.6,walk_in,terminee
session_1963,hub_rabat,hub_rabat_borne_6,2025-03-02 08:29:00,2025-03-02 09:16:00,34.0,reservee,terminee
session_1964,hub_rabat,hub_rabat_borne_6,2025-03-03 16:20:00,2025-03-03 17:24:00,24.2,reservee,terminee
session_1965,hub_rabat,hub_rabat_borne_2,2025-03-03 08:26:00,2025-03-03 09:24:00,28.5,walk_in,terminee
session_1966,hub_rabat,hub_rabat_borne_5,2025-03-03 13:06:00,2025-03-03 14:12:00,13.3,reservee,terminee
session_1967,hub_rabat,hub_rabat_borne_4,2025-03-03 17:18:00,2025-03-03 18:47:00,10.5,reservee,terminee
session_1968,hub_rabat,hub_rabat_borne_6,2025-03-03 20:13:00,2025-03-03 21:34:00,9.9,walk_in,terminee
session_1969,hub_rabat,hub_rabat_borne_3,2025-03-03 17:23:00,2025-03-03 18:00:00,29.6,reservee,terminee
session_1970,hub_rabat,hub_rabat_borne_3,2025-03-04 19:13:00,2025-03-04 19:56:00,11.9,reservee,terminee
session_1971,hub_rabat,hub_rabat_borne_4,2025-03-04 17:25:00,2025-03-04 18:14:00,32.4,reservee,terminee
session_1972,hub_rabat,hub_rabat_borne_4,2025-03-04 18:13:00,2025-03-04 19:16:00,38.2,reservee,terminee
session_1973,hub_rabat,hub_rabat_borne_2,2025-03-05 11:14:00,2025-03-05 12:42:00,27.9,walk_in,terminee
session_1974,hub_rabat,hub_rabat_borne_6,2025-03-05 14:58:00,2025-03-05 16:11:00,23.3,walk_in,terminee
session_1975,hub_rabat,hub_rabat_borne_5,2025-03-05 22:00:00,2025-03-05 22:37:00,20.2,reservee,terminee
session_1976,hub_rabat,hub_rabat_borne_4,2025-03-05 16:38:00,2025-03-05 18:00:00,38.8,walk_in,terminee
session_1977,hub_rabat,hub_rabat_borne_3,2025-03-06 17:33:00,2025-03-06 18:40:00,5.5,walk_in,terminee
session_1978,hub_rabat,hub_rabat_borne_2,2025-03-06 20:19:00,2025-03-06 21:02:00,31.6,reservee,terminee
session_1979,hub_rabat,hub_rabat_borne_1,2025-03-06 15:01:00,2025-03-06 16:15:00,39.4,walk_in,terminee
session_1980,hub_rabat,hub_rabat_borne_4,2025-03-06 16:15:00,2025-03-06 16:39:00,22.8,reservee,terminee
session_1981,hub_rabat,hub_rabat_borne_6,2025-03-07 14:02:00,2025-03-07 14:30:00,8.4,reservee,terminee
session_1982,hub_rabat,hub_rabat_borne_1,2025-03-07 16:50:00,2025-03-07 18:07:00,32.4,walk_in,terminee
session_1983,hub_rabat,hub_rabat_borne_1,2025-03-07 12:43:00,2025-03-07 14:05:00,30.6,walk_in,terminee
session_1984,hub_rabat,hub_rabat_borne_5,2025-03-07 15:12:00,2025-03-07 15:37:00,19.7,reservee,terminee
session_1985,hub_rabat,hub_rabat_borne_1,2025-03-08 09:22:00,2025-03-08 09:58:00,19.1,reservee,terminee
session_1986,hub_rabat,hub_rabat_borne_5,2025-03-08 14:01:00,2025-03-08 14:56:00,6.3,walk_in,terminee
session_1987,hub_rabat,hub_rabat_borne_6,2025-03-09 12:38:00,2025-03-09 13:28:00,13.7,walk_in,terminee
session_1988,hub_rabat,hub_rabat_borne_3,2025-03-09 10:46:00,2025-03-09 12:06:00,32.1,reservee,terminee
session_1989,hub_rabat,hub_rabat_borne_2,2025-03-09 13:23:00,2025-03-09 14:25:00,12.4,reservee,terminee
session_1990,hub_rabat,hub_rabat_borne_3,2025-03-09 09:39:00,2025-03-09 10:04:00,22.1,reservee,terminee
session_1991,hub_rabat,hub_rabat_borne_1,2025-03-09 15:06:00,2025-03-09 15:39:00,33.1,reservee,terminee
session_1992,hub_rabat,hub_rabat_borne_5,2025-03-09 12:13:00,2025-03-09 12:53:00,35.8,reservee,terminee
session_1993,hub_rabat,hub_rabat_borne_1,2025-03-09 07:31:00,2025-03-09 08:17:00,32.7,walk_in,terminee
session_1994,hub_rabat,hub_rabat_borne_4,2025-03-09 11:20:00,2025-03-09 12:48:00,21.9,reservee,terminee
session_1995,hub_rabat,hub_rabat_borne_2,2025-03-10 19:19:00,2025-03-10 19:47:00,32.3,reservee,terminee
session_1996,hub_rabat,hub_rabat_borne_3,2025-03-10 18:17:00,2025-03-10 19:43:00,9.4,walk_in,terminee
session_1997,hub_rabat,hub_rabat_borne_2,2025-03-10 19:24:00,2025-03-10 20:28:00,18.0,reservee,terminee
session_1998,hub_rabat,hub_rabat_borne_2,2025-03-10 19:07:00,2025-03-10 20:22:00,25.4,reservee,terminee
session_1999,hub_rabat,hub_rabat_borne_2,2025-03-10 20:29:00,2025-03-10 21:28:00,14.3,walk_in,terminee
session_2000,hub_rabat,hub_rabat_borne_1,2025-03-10 14:43:00,2025-03-10 15:13:00,13.6,walk_in,terminee
session_2001,hub_rabat,hub_rabat_borne_1,2025-03-10 22:03:00,2025-03-10 22:31:00,20.6,reservee,terminee
session_2002,hub_rabat,hub_rabat_borne_3,2025-03-11 18:23:00,2025-03-11 19:44:00,17.1,reservee,terminee
session_2003,hub_rabat,hub_rabat_borne_6,2025-03-11 17:58:00,2025-03-11 18:31:00,32.2,walk_in,terminee
session_2004,hub_rabat,hub_rabat_borne_3,2025-03-11 22:25:00,2025-03-11 23:03:00,19.9,reservee,terminee
session_2005,hub_rabat,hub_rabat_borne_1,2025-03-11 14:48:00,2025-03-11 15:29:00,24.8,reservee,terminee
session_2006,hub_rabat,hub_rabat_borne_1,2025-03-11 16:07:00,2025-03-11 17:21:00,14.5,walk_in,terminee
session_2007,hub_rabat,hub_rabat_borne_4,2025-03-12 14:20:00,2025-03-12 14:47:00,19.6,reservee,terminee
session_2008,hub_rabat,hub_rabat_borne_4,2025-03-12 15:31:00,2025-03-12 16:06:00,14.2,reservee,terminee
session_2009,hub_rabat,hub_rabat_borne_3,2025-03-12 21:06:00,2025-03-12 22:08:00,25.9,walk_in,terminee
session_2010,hub_rabat,hub_rabat_borne_1,2025-03-12 20:53:00,2025-03-12 21:53:00,21.0,walk_in,terminee
session_2011,hub_rabat,hub_rabat_borne_1,2025-03-13 16:05:00,2025-03-13 17:21:00,39.4,reservee,terminee
session_2012,hub_rabat,hub_rabat_borne_2,2025-03-13 17:09:00,2025-03-13 18:24:00,7.1,walk_in,terminee
session_2013,hub_rabat,hub_rabat_borne_2,2025-03-13 19:06:00,2025-03-13 20:03:00,39.7,walk_in,terminee
session_2014,hub_rabat,hub_rabat_borne_5,2025-03-13 16:04:00,2025-03-13 17:19:00,18.2,walk_in,terminee
session_2015,hub_rabat,hub_rabat_borne_1,2025-03-13 21:24:00,2025-03-13 21:54:00,18.5,walk_in,terminee
session_2016,hub_rabat,hub_rabat_borne_2,2025-03-14 15:50:00,2025-03-14 16:29:00,18.0,reservee,terminee
session_2017,hub_rabat,hub_rabat_borne_2,2025-03-14 16:37:00,2025-03-14 17:33:00,38.8,reservee,terminee
session_2018,hub_rabat,hub_rabat_borne_5,2025-03-14 18:30:00,2025-03-14 18:52:00,28.0,walk_in,terminee
session_2019,hub_rabat,hub_rabat_borne_6,2025-03-14 22:19:00,2025-03-14 23:36:00,17.0,walk_in,terminee
session_2020,hub_rabat,hub_rabat_borne_4,2025-03-14 20:24:00,2025-03-14 20:59:00,12.0,walk_in,terminee
session_2021,hub_rabat,hub_rabat_borne_2,2025-03-15 15:28:00,2025-03-15 16:31:00,29.4,walk_in,terminee
session_2022,hub_rabat,hub_rabat_borne_1,2025-03-15 17:58:00,2025-03-15 18:18:00,29.8,walk_in,terminee
session_2023,hub_rabat,hub_rabat_borne_6,2025-03-15 16:46:00,2025-03-15 18:15:00,6.6,walk_in,terminee
session_2024,hub_rabat,hub_rabat_borne_5,2025-03-16 13:12:00,2025-03-16 13:32:00,14.1,walk_in,terminee
session_2025,hub_rabat,hub_rabat_borne_1,2025-03-16 14:07:00,2025-03-16 15:18:00,19.2,reservee,terminee
session_2026,hub_rabat,hub_rabat_borne_2,2025-03-16 14:36:00,2025-03-16 15:49:00,8.4,reservee,terminee
session_2027,hub_rabat,hub_rabat_borne_4,2025-03-16 12:15:00,2025-03-16 12:46:00,18.4,reservee,terminee
session_2028,hub_rabat,hub_rabat_borne_2,2025-03-16 18:28:00,2025-03-16 19:30:00,9.2,walk_in,terminee
session_2029,hub_rabat,hub_rabat_borne_5,2025-03-16 15:54:00,2025-03-16 16:42:00,32.4,reservee,terminee
session_2030,hub_rabat,hub_rabat_borne_4,2025-03-17 15:58:00,2025-03-17 16:52:00,16.6,reservee,terminee
session_2031,hub_rabat,hub_rabat_borne_1,2025-03-17 17:10:00,2025-03-17 17:40:00,6.0,walk_in,terminee
session_2032,hub_rabat,hub_rabat_borne_2,2025-03-17 18:30:00,2025-03-17 19:12:00,18.8,reservee,terminee
session_2033,hub_rabat,hub_rabat_borne_1,2025-03-17 18:40:00,2025-03-17 19:07:00,12.7,reservee,terminee
session_2034,hub_rabat,hub_rabat_borne_2,2025-03-17 19:20:00,2025-03-17 19:57:00,7.1,walk_in,terminee
session_2035,hub_rabat,hub_rabat_borne_3,2025-03-17 16:05:00,2025-03-17 17:01:00,9.3,walk_in,terminee
session_2036,hub_rabat,hub_rabat_borne_1,2025-03-18 20:57:00,2025-03-18 21:44:00,27.7,reservee,terminee
session_2037,hub_rabat,hub_rabat_borne_1,2025-03-18 16:14:00,2025-03-18 17:16:00,8.1,reservee,terminee
session_2038,hub_rabat,hub_rabat_borne_2,2025-03-18 15:44:00,2025-03-18 17:03:00,39.7,reservee,terminee
session_2039,hub_rabat,hub_rabat_borne_3,2025-03-19 17:36:00,2025-03-19 18:25:00,20.2,walk_in,terminee
session_2040,hub_rabat,hub_rabat_borne_6,2025-03-20 16:51:00,2025-03-20 18:11:00,20.5,reservee,terminee
session_2041,hub_rabat,hub_rabat_borne_4,2025-03-20 20:36:00,2025-03-20 21:32:00,36.2,reservee,terminee
session_2042,hub_rabat,hub_rabat_borne_2,2025-03-20 11:55:00,2025-03-20 12:44:00,11.7,reservee,terminee
session_2043,hub_rabat,hub_rabat_borne_3,2025-03-20 12:30:00,2025-03-20 13:09:00,15.9,walk_in,terminee
session_2044,hub_rabat,hub_rabat_borne_4,2025-03-20 19:22:00,2025-03-20 20:05:00,17.3,walk_in,terminee
session_2045,hub_rabat,hub_rabat_borne_2,2025-03-20 18:35:00,2025-03-20 19:31:00,35.7,reservee,terminee
session_2046,hub_rabat,hub_rabat_borne_3,2025-03-20 21:09:00,2025-03-20 22:10:00,19.0,walk_in,terminee
session_2047,hub_rabat,hub_rabat_borne_4,2025-03-20 19:00:00,2025-03-20 20:18:00,29.6,reservee,terminee
session_2048,hub_rabat,hub_rabat_borne_2,2025-03-21 17:14:00,2025-03-21 18:18:00,6.7,reservee,terminee
session_2049,hub_rabat,hub_rabat_borne_1,2025-03-21 19:35:00,2025-03-21 20:17:00,32.0,reservee,terminee
session_2050,hub_rabat,hub_rabat_borne_4,2025-03-21 16:01:00,2025-03-21 16:23:00,15.8,walk_in,terminee
session_2051,hub_rabat,hub_rabat_borne_5,2025-03-21 21:05:00,2025-03-21 22:14:00,29.2,walk_in,terminee
session_2052,hub_rabat,hub_rabat_borne_4,2025-03-22 12:20:00,2025-03-22 13:26:00,19.4,reservee,terminee
session_2053,hub_rabat,hub_rabat_borne_3,2025-03-22 19:02:00,2025-03-22 19:51:00,34.4,walk_in,terminee
session_2054,hub_rabat,hub_rabat_borne_5,2025-03-22 12:21:00,2025-03-22 13:16:00,22.8,reservee,terminee
session_2055,hub_rabat,hub_rabat_borne_3,2025-03-22 07:42:00,2025-03-22 08:44:00,31.1,reservee,terminee
session_2056,hub_rabat,hub_rabat_borne_5,2025-03-22 17:51:00,2025-03-22 18:28:00,22.2,reservee,terminee
session_2057,hub_rabat,hub_rabat_borne_6,2025-03-22 13:21:00,2025-03-22 13:53:00,25.0,walk_in,terminee
session_2058,hub_rabat,hub_rabat_borne_2,2025-03-22 13:50:00,2025-03-22 14:41:00,34.1,reservee,terminee
session_2059,hub_rabat,hub_rabat_borne_5,2025-03-22 11:09:00,2025-03-22 11:37:00,26.4,walk_in,terminee
session_2060,hub_rabat,hub_rabat_borne_1,2025-03-22 15:21:00,2025-03-22 16:10:00,36.3,walk_in,terminee
session_2061,hub_rabat,hub_rabat_borne_1,2025-03-23 16:11:00,2025-03-23 17:04:00,17.3,reservee,terminee
session_2062,hub_rabat,hub_rabat_borne_4,2025-03-23 08:53:00,2025-03-23 10:01:00,10.4,walk_in,terminee
session_2063,hub_rabat,hub_rabat_borne_3,2025-03-23 13:52:00,2025-03-23 14:45:00,11.0,walk_in,terminee
session_2064,hub_rabat,hub_rabat_borne_3,2025-03-23 19:23:00,2025-03-23 20:22:00,16.7,walk_in,terminee
session_2065,hub_rabat,hub_rabat_borne_4,2025-03-23 12:30:00,2025-03-23 12:53:00,37.8,reservee,terminee
session_2066,hub_rabat,hub_rabat_borne_3,2025-03-24 12:06:00,2025-03-24 13:35:00,27.0,reservee,terminee
session_2067,hub_rabat,hub_rabat_borne_3,2025-03-24 21:19:00,2025-03-24 22:45:00,31.4,reservee,terminee
session_2068,hub_rabat,hub_rabat_borne_3,2025-03-24 22:39:00,2025-03-24 23:34:00,18.9,reservee,terminee
session_2069,hub_rabat,hub_rabat_borne_3,2025-03-25 20:19:00,2025-03-25 21:27:00,36.3,walk_in,terminee
session_2070,hub_rabat,hub_rabat_borne_3,2025-03-25 13:12:00,2025-03-25 13:36:00,32.7,walk_in,terminee
session_2071,hub_rabat,hub_rabat_borne_6,2025-03-25 16:55:00,2025-03-25 17:46:00,36.7,walk_in,terminee
session_2072,hub_rabat,hub_rabat_borne_6,2025-03-25 20:57:00,2025-03-25 22:01:00,13.0,reservee,terminee
session_2073,hub_rabat,hub_rabat_borne_3,2025-03-25 17:09:00,2025-03-25 18:34:00,12.2,walk_in,terminee
session_2074,hub_rabat,hub_rabat_borne_3,2025-03-25 16:56:00,2025-03-25 17:45:00,29.4,reservee,terminee
session_2075,hub_rabat,hub_rabat_borne_6,2025-03-25 15:48:00,2025-03-25 16:28:00,5.8,reservee,terminee
session_2076,hub_rabat,hub_rabat_borne_2,2025-03-26 15:22:00,2025-03-26 15:46:00,39.9,walk_in,terminee
session_2077,hub_rabat,hub_rabat_borne_6,2025-03-26 16:42:00,2025-03-26 17:02:00,24.5,reservee,terminee
session_2078,hub_rabat,hub_rabat_borne_3,2025-03-26 21:16:00,2025-03-26 22:07:00,13.7,reservee,terminee
session_2079,hub_rabat,hub_rabat_borne_6,2025-03-26 14:41:00,2025-03-26 15:48:00,13.5,reservee,terminee
session_2080,hub_rabat,hub_rabat_borne_5,2025-03-26 22:57:00,2025-03-27 00:24:00,27.2,walk_in,terminee
session_2081,hub_rabat,hub_rabat_borne_6,2025-03-26 21:46:00,2025-03-26 23:12:00,32.9,reservee,terminee
session_2082,hub_rabat,hub_rabat_borne_3,2025-03-26 18:21:00,2025-03-26 19:38:00,29.6,reservee,terminee
session_2083,hub_rabat,hub_rabat_borne_6,2025-03-26 19:22:00,2025-03-26 20:21:00,18.0,reservee,terminee
session_2084,hub_rabat,hub_rabat_borne_5,2025-03-27 13:40:00,2025-03-27 15:03:00,15.7,walk_in,terminee
session_2085,hub_rabat,hub_rabat_borne_6,2025-03-27 15:32:00,2025-03-27 16:49:00,30.3,walk_in,terminee
session_2086,hub_rabat,hub_rabat_borne_5,2025-03-27 18:58:00,2025-03-27 20:23:00,20.1,reservee,terminee
session_2087,hub_rabat,hub_rabat_borne_2,2025-03-27 19:49:00,2025-03-27 21:15:00,34.1,reservee,terminee
session_2088,hub_rabat,hub_rabat_borne_1,2025-03-27 17:22:00,2025-03-27 17:50:00,8.7,reservee,terminee
session_2089,hub_rabat,hub_rabat_borne_1,2025-03-28 21:44:00,2025-03-28 22:49:00,31.0,walk_in,terminee
session_2090,hub_rabat,hub_rabat_borne_5,2025-03-28 22:33:00,2025-03-28 23:25:00,18.8,reservee,terminee
session_2091,hub_rabat,hub_rabat_borne_5,2025-03-28 22:25:00,2025-03-28 23:25:00,22.5,reservee,terminee
session_2092,hub_rabat,hub_rabat_borne_3,2025-03-28 17:41:00,2025-03-28 18:24:00,5.3,reservee,terminee
session_2093,hub_rabat,hub_rabat_borne_6,2025-03-29 13:46:00,2025-03-29 14:24:00,37.4,reservee,terminee
session_2094,hub_rabat,hub_rabat_borne_1,2025-03-29 16:53:00,2025-03-29 18:22:00,35.2,reservee,terminee
session_2095,hub_rabat,hub_rabat_borne_2,2025-03-29 13:13:00,2025-03-29 13:59:00,29.4,walk_in,terminee
session_2096,hub_rabat,hub_rabat_borne_3,2025-03-29 20:12:00,2025-03-29 21:00:00,7.2,walk_in,terminee
session_2097,hub_rabat,hub_rabat_borne_2,2025-03-29 14:40:00,2025-03-29 15:19:00,21.7,reservee,terminee
session_2098,hub_rabat,hub_rabat_borne_3,2025-03-29 11:37:00,2025-03-29 13:02:00,16.6,reservee,terminee
session_2099,hub_rabat,hub_rabat_borne_1,2025-03-30 16:37:00,2025-03-30 17:52:00,24.9,walk_in,terminee
session_2100,hub_rabat,hub_rabat_borne_3,2025-03-30 12:38:00,2025-03-30 13:54:00,14.6,reservee,terminee
session_2101,hub_rabat,hub_rabat_borne_5,2025-03-30 11:03:00,2025-03-30 11:51:00,32.3,walk_in,terminee
session_2102,hub_rabat,hub_rabat_borne_6,2025-03-30 19:55:00,2025-03-30 20:49:00,26.9,walk_in,terminee
session_2103,hub_rabat,hub_rabat_borne_2,2025-03-30 17:06:00,2025-03-30 17:51:00,24.3,walk_in,terminee
session_2104,hub_rabat,hub_rabat_borne_4,2025-03-30 13:49:00,2025-03-30 14:27:00,26.6,reservee,terminee
session_2105,hub_rabat,hub_rabat_borne_3,2025-03-30 18:28:00,2025-03-30 19:26:00,33.6,reservee,terminee
session_2106,hub_rabat,hub_rabat_borne_1,2025-03-30 07:49:00,2025-03-30 08:48:00,16.2,walk_in,terminee
session_2107,hub_rabat,hub_rabat_borne_2,2025-03-30 13:19:00,2025-03-30 14:09:00,30.8,walk_in,terminee
session_2108,hub_rabat,hub_rabat_borne_1,2025-03-30 15:42:00,2025-03-30 17:04:00,36.5,walk_in,terminee
session_2109,hub_rabat,hub_rabat_borne_4,2025-03-30 15:18:00,2025-03-30 16:43:00,25.9,reservee,terminee
session_2110,hub_rabat,hub_rabat_borne_6,2025-03-30 13:06:00,2025-03-30 14:19:00,38.8,reservee,terminee
session_2111,hub_rabat,hub_rabat_borne_6,2025-03-31 18:19:00,2025-03-31 19:01:00,35.7,walk_in,terminee
session_2112,hub_rabat,hub_rabat_borne_5,2025-03-31 18:25:00,2025-03-31 19:07:00,34.8,walk_in,terminee
session_2113,hub_rabat,hub_rabat_borne_2,2025-03-31 17:57:00,2025-03-31 18:18:00,16.4,walk_in,terminee
session_2114,hub_rabat,hub_rabat_borne_3,2025-04-01 15:55:00,2025-04-01 16:55:00,27.2,reservee,terminee
session_2115,hub_rabat,hub_rabat_borne_2,2025-04-01 15:03:00,2025-04-01 16:20:00,13.3,reservee,terminee
session_2116,hub_rabat,hub_rabat_borne_4,2025-04-01 13:24:00,2025-04-01 13:44:00,20.7,walk_in,terminee
session_2117,hub_rabat,hub_rabat_borne_5,2025-04-01 22:41:00,2025-04-01 23:02:00,36.8,walk_in,terminee
session_2118,hub_rabat,hub_rabat_borne_1,2025-04-02 16:40:00,2025-04-02 17:43:00,34.1,walk_in,terminee
session_2119,hub_rabat,hub_rabat_borne_1,2025-04-02 17:31:00,2025-04-02 18:54:00,33.0,walk_in,terminee
session_2120,hub_rabat,hub_rabat_borne_6,2025-04-02 19:42:00,2025-04-02 20:50:00,11.1,walk_in,terminee
session_2121,hub_rabat,hub_rabat_borne_6,2025-04-02 22:26:00,2025-04-02 22:58:00,31.1,walk_in,terminee
session_2122,hub_rabat,hub_rabat_borne_4,2025-04-02 19:32:00,2025-04-02 19:59:00,16.9,reservee,terminee
session_2123,hub_rabat,hub_rabat_borne_3,2025-04-03 21:05:00,2025-04-03 22:04:00,38.5,walk_in,terminee
session_2124,hub_rabat,hub_rabat_borne_4,2025-04-03 17:54:00,2025-04-03 18:47:00,14.3,walk_in,terminee
session_2125,hub_rabat,hub_rabat_borne_2,2025-04-03 19:21:00,2025-04-03 19:43:00,11.2,walk_in,terminee
session_2126,hub_rabat,hub_rabat_borne_3,2025-04-03 16:04:00,2025-04-03 17:07:00,30.2,walk_in,terminee
session_2127,hub_rabat,hub_rabat_borne_6,2025-04-03 19:34:00,2025-04-03 20:42:00,35.2,reservee,terminee
session_2128,hub_rabat,hub_rabat_borne_3,2025-04-03 17:18:00,2025-04-03 17:50:00,38.8,reservee,terminee
session_2129,hub_rabat,hub_rabat_borne_6,2025-04-04 17:03:00,2025-04-04 17:31:00,20.0,walk_in,terminee
session_2130,hub_rabat,hub_rabat_borne_3,2025-04-04 16:35:00,2025-04-04 17:16:00,20.1,reservee,terminee
session_2131,hub_rabat,hub_rabat_borne_4,2025-04-05 13:57:00,2025-04-05 15:17:00,5.2,walk_in,terminee
session_2132,hub_rabat,hub_rabat_borne_4,2025-04-05 12:55:00,2025-04-05 14:09:00,10.1,walk_in,terminee
session_2133,hub_rabat,hub_rabat_borne_2,2025-04-06 16:33:00,2025-04-06 17:11:00,32.2,walk_in,terminee
session_2134,hub_rabat,hub_rabat_borne_6,2025-04-06 15:53:00,2025-04-06 16:57:00,17.0,walk_in,terminee
session_2135,hub_rabat,hub_rabat_borne_1,2025-04-06 21:09:00,2025-04-06 21:59:00,14.9,walk_in,terminee
session_2136,hub_rabat,hub_rabat_borne_6,2025-04-07 19:37:00,2025-04-07 20:34:00,19.3,reservee,terminee
session_2137,hub_rabat,hub_rabat_borne_5,2025-04-07 19:40:00,2025-04-07 20:29:00,20.6,walk_in,terminee
session_2138,hub_rabat,hub_rabat_borne_5,2025-04-07 12:38:00,2025-04-07 13:07:00,11.8,walk_in,terminee
session_2139,hub_rabat,hub_rabat_borne_2,2025-04-07 18:16:00,2025-04-07 19:38:00,30.8,walk_in,terminee
session_2140,hub_rabat,hub_rabat_borne_6,2025-04-08 18:05:00,2025-04-08 19:18:00,7.9,reservee,terminee
session_2141,hub_rabat,hub_rabat_borne_5,2025-04-08 11:43:00,2025-04-08 12:31:00,12.3,walk_in,terminee
session_2142,hub_rabat,hub_rabat_borne_4,2025-04-08 17:55:00,2025-04-08 18:30:00,20.5,reservee,terminee
session_2143,hub_rabat,hub_rabat_borne_3,2025-04-08 21:19:00,2025-04-08 22:27:00,33.2,walk_in,terminee
session_2144,hub_rabat,hub_rabat_borne_1,2025-04-09 16:07:00,2025-04-09 16:38:00,26.5,reservee,terminee
session_2145,hub_rabat,hub_rabat_borne_1,2025-04-09 21:40:00,2025-04-09 22:43:00,30.6,walk_in,terminee
session_2146,hub_rabat,hub_rabat_borne_6,2025-04-09 18:33:00,2025-04-09 19:45:00,12.6,reservee,terminee
session_2147,hub_rabat,hub_rabat_borne_6,2025-04-09 16:33:00,2025-04-09 17:18:00,28.3,walk_in,terminee
session_2148,hub_rabat,hub_rabat_borne_4,2025-04-09 18:45:00,2025-04-09 19:51:00,9.6,reservee,terminee
session_2149,hub_rabat,hub_rabat_borne_3,2025-04-10 17:01:00,2025-04-10 17:49:00,32.9,reservee,terminee
session_2150,hub_rabat,hub_rabat_borne_6,2025-04-10 16:27:00,2025-04-10 17:42:00,28.6,walk_in,terminee
session_2151,hub_rabat,hub_rabat_borne_5,2025-04-10 18:29:00,2025-04-10 19:36:00,10.9,walk_in,terminee
session_2152,hub_rabat,hub_rabat_borne_2,2025-04-11 18:58:00,2025-04-11 19:35:00,21.6,walk_in,terminee
session_2153,hub_rabat,hub_rabat_borne_6,2025-04-11 08:54:00,2025-04-11 09:48:00,36.3,walk_in,terminee
session_2154,hub_rabat,hub_rabat_borne_5,2025-04-11 17:03:00,2025-04-11 18:06:00,37.3,walk_in,terminee
session_2155,hub_rabat,hub_rabat_borne_2,2025-04-11 19:38:00,2025-04-11 20:42:00,24.3,walk_in,terminee
session_2156,hub_rabat,hub_rabat_borne_4,2025-04-11 16:05:00,2025-04-11 17:08:00,16.0,reservee,terminee
session_2157,hub_rabat,hub_rabat_borne_2,2025-04-12 10:34:00,2025-04-12 11:13:00,37.0,walk_in,terminee
session_2158,hub_rabat,hub_rabat_borne_3,2025-04-12 12:56:00,2025-04-12 14:10:00,32.7,walk_in,terminee
session_2159,hub_rabat,hub_rabat_borne_4,2025-04-12 16:51:00,2025-04-12 17:15:00,24.4,reservee,terminee
session_2160,hub_rabat,hub_rabat_borne_1,2025-04-12 15:01:00,2025-04-12 15:41:00,6.9,reservee,terminee
session_2161,hub_rabat,hub_rabat_borne_3,2025-04-12 11:36:00,2025-04-12 12:43:00,6.1,walk_in,terminee
session_2162,hub_rabat,hub_rabat_borne_1,2025-04-12 13:30:00,2025-04-12 14:55:00,39.9,walk_in,terminee
session_2163,hub_rabat,hub_rabat_borne_6,2025-04-12 09:31:00,2025-04-12 10:37:00,10.1,reservee,terminee
session_2164,hub_rabat,hub_rabat_borne_6,2025-04-12 09:19:00,2025-04-12 09:55:00,13.0,reservee,terminee
session_2165,hub_rabat,hub_rabat_borne_3,2025-04-13 12:45:00,2025-04-13 13:27:00,21.5,walk_in,terminee
session_2166,hub_rabat,hub_rabat_borne_5,2025-04-13 15:43:00,2025-04-13 16:23:00,27.6,reservee,terminee
session_2167,hub_rabat,hub_rabat_borne_1,2025-04-13 12:57:00,2025-04-13 14:11:00,37.0,reservee,terminee
session_2168,hub_rabat,hub_rabat_borne_4,2025-04-14 22:32:00,2025-04-14 23:56:00,36.1,walk_in,terminee
session_2169,hub_rabat,hub_rabat_borne_3,2025-04-14 22:31:00,2025-04-14 23:42:00,39.2,reservee,terminee
session_2170,hub_rabat,hub_rabat_borne_2,2025-04-14 17:17:00,2025-04-14 18:34:00,6.6,reservee,terminee
session_2171,hub_rabat,hub_rabat_borne_1,2025-04-14 13:23:00,2025-04-14 13:53:00,26.4,reservee,terminee
session_2172,hub_rabat,hub_rabat_borne_6,2025-04-15 19:49:00,2025-04-15 21:06:00,10.7,walk_in,terminee
session_2173,hub_rabat,hub_rabat_borne_1,2025-04-15 22:32:00,2025-04-15 23:14:00,35.8,walk_in,terminee
session_2174,hub_rabat,hub_rabat_borne_5,2025-04-15 19:42:00,2025-04-15 20:12:00,37.3,reservee,terminee
session_2175,hub_rabat,hub_rabat_borne_5,2025-04-15 13:52:00,2025-04-15 14:57:00,25.9,reservee,terminee
session_2176,hub_rabat,hub_rabat_borne_3,2025-04-15 12:04:00,2025-04-15 12:31:00,39.8,reservee,terminee
session_2177,hub_rabat,hub_rabat_borne_2,2025-04-15 22:14:00,2025-04-15 23:19:00,21.6,walk_in,terminee
session_2178,hub_rabat,hub_rabat_borne_4,2025-04-15 17:28:00,2025-04-15 17:51:00,33.9,reservee,terminee
session_2179,hub_rabat,hub_rabat_borne_6,2025-04-16 16:56:00,2025-04-16 17:22:00,25.2,walk_in,terminee
session_2180,hub_rabat,hub_rabat_borne_1,2025-04-16 17:50:00,2025-04-16 19:05:00,37.7,walk_in,terminee
session_2181,hub_rabat,hub_rabat_borne_1,2025-04-16 17:54:00,2025-04-16 18:29:00,25.4,walk_in,terminee
session_2182,hub_rabat,hub_rabat_borne_6,2025-04-17 17:41:00,2025-04-17 18:13:00,34.1,reservee,terminee
session_2183,hub_rabat,hub_rabat_borne_4,2025-04-17 18:57:00,2025-04-17 20:02:00,25.6,reservee,terminee
session_2184,hub_rabat,hub_rabat_borne_2,2025-04-17 16:19:00,2025-04-17 17:03:00,23.6,walk_in,terminee
session_2185,hub_rabat,hub_rabat_borne_5,2025-04-18 19:02:00,2025-04-18 19:59:00,31.0,reservee,terminee
session_2186,hub_rabat,hub_rabat_borne_3,2025-04-18 17:13:00,2025-04-18 18:23:00,26.4,reservee,terminee
session_2187,hub_rabat,hub_rabat_borne_3,2025-04-18 15:31:00,2025-04-18 15:58:00,38.2,reservee,terminee
session_2188,hub_rabat,hub_rabat_borne_5,2025-04-19 17:46:00,2025-04-19 18:49:00,22.8,walk_in,terminee
session_2189,hub_rabat,hub_rabat_borne_3,2025-04-19 12:55:00,2025-04-19 14:12:00,17.5,reservee,terminee
session_2190,hub_rabat,hub_rabat_borne_6,2025-04-19 14:11:00,2025-04-19 14:50:00,17.8,walk_in,terminee
session_2191,hub_rabat,hub_rabat_borne_1,2025-04-19 10:47:00,2025-04-19 11:26:00,36.0,reservee,terminee
session_2192,hub_rabat,hub_rabat_borne_3,2025-04-19 14:31:00,2025-04-19 15:30:00,12.9,reservee,terminee
session_2193,hub_rabat,hub_rabat_borne_5,2025-04-19 16:04:00,2025-04-19 16:58:00,11.7,reservee,terminee
session_2194,hub_rabat,hub_rabat_borne_2,2025-04-20 11:00:00,2025-04-20 11:58:00,26.8,reservee,terminee
session_2195,hub_rabat,hub_rabat_borne_1,2025-04-20 11:06:00,2025-04-20 11:55:00,35.2,walk_in,terminee
session_2196,hub_rabat,hub_rabat_borne_3,2025-04-20 11:45:00,2025-04-20 12:59:00,36.1,walk_in,terminee
session_2197,hub_rabat,hub_rabat_borne_6,2025-04-20 14:38:00,2025-04-20 15:31:00,9.1,walk_in,terminee
session_2198,hub_rabat,hub_rabat_borne_4,2025-04-20 18:39:00,2025-04-20 19:18:00,7.4,walk_in,terminee
session_2199,hub_rabat,hub_rabat_borne_5,2025-04-20 18:30:00,2025-04-20 18:50:00,25.2,reservee,terminee
session_2200,hub_rabat,hub_rabat_borne_6,2025-04-21 14:26:00,2025-04-21 15:39:00,38.0,reservee,terminee
session_2201,hub_rabat,hub_rabat_borne_2,2025-04-21 13:02:00,2025-04-21 14:02:00,18.3,walk_in,terminee
session_2202,hub_rabat,hub_rabat_borne_3,2025-04-22 21:51:00,2025-04-22 22:27:00,36.3,reservee,terminee
session_2203,hub_rabat,hub_rabat_borne_3,2025-04-22 21:19:00,2025-04-22 22:15:00,6.7,reservee,terminee
session_2204,hub_rabat,hub_rabat_borne_3,2025-04-22 15:36:00,2025-04-22 15:58:00,10.9,reservee,terminee
session_2205,hub_rabat,hub_rabat_borne_6,2025-04-22 13:14:00,2025-04-22 13:43:00,25.9,walk_in,terminee
session_2206,hub_rabat,hub_rabat_borne_5,2025-04-22 16:50:00,2025-04-22 17:52:00,26.5,reservee,terminee
session_2207,hub_rabat,hub_rabat_borne_4,2025-04-23 19:08:00,2025-04-23 19:36:00,20.4,reservee,terminee
session_2208,hub_rabat,hub_rabat_borne_4,2025-04-23 16:32:00,2025-04-23 17:57:00,35.4,reservee,terminee
session_2209,hub_rabat,hub_rabat_borne_5,2025-04-23 15:41:00,2025-04-23 17:05:00,22.1,reservee,terminee
session_2210,hub_rabat,hub_rabat_borne_5,2025-04-23 18:45:00,2025-04-23 19:10:00,8.7,walk_in,terminee
session_2211,hub_rabat,hub_rabat_borne_6,2025-04-24 20:24:00,2025-04-24 21:45:00,7.1,reservee,terminee
session_2212,hub_rabat,hub_rabat_borne_1,2025-04-24 15:49:00,2025-04-24 16:37:00,8.2,reservee,terminee
session_2213,hub_rabat,hub_rabat_borne_6,2025-04-24 20:37:00,2025-04-24 21:42:00,8.6,reservee,terminee
session_2214,hub_rabat,hub_rabat_borne_4,2025-04-24 18:24:00,2025-04-24 19:26:00,19.1,reservee,terminee
session_2215,hub_rabat,hub_rabat_borne_6,2025-04-24 22:45:00,2025-04-24 23:22:00,33.6,reservee,terminee
session_2216,hub_rabat,hub_rabat_borne_3,2025-04-24 16:22:00,2025-04-24 16:58:00,8.7,walk_in,terminee
session_2217,hub_rabat,hub_rabat_borne_2,2025-04-24 15:47:00,2025-04-24 16:39:00,19.5,reservee,terminee
session_2218,hub_rabat,hub_rabat_borne_2,2025-04-25 17:03:00,2025-04-25 18:17:00,12.4,reservee,terminee
session_2219,hub_rabat,hub_rabat_borne_2,2025-04-25 21:38:00,2025-04-25 22:10:00,32.9,reservee,terminee
session_2220,hub_rabat,hub_rabat_borne_1,2025-04-25 22:47:00,2025-04-25 23:37:00,31.5,walk_in,terminee
session_2221,hub_rabat,hub_rabat_borne_4,2025-04-26 13:16:00,2025-04-26 13:52:00,9.7,reservee,terminee
session_2222,hub_rabat,hub_rabat_borne_6,2025-04-26 14:43:00,2025-04-26 15:57:00,17.3,walk_in,terminee
session_2223,hub_rabat,hub_rabat_borne_5,2025-04-26 17:43:00,2025-04-26 18:52:00,20.1,walk_in,terminee
session_2224,hub_rabat,hub_rabat_borne_1,2025-04-26 18:33:00,2025-04-26 19:55:00,26.2,reservee,terminee
session_2225,hub_rabat,hub_rabat_borne_5,2025-04-26 11:54:00,2025-04-26 12:58:00,35.1,walk_in,terminee
session_2226,hub_rabat,hub_rabat_borne_6,2025-04-27 14:51:00,2025-04-27 15:51:00,9.0,reservee,terminee
session_2227,hub_rabat,hub_rabat_borne_4,2025-04-27 15:20:00,2025-04-27 15:47:00,15.6,walk_in,terminee
session_2228,hub_rabat,hub_rabat_borne_3,2025-04-27 10:18:00,2025-04-27 11:44:00,20.1,reservee,terminee
session_2229,hub_rabat,hub_rabat_borne_6,2025-04-27 14:17:00,2025-04-27 15:34:00,32.5,reservee,terminee
session_2230,hub_rabat,hub_rabat_borne_6,2025-04-27 13:50:00,2025-04-27 14:12:00,17.2,walk_in,terminee
session_2231,hub_rabat,hub_rabat_borne_3,2025-04-27 15:44:00,2025-04-27 16:50:00,33.5,walk_in,terminee
session_2232,hub_rabat,hub_rabat_borne_2,2025-04-28 15:49:00,2025-04-28 16:09:00,35.4,reservee,terminee
session_2233,hub_rabat,hub_rabat_borne_1,2025-04-28 18:47:00,2025-04-28 19:35:00,33.8,reservee,terminee
session_2234,hub_rabat,hub_rabat_borne_4,2025-04-28 19:52:00,2025-04-28 20:18:00,16.9,walk_in,terminee
session_2235,hub_rabat,hub_rabat_borne_1,2025-04-28 21:50:00,2025-04-28 23:09:00,23.1,reservee,terminee
session_2236,hub_rabat,hub_rabat_borne_6,2025-04-28 22:47:00,2025-04-29 00:04:00,35.8,reservee,terminee
session_2237,hub_rabat,hub_rabat_borne_4,2025-04-29 17:48:00,2025-04-29 19:04:00,6.7,reservee,terminee
session_2238,hub_rabat,hub_rabat_borne_1,2025-04-29 18:10:00,2025-04-29 19:13:00,25.0,walk_in,terminee
session_2239,hub_rabat,hub_rabat_borne_4,2025-04-29 12:42:00,2025-04-29 13:45:00,8.2,reservee,terminee
session_2240,hub_rabat,hub_rabat_borne_4,2025-04-29 19:44:00,2025-04-29 20:26:00,34.0,reservee,terminee
session_2241,hub_rabat,hub_rabat_borne_6,2025-04-30 22:46:00,2025-04-30 23:46:00,38.5,walk_in,terminee
session_2242,hub_rabat,hub_rabat_borne_4,2025-04-30 15:12:00,2025-04-30 16:16:00,18.7,walk_in,terminee
session_2243,hub_rabat,hub_rabat_borne_6,2025-04-30 18:25:00,2025-04-30 19:30:00,21.1,reservee,terminee
session_2244,hub_rabat,hub_rabat_borne_3,2025-04-30 22:12:00,2025-04-30 22:57:00,39.7,walk_in,terminee
session_2245,hub_rabat,hub_rabat_borne_1,2025-05-01 16:54:00,2025-05-01 17:44:00,19.6,reservee,terminee
session_2246,hub_rabat,hub_rabat_borne_4,2025-05-02 15:24:00,2025-05-02 16:39:00,7.0,walk_in,terminee
session_2247,hub_rabat,hub_rabat_borne_1,2025-05-02 18:33:00,2025-05-02 19:32:00,7.0,reservee,terminee
session_2248,hub_rabat,hub_rabat_borne_5,2025-05-02 16:33:00,2025-05-02 17:59:00,6.6,reservee,terminee
session_2249,hub_rabat,hub_rabat_borne_3,2025-05-02 16:06:00,2025-05-02 17:32:00,38.7,reservee,terminee
session_2250,hub_rabat,hub_rabat_borne_6,2025-05-02 20:57:00,2025-05-02 22:15:00,12.5,reservee,terminee
session_2251,hub_rabat,hub_rabat_borne_3,2025-05-03 06:29:00,2025-05-03 07:02:00,11.8,walk_in,terminee
session_2252,hub_rabat,hub_rabat_borne_1,2025-05-03 16:23:00,2025-05-03 17:29:00,18.4,walk_in,terminee
session_2253,hub_rabat,hub_rabat_borne_2,2025-05-03 16:52:00,2025-05-03 17:30:00,6.5,reservee,terminee
session_2254,hub_rabat,hub_rabat_borne_2,2025-05-03 16:47:00,2025-05-03 18:02:00,26.0,walk_in,terminee
session_2255,hub_rabat,hub_rabat_borne_2,2025-05-03 17:02:00,2025-05-03 18:19:00,12.7,reservee,terminee
session_2256,hub_rabat,hub_rabat_borne_1,2025-05-04 13:34:00,2025-05-04 14:00:00,18.0,walk_in,terminee
session_2257,hub_rabat,hub_rabat_borne_4,2025-05-04 12:12:00,2025-05-04 13:18:00,27.6,walk_in,terminee
session_2258,hub_rabat,hub_rabat_borne_2,2025-05-04 13:44:00,2025-05-04 14:20:00,26.7,walk_in,terminee
session_2259,hub_rabat,hub_rabat_borne_4,2025-05-04 14:26:00,2025-05-04 15:16:00,32.1,reservee,terminee
session_2260,hub_rabat,hub_rabat_borne_4,2025-05-04 16:38:00,2025-05-04 17:45:00,22.5,reservee,terminee
session_2261,hub_rabat,hub_rabat_borne_3,2025-05-04 13:18:00,2025-05-04 14:30:00,9.6,walk_in,terminee
session_2262,hub_rabat,hub_rabat_borne_4,2025-05-05 20:39:00,2025-05-05 21:42:00,30.6,reservee,terminee
session_2263,hub_rabat,hub_rabat_borne_1,2025-05-05 12:47:00,2025-05-05 13:13:00,38.6,walk_in,terminee
session_2264,hub_rabat,hub_rabat_borne_6,2025-05-05 15:17:00,2025-05-05 16:17:00,9.2,walk_in,terminee
session_2265,hub_rabat,hub_rabat_borne_2,2025-05-06 20:41:00,2025-05-06 21:14:00,11.9,reservee,terminee
session_2266,hub_rabat,hub_rabat_borne_2,2025-05-06 19:28:00,2025-05-06 20:06:00,11.0,reservee,terminee
session_2267,hub_rabat,hub_rabat_borne_3,2025-05-06 13:06:00,2025-05-06 13:27:00,8.6,reservee,terminee
session_2268,hub_rabat,hub_rabat_borne_5,2025-05-07 16:51:00,2025-05-07 18:19:00,33.3,reservee,terminee
session_2269,hub_rabat,hub_rabat_borne_1,2025-05-07 18:48:00,2025-05-07 19:22:00,10.8,walk_in,terminee
session_2270,hub_rabat,hub_rabat_borne_1,2025-05-07 16:23:00,2025-05-07 17:33:00,8.2,walk_in,terminee
session_2271,hub_rabat,hub_rabat_borne_4,2025-05-07 17:53:00,2025-05-07 18:26:00,8.8,reservee,terminee
session_2272,hub_rabat,hub_rabat_borne_1,2025-05-08 22:39:00,2025-05-08 23:26:00,34.2,walk_in,terminee
session_2273,hub_rabat,hub_rabat_borne_2,2025-05-08 17:35:00,2025-05-08 18:55:00,17.8,walk_in,terminee
session_2274,hub_rabat,hub_rabat_borne_3,2025-05-08 16:43:00,2025-05-08 17:07:00,20.9,reservee,terminee
session_2275,hub_rabat,hub_rabat_borne_6,2025-05-08 15:35:00,2025-05-08 16:17:00,7.7,walk_in,terminee
session_2276,hub_rabat,hub_rabat_borne_2,2025-05-09 17:49:00,2025-05-09 18:56:00,5.1,reservee,terminee
session_2277,hub_rabat,hub_rabat_borne_4,2025-05-09 14:00:00,2025-05-09 15:03:00,12.2,walk_in,terminee
session_2278,hub_rabat,hub_rabat_borne_4,2025-05-10 09:16:00,2025-05-10 09:47:00,25.3,walk_in,terminee
session_2279,hub_rabat,hub_rabat_borne_6,2025-05-10 09:05:00,2025-05-10 09:53:00,5.2,reservee,terminee
session_2280,hub_rabat,hub_rabat_borne_5,2025-05-10 12:49:00,2025-05-10 13:42:00,28.4,walk_in,terminee
session_2281,hub_rabat,hub_rabat_borne_4,2025-05-10 17:52:00,2025-05-10 19:08:00,24.8,reservee,terminee
session_2282,hub_rabat,hub_rabat_borne_2,2025-05-10 13:03:00,2025-05-10 14:28:00,16.4,walk_in,terminee
session_2283,hub_rabat,hub_rabat_borne_6,2025-05-10 16:56:00,2025-05-10 17:18:00,17.4,walk_in,terminee
session_2284,hub_rabat,hub_rabat_borne_2,2025-05-10 14:53:00,2025-05-10 16:11:00,8.7,reservee,terminee
session_2285,hub_rabat,hub_rabat_borne_1,2025-05-11 14:50:00,2025-05-11 15:48:00,12.5,walk_in,terminee
session_2286,hub_rabat,hub_rabat_borne_5,2025-05-11 13:56:00,2025-05-11 14:34:00,15.2,reservee,terminee
session_2287,hub_rabat,hub_rabat_borne_5,2025-05-11 12:40:00,2025-05-11 13:39:00,36.3,reservee,terminee
session_2288,hub_rabat,hub_rabat_borne_2,2025-05-11 08:08:00,2025-05-11 09:34:00,30.1,walk_in,terminee
session_2289,hub_rabat,hub_rabat_borne_4,2025-05-12 13:19:00,2025-05-12 13:39:00,28.1,reservee,terminee
session_2290,hub_rabat,hub_rabat_borne_4,2025-05-12 18:30:00,2025-05-12 19:17:00,35.8,walk_in,terminee
session_2291,hub_rabat,hub_rabat_borne_5,2025-05-12 18:46:00,2025-05-12 20:01:00,28.2,walk_in,terminee
session_2292,hub_rabat,hub_rabat_borne_5,2025-05-13 15:36:00,2025-05-13 16:17:00,38.0,walk_in,terminee
session_2293,hub_rabat,hub_rabat_borne_3,2025-05-13 17:53:00,2025-05-13 18:37:00,23.1,reservee,terminee
session_2294,hub_rabat,hub_rabat_borne_6,2025-05-13 18:19:00,2025-05-13 19:25:00,36.0,reservee,terminee
session_2295,hub_rabat,hub_rabat_borne_2,2025-05-14 16:33:00,2025-05-14 17:47:00,6.9,walk_in,terminee
session_2296,hub_rabat,hub_rabat_borne_1,2025-05-14 18:02:00,2025-05-14 18:30:00,11.3,reservee,terminee
session_2297,hub_rabat,hub_rabat_borne_1,2025-05-14 18:38:00,2025-05-14 20:00:00,23.4,reservee,terminee
session_2298,hub_rabat,hub_rabat_borne_2,2025-05-14 19:06:00,2025-05-14 19:47:00,8.4,reservee,terminee
session_2299,hub_rabat,hub_rabat_borne_1,2025-05-14 13:07:00,2025-05-14 13:34:00,33.9,reservee,terminee
session_2300,hub_rabat,hub_rabat_borne_4,2025-05-15 18:24:00,2025-05-15 19:04:00,28.5,walk_in,terminee
session_2301,hub_rabat,hub_rabat_borne_3,2025-05-15 17:20:00,2025-05-15 17:50:00,25.8,walk_in,terminee
session_2302,hub_rabat,hub_rabat_borne_3,2025-05-15 15:10:00,2025-05-15 16:25:00,37.5,walk_in,terminee
session_2303,hub_rabat,hub_rabat_borne_2,2025-05-16 22:58:00,2025-05-16 23:44:00,10.7,reservee,terminee
session_2304,hub_rabat,hub_rabat_borne_4,2025-05-16 15:13:00,2025-05-16 16:25:00,8.1,walk_in,terminee
session_2305,hub_rabat,hub_rabat_borne_3,2025-05-17 15:55:00,2025-05-17 16:21:00,38.1,walk_in,terminee
session_2306,hub_rabat,hub_rabat_borne_1,2025-05-17 14:02:00,2025-05-17 15:03:00,37.7,reservee,terminee
session_2307,hub_rabat,hub_rabat_borne_3,2025-05-17 14:13:00,2025-05-17 15:10:00,33.1,reservee,terminee
session_2308,hub_rabat,hub_rabat_borne_4,2025-05-17 19:44:00,2025-05-17 20:53:00,29.5,reservee,terminee
session_2309,hub_rabat,hub_rabat_borne_2,2025-05-17 16:38:00,2025-05-17 17:45:00,25.1,walk_in,terminee
session_2310,hub_rabat,hub_rabat_borne_2,2025-05-17 16:56:00,2025-05-17 17:20:00,36.6,walk_in,terminee
session_2311,hub_rabat,hub_rabat_borne_5,2025-05-17 12:33:00,2025-05-17 13:50:00,30.2,reservee,terminee
session_2312,hub_rabat,hub_rabat_borne_3,2025-05-18 18:16:00,2025-05-18 19:28:00,22.8,reservee,terminee
session_2313,hub_rabat,hub_rabat_borne_1,2025-05-19 13:12:00,2025-05-19 14:20:00,8.8,walk_in,terminee
session_2314,hub_rabat,hub_rabat_borne_4,2025-05-19 14:16:00,2025-05-19 14:45:00,32.9,reservee,terminee
session_2315,hub_rabat,hub_rabat_borne_5,2025-05-19 17:32:00,2025-05-19 18:25:00,27.5,reservee,terminee
session_2316,hub_rabat,hub_rabat_borne_1,2025-05-20 15:01:00,2025-05-20 15:59:00,19.8,reservee,terminee
session_2317,hub_rabat,hub_rabat_borne_1,2025-05-20 18:12:00,2025-05-20 19:11:00,10.2,reservee,terminee
session_2318,hub_rabat,hub_rabat_borne_4,2025-05-20 18:36:00,2025-05-20 19:48:00,38.5,reservee,terminee
session_2319,hub_rabat,hub_rabat_borne_4,2025-05-20 21:17:00,2025-05-20 22:39:00,19.2,reservee,terminee
session_2320,hub_rabat,hub_rabat_borne_5,2025-05-21 15:37:00,2025-05-21 16:33:00,9.7,walk_in,terminee
session_2321,hub_rabat,hub_rabat_borne_1,2025-05-21 18:54:00,2025-05-21 20:04:00,13.6,reservee,terminee
session_2322,hub_rabat,hub_rabat_borne_3,2025-05-22 13:00:00,2025-05-22 14:19:00,10.0,reservee,terminee
session_2323,hub_rabat,hub_rabat_borne_4,2025-05-23 19:35:00,2025-05-23 20:10:00,32.3,walk_in,terminee
session_2324,hub_rabat,hub_rabat_borne_5,2025-05-23 16:34:00,2025-05-23 17:57:00,27.5,reservee,terminee
session_2325,hub_rabat,hub_rabat_borne_2,2025-05-23 16:40:00,2025-05-23 18:08:00,13.5,reservee,terminee
session_2326,hub_rabat,hub_rabat_borne_5,2025-05-23 16:37:00,2025-05-23 17:34:00,10.9,reservee,terminee
session_2327,hub_rabat,hub_rabat_borne_1,2025-05-23 15:00:00,2025-05-23 16:12:00,30.6,walk_in,terminee
session_2328,hub_rabat,hub_rabat_borne_3,2025-05-23 19:47:00,2025-05-23 20:15:00,14.8,walk_in,terminee
session_2329,hub_rabat,hub_rabat_borne_4,2025-05-24 11:46:00,2025-05-24 13:07:00,31.4,walk_in,terminee
session_2330,hub_rabat,hub_rabat_borne_1,2025-05-24 09:06:00,2025-05-24 10:29:00,37.7,reservee,terminee
session_2331,hub_rabat,hub_rabat_borne_4,2025-05-24 17:37:00,2025-05-24 18:04:00,26.1,walk_in,terminee
session_2332,hub_rabat,hub_rabat_borne_2,2025-05-24 14:57:00,2025-05-24 15:45:00,20.1,walk_in,terminee
session_2333,hub_rabat,hub_rabat_borne_4,2025-05-25 09:44:00,2025-05-25 11:10:00,13.2,reservee,terminee
session_2334,hub_rabat,hub_rabat_borne_4,2025-05-25 10:58:00,2025-05-25 11:47:00,23.9,reservee,terminee
session_2335,hub_rabat,hub_rabat_borne_4,2025-05-25 12:49:00,2025-05-25 14:04:00,17.1,walk_in,terminee
session_2336,hub_rabat,hub_rabat_borne_1,2025-05-25 10:32:00,2025-05-25 11:29:00,31.5,walk_in,terminee
session_2337,hub_rabat,hub_rabat_borne_3,2025-05-25 11:10:00,2025-05-25 12:07:00,29.3,reservee,terminee
session_2338,hub_rabat,hub_rabat_borne_3,2025-05-25 11:46:00,2025-05-25 12:40:00,23.9,reservee,terminee
session_2339,hub_rabat,hub_rabat_borne_2,2025-05-25 13:16:00,2025-05-25 13:40:00,29.8,reservee,terminee
session_2340,hub_rabat,hub_rabat_borne_2,2025-05-26 21:27:00,2025-05-26 22:37:00,38.6,reservee,terminee
session_2341,hub_rabat,hub_rabat_borne_2,2025-05-26 20:06:00,2025-05-26 20:58:00,34.6,reservee,terminee
session_2342,hub_rabat,hub_rabat_borne_6,2025-05-26 16:23:00,2025-05-26 16:44:00,25.5,reservee,terminee
session_2343,hub_rabat,hub_rabat_borne_5,2025-05-26 22:28:00,2025-05-26 22:48:00,40.0,reservee,terminee
session_2344,hub_rabat,hub_rabat_borne_3,2025-05-26 15:42:00,2025-05-26 17:04:00,37.9,reservee,terminee
session_2345,hub_rabat,hub_rabat_borne_2,2025-05-27 15:00:00,2025-05-27 16:23:00,30.1,reservee,terminee
session_2346,hub_rabat,hub_rabat_borne_3,2025-05-27 21:43:00,2025-05-27 22:59:00,33.9,reservee,terminee
session_2347,hub_rabat,hub_rabat_borne_3,2025-05-28 18:36:00,2025-05-28 19:18:00,39.1,reservee,terminee
session_2348,hub_rabat,hub_rabat_borne_5,2025-05-29 20:45:00,2025-05-29 21:27:00,23.1,walk_in,terminee
session_2349,hub_rabat,hub_rabat_borne_5,2025-05-29 13:36:00,2025-05-29 14:26:00,35.7,walk_in,terminee
session_2350,hub_rabat,hub_rabat_borne_1,2025-05-30 22:07:00,2025-05-30 23:28:00,38.2,walk_in,terminee
session_2351,hub_rabat,hub_rabat_borne_1,2025-05-30 19:35:00,2025-05-30 20:25:00,7.9,walk_in,terminee
session_2352,hub_rabat,hub_rabat_borne_2,2025-05-30 21:11:00,2025-05-30 22:40:00,38.0,reservee,terminee
session_2353,hub_rabat,hub_rabat_borne_6,2025-05-30 17:47:00,2025-05-30 18:36:00,38.9,walk_in,terminee
session_2354,hub_rabat,hub_rabat_borne_5,2025-05-31 19:02:00,2025-05-31 19:49:00,37.0,reservee,terminee
session_2355,hub_rabat,hub_rabat_borne_3,2025-05-31 07:05:00,2025-05-31 08:11:00,38.8,walk_in,terminee
session_2356,hub_rabat,hub_rabat_borne_6,2025-05-31 10:37:00,2025-05-31 11:51:00,6.1,reservee,terminee
session_2357,hub_rabat,hub_rabat_borne_3,2025-05-31 13:48:00,2025-05-31 14:55:00,26.5,walk_in,terminee
session_2358,hub_rabat,hub_rabat_borne_1,2025-05-31 16:05:00,2025-05-31 16:49:00,27.1,reservee,terminee
session_2359,hub_rabat,hub_rabat_borne_1,2025-05-31 13:45:00,2025-05-31 15:02:00,11.3,reservee,terminee
session_2360,hub_rabat,hub_rabat_borne_1,2025-05-31 09:08:00,2025-05-31 09:50:00,34.4,walk_in,terminee
session_2361,hub_rabat,hub_rabat_borne_3,2025-05-31 11:00:00,2025-05-31 11:59:00,10.8,reservee,terminee
session_2362,hub_rabat,hub_rabat_borne_3,2025-06-01 13:53:00,2025-06-01 14:13:00,30.9,reservee,terminee
session_2363,hub_rabat,hub_rabat_borne_3,2025-06-01 16:36:00,2025-06-01 17:56:00,33.8,walk_in,terminee
session_2364,hub_rabat,hub_rabat_borne_3,2025-06-01 11:37:00,2025-06-01 12:31:00,7.7,walk_in,terminee
session_2365,hub_rabat,hub_rabat_borne_2,2025-06-01 12:00:00,2025-06-01 13:23:00,25.2,walk_in,terminee
session_2366,hub_rabat,hub_rabat_borne_1,2025-06-01 15:38:00,2025-06-01 16:15:00,29.6,reservee,terminee
session_2367,hub_rabat,hub_rabat_borne_2,2025-06-01 09:00:00,2025-06-01 09:39:00,13.6,walk_in,terminee
session_2368,hub_rabat,hub_rabat_borne_4,2025-06-01 10:33:00,2025-06-01 11:08:00,19.9,walk_in,terminee
session_2369,hub_rabat,hub_rabat_borne_2,2025-06-02 17:33:00,2025-06-02 18:36:00,39.1,reservee,terminee
session_2370,hub_rabat,hub_rabat_borne_5,2025-06-02 17:13:00,2025-06-02 17:36:00,26.6,reservee,terminee
session_2371,hub_rabat,hub_rabat_borne_3,2025-06-02 16:41:00,2025-06-02 17:32:00,23.8,walk_in,terminee
session_2372,hub_rabat,hub_rabat_borne_3,2025-06-03 21:41:00,2025-06-03 22:06:00,14.2,reservee,terminee
session_2373,hub_rabat,hub_rabat_borne_5,2025-06-03 20:34:00,2025-06-03 20:58:00,21.1,reservee,terminee
session_2374,hub_rabat,hub_rabat_borne_6,2025-06-03 16:35:00,2025-06-03 17:28:00,25.2,walk_in,terminee
session_2375,hub_rabat,hub_rabat_borne_5,2025-06-04 17:56:00,2025-06-04 19:11:00,13.6,reservee,terminee
session_2376,hub_rabat,hub_rabat_borne_5,2025-06-04 14:25:00,2025-06-04 15:35:00,13.0,reservee,terminee
session_2377,hub_rabat,hub_rabat_borne_5,2025-06-04 18:00:00,2025-06-04 19:08:00,29.8,walk_in,terminee
session_2378,hub_rabat,hub_rabat_borne_2,2025-06-04 22:55:00,2025-06-05 00:00:00,38.7,walk_in,terminee
session_2379,hub_rabat,hub_rabat_borne_3,2025-06-04 16:58:00,2025-06-04 18:01:00,22.4,walk_in,terminee
session_2380,hub_rabat,hub_rabat_borne_5,2025-06-05 22:13:00,2025-06-05 22:54:00,23.2,reservee,terminee
session_2381,hub_rabat,hub_rabat_borne_5,2025-06-05 15:28:00,2025-06-05 16:01:00,14.5,walk_in,terminee
session_2382,hub_rabat,hub_rabat_borne_4,2025-06-06 20:52:00,2025-06-06 22:03:00,31.8,reservee,terminee
session_2383,hub_rabat,hub_rabat_borne_1,2025-06-06 17:11:00,2025-06-06 18:12:00,17.9,reservee,terminee
session_2384,hub_rabat,hub_rabat_borne_6,2025-06-06 19:48:00,2025-06-06 20:27:00,6.0,reservee,terminee
session_2385,hub_rabat,hub_rabat_borne_1,2025-06-06 17:26:00,2025-06-06 18:08:00,28.4,reservee,terminee
session_2386,hub_rabat,hub_rabat_borne_1,2025-06-06 21:06:00,2025-06-06 21:30:00,12.3,walk_in,terminee
session_2387,hub_rabat,hub_rabat_borne_5,2025-06-06 15:50:00,2025-06-06 17:02:00,23.7,reservee,terminee
session_2388,hub_rabat,hub_rabat_borne_1,2025-06-06 18:17:00,2025-06-06 18:54:00,39.1,reservee,terminee
session_2389,hub_rabat,hub_rabat_borne_4,2025-06-06 19:56:00,2025-06-06 20:37:00,18.8,reservee,terminee
session_2390,hub_rabat,hub_rabat_borne_3,2025-06-07 16:51:00,2025-06-07 18:14:00,34.4,reservee,terminee
session_2391,hub_rabat,hub_rabat_borne_1,2025-06-07 15:54:00,2025-06-07 16:15:00,19.4,reservee,terminee
session_2392,hub_rabat,hub_rabat_borne_6,2025-06-07 12:47:00,2025-06-07 13:27:00,38.3,reservee,terminee
session_2393,hub_rabat,hub_rabat_borne_5,2025-06-07 13:36:00,2025-06-07 14:51:00,35.9,reservee,terminee
session_2394,hub_rabat,hub_rabat_borne_3,2025-06-07 11:01:00,2025-06-07 12:21:00,16.8,reservee,terminee
session_2395,hub_rabat,hub_rabat_borne_2,2025-06-07 15:41:00,2025-06-07 17:01:00,12.5,reservee,terminee
session_2396,hub_rabat,hub_rabat_borne_6,2025-06-07 12:21:00,2025-06-07 12:54:00,39.8,walk_in,terminee
session_2397,hub_rabat,hub_rabat_borne_4,2025-06-08 17:13:00,2025-06-08 17:41:00,18.2,reservee,terminee
session_2398,hub_rabat,hub_rabat_borne_3,2025-06-08 11:14:00,2025-06-08 12:36:00,36.8,walk_in,terminee
session_2399,hub_rabat,hub_rabat_borne_3,2025-06-08 15:14:00,2025-06-08 16:17:00,9.9,reservee,terminee
session_2400,hub_rabat,hub_rabat_borne_1,2025-06-09 19:04:00,2025-06-09 20:28:00,31.0,walk_in,terminee
session_2401,hub_rabat,hub_rabat_borne_3,2025-06-09 20:16:00,2025-06-09 21:41:00,37.3,walk_in,terminee
session_2402,hub_rabat,hub_rabat_borne_3,2025-06-09 15:01:00,2025-06-09 15:30:00,25.9,walk_in,terminee
session_2403,hub_rabat,hub_rabat_borne_1,2025-06-09 15:10:00,2025-06-09 15:49:00,6.9,walk_in,terminee
session_2404,hub_rabat,hub_rabat_borne_5,2025-06-09 22:33:00,2025-06-09 23:32:00,13.9,reservee,terminee
session_2405,hub_rabat,hub_rabat_borne_5,2025-06-10 22:33:00,2025-06-10 23:30:00,38.3,reservee,terminee
session_2406,hub_rabat,hub_rabat_borne_4,2025-06-10 18:43:00,2025-06-10 19:38:00,12.3,reservee,terminee
session_2407,hub_rabat,hub_rabat_borne_4,2025-06-10 21:39:00,2025-06-10 22:45:00,20.3,walk_in,terminee
session_2408,hub_rabat,hub_rabat_borne_4,2025-06-11 20:52:00,2025-06-11 21:28:00,36.9,reservee,terminee
session_2409,hub_rabat,hub_rabat_borne_3,2025-06-11 14:10:00,2025-06-11 14:59:00,39.4,reservee,terminee
session_2410,hub_rabat,hub_rabat_borne_6,2025-06-11 14:06:00,2025-06-11 15:32:00,24.2,walk_in,terminee
session_2411,hub_rabat,hub_rabat_borne_6,2025-06-11 14:00:00,2025-06-11 14:38:00,16.8,reservee,terminee
session_2412,hub_rabat,hub_rabat_borne_1,2025-06-11 17:48:00,2025-06-11 18:20:00,29.5,reservee,terminee
session_2413,hub_rabat,hub_rabat_borne_2,2025-06-12 18:36:00,2025-06-12 19:02:00,33.8,walk_in,terminee
session_2414,hub_rabat,hub_rabat_borne_1,2025-06-13 16:10:00,2025-06-13 17:27:00,34.5,walk_in,terminee
session_2415,hub_rabat,hub_rabat_borne_2,2025-06-13 22:04:00,2025-06-13 23:10:00,14.6,reservee,terminee
session_2416,hub_rabat,hub_rabat_borne_1,2025-06-13 14:40:00,2025-06-13 15:03:00,39.4,walk_in,terminee
session_2417,hub_rabat,hub_rabat_borne_2,2025-06-13 16:27:00,2025-06-13 17:37:00,28.7,reservee,terminee
session_2418,hub_rabat,hub_rabat_borne_4,2025-06-14 14:38:00,2025-06-14 15:28:00,19.9,reservee,terminee
session_2419,hub_rabat,hub_rabat_borne_6,2025-06-14 12:13:00,2025-06-14 13:01:00,11.7,walk_in,terminee
session_2420,hub_rabat,hub_rabat_borne_3,2025-06-14 16:51:00,2025-06-14 18:04:00,23.2,reservee,terminee
session_2421,hub_rabat,hub_rabat_borne_1,2025-06-15 15:38:00,2025-06-15 16:12:00,26.3,reservee,terminee
session_2422,hub_rabat,hub_rabat_borne_3,2025-06-15 11:37:00,2025-06-15 12:07:00,8.3,reservee,terminee
session_2423,hub_rabat,hub_rabat_borne_6,2025-06-15 19:54:00,2025-06-15 21:08:00,31.1,reservee,terminee
session_2424,hub_rabat,hub_rabat_borne_1,2025-06-15 13:29:00,2025-06-15 13:56:00,23.7,walk_in,terminee
session_2425,hub_rabat,hub_rabat_borne_3,2025-06-15 16:00:00,2025-06-15 17:03:00,6.4,reservee,terminee
session_2426,hub_rabat,hub_rabat_borne_5,2025-06-15 10:21:00,2025-06-15 10:42:00,22.3,reservee,terminee
session_2427,hub_rabat,hub_rabat_borne_2,2025-06-15 13:41:00,2025-06-15 14:29:00,31.7,reservee,terminee
session_2428,hub_rabat,hub_rabat_borne_4,2025-06-15 13:11:00,2025-06-15 13:52:00,36.0,reservee,terminee
session_2429,hub_rabat,hub_rabat_borne_1,2025-06-15 12:02:00,2025-06-15 12:51:00,22.5,reservee,terminee
session_2430,hub_rabat,hub_rabat_borne_2,2025-06-15 16:37:00,2025-06-15 17:59:00,27.7,walk_in,terminee
session_2431,hub_rabat,hub_rabat_borne_2,2025-06-15 15:09:00,2025-06-15 15:50:00,6.8,reservee,terminee
session_2432,hub_rabat,hub_rabat_borne_6,2025-06-16 15:11:00,2025-06-16 15:57:00,27.8,reservee,terminee
session_2433,hub_rabat,hub_rabat_borne_2,2025-06-16 20:53:00,2025-06-16 21:46:00,39.4,reservee,terminee
session_2434,hub_rabat,hub_rabat_borne_2,2025-06-16 17:32:00,2025-06-16 18:31:00,36.4,reservee,terminee
session_2435,hub_rabat,hub_rabat_borne_3,2025-06-17 18:28:00,2025-06-17 18:58:00,31.6,walk_in,terminee
session_2436,hub_rabat,hub_rabat_borne_6,2025-06-17 18:38:00,2025-06-17 19:31:00,28.8,reservee,terminee
session_2437,hub_rabat,hub_rabat_borne_5,2025-06-17 18:58:00,2025-06-17 20:08:00,26.3,reservee,terminee
session_2438,hub_rabat,hub_rabat_borne_5,2025-06-17 18:19:00,2025-06-17 18:47:00,9.4,reservee,terminee
session_2439,hub_rabat,hub_rabat_borne_1,2025-06-17 18:13:00,2025-06-17 19:31:00,36.7,reservee,terminee
session_2440,hub_rabat,hub_rabat_borne_5,2025-06-18 20:11:00,2025-06-18 21:16:00,20.8,reservee,terminee
session_2441,hub_rabat,hub_rabat_borne_6,2025-06-18 17:16:00,2025-06-18 18:29:00,30.5,reservee,terminee
session_2442,hub_rabat,hub_rabat_borne_3,2025-06-18 15:42:00,2025-06-18 16:57:00,36.3,walk_in,terminee
session_2443,hub_rabat,hub_rabat_borne_4,2025-06-18 15:15:00,2025-06-18 16:37:00,10.1,reservee,terminee
session_2444,hub_rabat,hub_rabat_borne_2,2025-06-18 18:40:00,2025-06-18 20:09:00,17.6,reservee,terminee
session_2445,hub_rabat,hub_rabat_borne_6,2025-06-18 18:46:00,2025-06-18 19:21:00,38.2,reservee,terminee
session_2446,hub_rabat,hub_rabat_borne_5,2025-06-19 16:55:00,2025-06-19 17:58:00,39.4,reservee,terminee
session_2447,hub_rabat,hub_rabat_borne_3,2025-06-19 17:27:00,2025-06-19 17:50:00,24.2,walk_in,terminee
session_2448,hub_rabat,hub_rabat_borne_1,2025-06-19 18:42:00,2025-06-19 19:57:00,39.5,reservee,terminee
session_2449,hub_rabat,hub_rabat_borne_6,2025-06-19 22:10:00,2025-06-19 22:39:00,30.5,reservee,terminee
session_2450,hub_rabat,hub_rabat_borne_5,2025-06-19 18:12:00,2025-06-19 19:10:00,9.0,reservee,terminee
session_2451,hub_rabat,hub_rabat_borne_4,2025-06-19 17:18:00,2025-06-19 18:31:00,9.2,walk_in,terminee
session_2452,hub_rabat,hub_rabat_borne_4,2025-06-19 19:28:00,2025-06-19 20:34:00,34.8,reservee,terminee
session_2453,hub_rabat,hub_rabat_borne_5,2025-06-20 16:05:00,2025-06-20 16:30:00,6.3,reservee,terminee
session_2454,hub_rabat,hub_rabat_borne_1,2025-06-20 21:53:00,2025-06-20 22:33:00,10.8,reservee,terminee
session_2455,hub_rabat,hub_rabat_borne_6,2025-06-20 17:23:00,2025-06-20 17:50:00,39.5,reservee,terminee
session_2456,hub_rabat,hub_rabat_borne_3,2025-06-21 09:49:00,2025-06-21 10:15:00,12.4,reservee,terminee
session_2457,hub_rabat,hub_rabat_borne_6,2025-06-21 14:00:00,2025-06-21 15:12:00,17.5,reservee,terminee
session_2458,hub_rabat,hub_rabat_borne_4,2025-06-21 10:40:00,2025-06-21 11:11:00,23.0,walk_in,terminee
session_2459,hub_rabat,hub_rabat_borne_1,2025-06-21 16:37:00,2025-06-21 17:47:00,29.6,reservee,terminee
session_2460,hub_rabat,hub_rabat_borne_6,2025-06-21 17:03:00,2025-06-21 17:28:00,21.0,reservee,terminee
session_2461,hub_rabat,hub_rabat_borne_5,2025-06-21 13:51:00,2025-06-21 14:11:00,33.4,walk_in,terminee
session_2462,hub_rabat,hub_rabat_borne_1,2025-06-21 11:58:00,2025-06-21 13:13:00,22.7,walk_in,terminee
session_2463,hub_rabat,hub_rabat_borne_5,2025-06-22 15:41:00,2025-06-22 16:24:00,13.3,reservee,terminee
session_2464,hub_rabat,hub_rabat_borne_1,2025-06-22 14:06:00,2025-06-22 15:33:00,14.8,reservee,terminee
session_2465,hub_rabat,hub_rabat_borne_6,2025-06-22 09:21:00,2025-06-22 10:05:00,9.2,walk_in,terminee
session_2466,hub_rabat,hub_rabat_borne_3,2025-06-22 17:37:00,2025-06-22 18:58:00,26.8,walk_in,terminee
session_2467,hub_rabat,hub_rabat_borne_4,2025-06-22 15:27:00,2025-06-22 16:35:00,28.2,reservee,terminee
session_2468,hub_rabat,hub_rabat_borne_5,2025-06-22 13:31:00,2025-06-22 13:58:00,5.8,reservee,terminee
session_2469,hub_rabat,hub_rabat_borne_3,2025-06-23 18:32:00,2025-06-23 19:20:00,39.3,walk_in,terminee
session_2470,hub_rabat,hub_rabat_borne_1,2025-06-24 14:41:00,2025-06-24 15:21:00,34.2,walk_in,terminee
session_2471,hub_rabat,hub_rabat_borne_5,2025-06-24 19:46:00,2025-06-24 21:02:00,22.2,reservee,terminee
session_2472,hub_rabat,hub_rabat_borne_5,2025-06-24 19:12:00,2025-06-24 20:15:00,20.3,reservee,terminee
session_2473,hub_rabat,hub_rabat_borne_3,2025-06-24 21:14:00,2025-06-24 22:09:00,28.4,reservee,terminee
session_2474,hub_rabat,hub_rabat_borne_5,2025-06-24 16:29:00,2025-06-24 17:25:00,38.4,walk_in,terminee
session_2475,hub_rabat,hub_rabat_borne_4,2025-06-25 18:52:00,2025-06-25 19:38:00,14.5,walk_in,terminee
session_2476,hub_rabat,hub_rabat_borne_3,2025-06-25 15:56:00,2025-06-25 16:34:00,22.9,walk_in,terminee
session_2477,hub_rabat,hub_rabat_borne_5,2025-06-25 16:46:00,2025-06-25 17:46:00,10.2,walk_in,terminee
session_2478,hub_rabat,hub_rabat_borne_3,2025-06-25 16:11:00,2025-06-25 17:25:00,37.8,reservee,terminee
session_2479,hub_rabat,hub_rabat_borne_3,2025-06-26 17:21:00,2025-06-26 18:10:00,16.8,reservee,terminee
session_2480,hub_rabat,hub_rabat_borne_4,2025-06-27 22:09:00,2025-06-27 23:06:00,14.6,walk_in,terminee
session_2481,hub_rabat,hub_rabat_borne_5,2025-06-27 22:13:00,2025-06-27 23:18:00,18.8,reservee,terminee
session_2482,hub_rabat,hub_rabat_borne_5,2025-06-27 16:53:00,2025-06-27 17:26:00,35.7,walk_in,terminee
session_2483,hub_rabat,hub_rabat_borne_4,2025-06-27 22:31:00,2025-06-27 23:36:00,22.3,reservee,terminee
session_2484,hub_rabat,hub_rabat_borne_6,2025-06-28 15:38:00,2025-06-28 16:36:00,11.9,reservee,terminee
session_2485,hub_rabat,hub_rabat_borne_2,2025-06-28 17:39:00,2025-06-28 18:41:00,22.5,reservee,terminee
session_2486,hub_rabat,hub_rabat_borne_4,2025-06-28 15:50:00,2025-06-28 17:12:00,31.6,reservee,terminee
session_2487,hub_rabat,hub_rabat_borne_6,2025-06-28 16:54:00,2025-06-28 18:23:00,9.4,walk_in,terminee
session_2488,hub_rabat,hub_rabat_borne_3,2025-06-28 15:58:00,2025-06-28 17:23:00,39.4,reservee,terminee
session_2489,hub_rabat,hub_rabat_borne_5,2025-06-28 16:52:00,2025-06-28 17:59:00,20.2,reservee,terminee
session_2490,hub_rabat,hub_rabat_borne_1,2025-06-28 18:50:00,2025-06-28 19:10:00,10.6,reservee,terminee
session_2491,hub_rabat,hub_rabat_borne_3,2025-06-28 15:20:00,2025-06-28 15:41:00,31.0,reservee,terminee
session_2492,hub_rabat,hub_rabat_borne_4,2025-06-28 16:25:00,2025-06-28 17:26:00,29.3,reservee,terminee
session_2493,hub_rabat,hub_rabat_borne_5,2025-06-28 08:25:00,2025-06-28 09:15:00,22.2,reservee,terminee
session_2494,hub_rabat,hub_rabat_borne_3,2025-06-29 13:21:00,2025-06-29 14:46:00,37.8,walk_in,terminee
session_2495,hub_rabat,hub_rabat_borne_6,2025-06-29 16:54:00,2025-06-29 17:59:00,35.6,reservee,terminee
session_2496,hub_rabat,hub_rabat_borne_6,2025-06-29 13:17:00,2025-06-29 14:46:00,29.0,walk_in,terminee
session_2497,hub_rabat,hub_rabat_borne_5,2025-06-29 14:32:00,2025-06-29 15:41:00,5.5,walk_in,terminee
session_2498,hub_rabat,hub_rabat_borne_4,2025-06-29 14:40:00,2025-06-29 15:09:00,33.8,walk_in,terminee
session_2499,hub_rabat,hub_rabat_borne_5,2025-06-30 16:17:00,2025-06-30 17:22:00,33.5,reservee,terminee
session_2500,hub_rabat,hub_rabat_borne_2,2025-06-30 15:09:00,2025-06-30 15:57:00,32.2,reservee,terminee
session_2501,hub_rabat,hub_rabat_borne_5,2025-06-30 20:36:00,2025-06-30 21:51:00,18.8,reservee,terminee
session_2502,hub_rabat,hub_rabat_borne_5,2025-06-30 16:48:00,2025-06-30 18:04:00,36.1,reservee,terminee
session_2503,hub_rabat,hub_rabat_borne_3,2025-06-30 15:51:00,2025-06-30 16:44:00,18.7,reservee,terminee
session_2504,hub_rabat,hub_rabat_borne_1,2025-07-01 17:03:00,2025-07-01 17:44:00,26.5,reservee,terminee
session_2505,hub_rabat,hub_rabat_borne_4,2025-07-01 20:36:00,2025-07-01 21:16:00,23.7,reservee,terminee
session_2506,hub_rabat,hub_rabat_borne_5,2025-07-01 18:05:00,2025-07-01 19:20:00,10.5,reservee,terminee
session_2507,hub_rabat,hub_rabat_borne_5,2025-07-01 21:12:00,2025-07-01 21:37:00,31.9,walk_in,terminee
session_2508,hub_rabat,hub_rabat_borne_6,2025-07-01 16:25:00,2025-07-01 16:54:00,5.4,reservee,terminee
session_2509,hub_rabat,hub_rabat_borne_6,2025-07-01 13:15:00,2025-07-01 13:48:00,20.4,walk_in,terminee
session_2510,hub_rabat,hub_rabat_borne_3,2025-07-02 18:08:00,2025-07-02 18:28:00,9.0,reservee,terminee
session_2511,hub_rabat,hub_rabat_borne_4,2025-07-02 16:48:00,2025-07-02 17:59:00,30.3,walk_in,terminee
session_2512,hub_rabat,hub_rabat_borne_6,2025-07-02 17:08:00,2025-07-02 17:38:00,36.3,reservee,terminee
session_2513,hub_rabat,hub_rabat_borne_2,2025-07-02 11:31:00,2025-07-02 12:33:00,25.9,walk_in,terminee
session_2514,hub_rabat,hub_rabat_borne_4,2025-07-02 22:04:00,2025-07-02 23:24:00,25.7,reservee,terminee
session_2515,hub_rabat,hub_rabat_borne_1,2025-07-02 13:55:00,2025-07-02 15:14:00,36.9,reservee,terminee
session_2516,hub_rabat,hub_rabat_borne_2,2025-07-03 19:27:00,2025-07-03 20:40:00,11.1,walk_in,terminee
session_2517,hub_rabat,hub_rabat_borne_3,2025-07-03 20:18:00,2025-07-03 21:40:00,26.0,walk_in,terminee
session_2518,hub_rabat,hub_rabat_borne_3,2025-07-03 18:00:00,2025-07-03 18:57:00,31.6,walk_in,terminee
session_2519,hub_rabat,hub_rabat_borne_3,2025-07-03 18:05:00,2025-07-03 19:33:00,10.2,reservee,terminee
session_2520,hub_rabat,hub_rabat_borne_5,2025-07-03 16:56:00,2025-07-03 18:13:00,12.2,reservee,terminee
session_2521,hub_rabat,hub_rabat_borne_4,2025-07-03 14:34:00,2025-07-03 15:28:00,8.8,reservee,terminee
session_2522,hub_rabat,hub_rabat_borne_4,2025-07-04 18:55:00,2025-07-04 20:07:00,12.0,reservee,terminee
session_2523,hub_rabat,hub_rabat_borne_3,2025-07-04 20:07:00,2025-07-04 20:40:00,38.5,reservee,terminee
session_2524,hub_rabat,hub_rabat_borne_2,2025-07-04 19:27:00,2025-07-04 20:31:00,15.4,reservee,terminee
session_2525,hub_rabat,hub_rabat_borne_5,2025-07-04 17:57:00,2025-07-04 19:00:00,34.1,reservee,terminee
session_2526,hub_rabat,hub_rabat_borne_5,2025-07-04 10:39:00,2025-07-04 11:24:00,26.7,reservee,terminee
session_2527,hub_rabat,hub_rabat_borne_3,2025-07-05 15:15:00,2025-07-05 16:15:00,34.4,walk_in,terminee
session_2528,hub_rabat,hub_rabat_borne_1,2025-07-05 11:31:00,2025-07-05 12:15:00,31.4,walk_in,terminee
session_2529,hub_rabat,hub_rabat_borne_4,2025-07-05 13:08:00,2025-07-05 14:19:00,20.9,walk_in,terminee
session_2530,hub_rabat,hub_rabat_borne_1,2025-07-06 13:00:00,2025-07-06 13:55:00,14.8,walk_in,terminee
session_2531,hub_rabat,hub_rabat_borne_5,2025-07-06 12:28:00,2025-07-06 13:02:00,34.0,walk_in,terminee
session_2532,hub_rabat,hub_rabat_borne_3,2025-07-06 17:57:00,2025-07-06 18:26:00,33.3,reservee,terminee
session_2533,hub_rabat,hub_rabat_borne_3,2025-07-06 13:17:00,2025-07-06 13:57:00,16.4,reservee,terminee
session_2534,hub_rabat,hub_rabat_borne_2,2025-07-07 19:24:00,2025-07-07 20:22:00,7.4,walk_in,terminee
session_2535,hub_rabat,hub_rabat_borne_4,2025-07-07 14:12:00,2025-07-07 15:27:00,17.6,reservee,terminee
session_2536,hub_rabat,hub_rabat_borne_6,2025-07-08 20:54:00,2025-07-08 22:04:00,8.4,walk_in,terminee
session_2537,hub_rabat,hub_rabat_borne_2,2025-07-08 22:18:00,2025-07-08 23:14:00,35.1,walk_in,terminee
session_2538,hub_rabat,hub_rabat_borne_2,2025-07-08 19:50:00,2025-07-08 21:19:00,7.5,reservee,terminee
session_2539,hub_rabat,hub_rabat_borne_2,2025-07-08 11:00:00,2025-07-08 11:50:00,25.4,reservee,terminee
session_2540,hub_rabat,hub_rabat_borne_5,2025-07-08 14:46:00,2025-07-08 15:25:00,33.8,reservee,terminee
session_2541,hub_rabat,hub_rabat_borne_5,2025-07-09 19:34:00,2025-07-09 21:03:00,15.2,walk_in,terminee
session_2542,hub_rabat,hub_rabat_borne_2,2025-07-09 20:22:00,2025-07-09 20:47:00,37.8,reservee,terminee
session_2543,hub_rabat,hub_rabat_borne_1,2025-07-09 13:06:00,2025-07-09 13:44:00,37.2,walk_in,terminee
session_2544,hub_rabat,hub_rabat_borne_2,2025-07-10 19:03:00,2025-07-10 20:11:00,37.8,walk_in,terminee
session_2545,hub_rabat,hub_rabat_borne_4,2025-07-10 22:13:00,2025-07-10 22:41:00,35.6,reservee,terminee
session_2546,hub_rabat,hub_rabat_borne_4,2025-07-10 14:58:00,2025-07-10 15:53:00,24.2,walk_in,terminee
session_2547,hub_rabat,hub_rabat_borne_4,2025-07-11 14:41:00,2025-07-11 15:09:00,13.1,walk_in,terminee
session_2548,hub_rabat,hub_rabat_borne_1,2025-07-11 14:42:00,2025-07-11 15:26:00,14.0,reservee,terminee
session_2549,hub_rabat,hub_rabat_borne_5,2025-07-11 15:35:00,2025-07-11 16:47:00,35.2,reservee,terminee
session_2550,hub_rabat,hub_rabat_borne_5,2025-07-11 19:49:00,2025-07-11 20:14:00,24.3,reservee,terminee
session_2551,hub_rabat,hub_rabat_borne_2,2025-07-11 20:57:00,2025-07-11 21:24:00,9.8,walk_in,terminee
session_2552,hub_rabat,hub_rabat_borne_4,2025-07-12 14:53:00,2025-07-12 16:15:00,7.4,walk_in,terminee
session_2553,hub_rabat,hub_rabat_borne_2,2025-07-12 14:12:00,2025-07-12 15:32:00,36.3,reservee,terminee
session_2554,hub_rabat,hub_rabat_borne_6,2025-07-12 09:45:00,2025-07-12 11:00:00,22.8,walk_in,terminee
session_2555,hub_rabat,hub_rabat_borne_2,2025-07-12 10:29:00,2025-07-12 11:11:00,33.8,reservee,terminee
session_2556,hub_rabat,hub_rabat_borne_3,2025-07-12 13:18:00,2025-07-12 13:54:00,14.2,walk_in,terminee
session_2557,hub_rabat,hub_rabat_borne_2,2025-07-13 09:30:00,2025-07-13 10:11:00,5.3,reservee,terminee
session_2558,hub_rabat,hub_rabat_borne_4,2025-07-13 18:38:00,2025-07-13 19:55:00,16.1,reservee,terminee
session_2559,hub_rabat,hub_rabat_borne_1,2025-07-13 13:21:00,2025-07-13 14:37:00,27.2,walk_in,terminee
session_2560,hub_rabat,hub_rabat_borne_6,2025-07-13 09:40:00,2025-07-13 10:32:00,22.3,reservee,terminee
session_2561,hub_rabat,hub_rabat_borne_2,2025-07-13 18:39:00,2025-07-13 19:42:00,16.1,reservee,terminee
session_2562,hub_rabat,hub_rabat_borne_4,2025-07-13 18:32:00,2025-07-13 18:52:00,14.9,walk_in,terminee
session_2563,hub_rabat,hub_rabat_borne_3,2025-07-13 13:27:00,2025-07-13 14:17:00,27.8,reservee,terminee
session_2564,hub_rabat,hub_rabat_borne_4,2025-07-13 12:21:00,2025-07-13 13:04:00,6.0,reservee,terminee
session_2565,hub_rabat,hub_rabat_borne_6,2025-07-13 11:57:00,2025-07-13 12:17:00,36.5,reservee,terminee
session_2566,hub_rabat,hub_rabat_borne_4,2025-07-13 16:21:00,2025-07-13 17:18:00,27.0,reservee,terminee
session_2567,hub_rabat,hub_rabat_borne_1,2025-07-14 21:25:00,2025-07-14 22:12:00,14.6,reservee,terminee
session_2568,hub_rabat,hub_rabat_borne_2,2025-07-14 18:30:00,2025-07-14 19:22:00,35.8,walk_in,terminee
session_2569,hub_rabat,hub_rabat_borne_6,2025-07-15 19:29:00,2025-07-15 20:51:00,30.2,reservee,terminee
session_2570,hub_rabat,hub_rabat_borne_3,2025-07-15 22:01:00,2025-07-15 23:11:00,39.3,reservee,terminee
session_2571,hub_rabat,hub_rabat_borne_2,2025-07-15 16:32:00,2025-07-15 17:51:00,22.7,reservee,terminee
session_2572,hub_rabat,hub_rabat_borne_1,2025-07-15 18:19:00,2025-07-15 18:54:00,34.4,reservee,terminee
session_2573,hub_rabat,hub_rabat_borne_3,2025-07-15 17:54:00,2025-07-15 18:58:00,26.9,reservee,terminee
session_2574,hub_rabat,hub_rabat_borne_4,2025-07-15 18:13:00,2025-07-15 19:13:00,5.0,reservee,terminee
session_2575,hub_rabat,hub_rabat_borne_4,2025-07-16 18:32:00,2025-07-16 19:29:00,9.6,walk_in,terminee
session_2576,hub_rabat,hub_rabat_borne_6,2025-07-16 22:31:00,2025-07-16 23:34:00,35.8,walk_in,terminee
session_2577,hub_rabat,hub_rabat_borne_4,2025-07-16 15:12:00,2025-07-16 15:40:00,32.0,reservee,terminee
session_2578,hub_rabat,hub_rabat_borne_6,2025-07-17 17:27:00,2025-07-17 18:17:00,31.2,reservee,terminee
session_2579,hub_rabat,hub_rabat_borne_2,2025-07-18 18:43:00,2025-07-18 19:51:00,26.1,walk_in,terminee
session_2580,hub_rabat,hub_rabat_borne_4,2025-07-18 22:33:00,2025-07-18 22:54:00,25.3,walk_in,terminee
session_2581,hub_rabat,hub_rabat_borne_3,2025-07-18 17:49:00,2025-07-18 19:05:00,8.7,walk_in,terminee
session_2582,hub_rabat,hub_rabat_borne_5,2025-07-18 22:14:00,2025-07-18 22:54:00,26.4,reservee,terminee
session_2583,hub_rabat,hub_rabat_borne_4,2025-07-18 13:54:00,2025-07-18 15:05:00,30.8,walk_in,terminee
session_2584,hub_rabat,hub_rabat_borne_1,2025-07-18 21:38:00,2025-07-18 22:28:00,8.9,walk_in,terminee
session_2585,hub_rabat,hub_rabat_borne_5,2025-07-18 15:32:00,2025-07-18 16:31:00,27.3,reservee,terminee
session_2586,hub_rabat,hub_rabat_borne_1,2025-07-18 18:54:00,2025-07-18 19:47:00,5.7,reservee,terminee
session_2587,hub_rabat,hub_rabat_borne_6,2025-07-18 19:10:00,2025-07-18 19:41:00,11.3,reservee,terminee
session_2588,hub_rabat,hub_rabat_borne_2,2025-07-18 13:29:00,2025-07-18 14:18:00,10.1,walk_in,terminee
session_2589,hub_rabat,hub_rabat_borne_1,2025-07-19 06:17:00,2025-07-19 07:16:00,17.2,reservee,terminee
session_2590,hub_rabat,hub_rabat_borne_1,2025-07-19 12:03:00,2025-07-19 12:41:00,37.2,walk_in,terminee
session_2591,hub_rabat,hub_rabat_borne_6,2025-07-19 10:38:00,2025-07-19 11:04:00,33.3,reservee,terminee
session_2592,hub_rabat,hub_rabat_borne_6,2025-07-19 11:36:00,2025-07-19 12:34:00,10.0,reservee,terminee
session_2593,hub_rabat,hub_rabat_borne_4,2025-07-19 14:12:00,2025-07-19 15:39:00,15.3,walk_in,terminee
session_2594,hub_rabat,hub_rabat_borne_4,2025-07-20 12:35:00,2025-07-20 13:59:00,5.9,reservee,terminee
session_2595,hub_rabat,hub_rabat_borne_2,2025-07-20 13:33:00,2025-07-20 14:45:00,30.7,walk_in,terminee
session_2596,hub_rabat,hub_rabat_borne_5,2025-07-20 14:30:00,2025-07-20 15:08:00,37.2,walk_in,terminee
session_2597,hub_rabat,hub_rabat_borne_6,2025-07-20 19:14:00,2025-07-20 20:05:00,38.7,reservee,terminee
session_2598,hub_rabat,hub_rabat_borne_4,2025-07-20 16:38:00,2025-07-20 17:43:00,13.4,walk_in,terminee
session_2599,hub_rabat,hub_rabat_borne_1,2025-07-20 17:48:00,2025-07-20 18:22:00,25.6,reservee,terminee
session_2600,hub_rabat,hub_rabat_borne_4,2025-07-20 13:33:00,2025-07-20 13:53:00,18.1,walk_in,terminee
session_2601,hub_rabat,hub_rabat_borne_4,2025-07-21 16:21:00,2025-07-21 17:28:00,31.4,reservee,terminee
session_2602,hub_rabat,hub_rabat_borne_2,2025-07-21 18:44:00,2025-07-21 19:54:00,11.6,reservee,terminee
session_2603,hub_rabat,hub_rabat_borne_2,2025-07-21 17:55:00,2025-07-21 18:27:00,15.7,reservee,terminee
session_2604,hub_rabat,hub_rabat_borne_4,2025-07-21 17:11:00,2025-07-21 18:25:00,24.0,reservee,terminee
session_2605,hub_rabat,hub_rabat_borne_5,2025-07-21 17:07:00,2025-07-21 17:52:00,19.0,reservee,terminee
session_2606,hub_rabat,hub_rabat_borne_1,2025-07-21 17:52:00,2025-07-21 18:12:00,27.4,reservee,terminee
session_2607,hub_rabat,hub_rabat_borne_5,2025-07-21 16:51:00,2025-07-21 17:54:00,26.5,reservee,terminee
session_2608,hub_rabat,hub_rabat_borne_2,2025-07-22 20:46:00,2025-07-22 21:47:00,23.5,walk_in,terminee
session_2609,hub_rabat,hub_rabat_borne_6,2025-07-22 17:36:00,2025-07-22 18:24:00,11.8,walk_in,terminee
session_2610,hub_rabat,hub_rabat_borne_3,2025-07-22 18:09:00,2025-07-22 19:38:00,35.0,reservee,terminee
session_2611,hub_rabat,hub_rabat_borne_4,2025-07-22 21:08:00,2025-07-22 22:18:00,21.9,reservee,terminee
session_2612,hub_rabat,hub_rabat_borne_4,2025-07-23 19:08:00,2025-07-23 20:01:00,24.1,reservee,terminee
session_2613,hub_rabat,hub_rabat_borne_4,2025-07-23 16:06:00,2025-07-23 16:30:00,22.8,walk_in,terminee
session_2614,hub_rabat,hub_rabat_borne_1,2025-07-24 15:14:00,2025-07-24 16:16:00,17.2,walk_in,terminee
session_2615,hub_rabat,hub_rabat_borne_5,2025-07-24 19:14:00,2025-07-24 20:39:00,12.2,reservee,terminee
session_2616,hub_rabat,hub_rabat_borne_2,2025-07-25 19:58:00,2025-07-25 21:04:00,11.9,reservee,terminee
session_2617,hub_rabat,hub_rabat_borne_1,2025-07-25 21:51:00,2025-07-25 23:03:00,38.2,reservee,terminee
session_2618,hub_rabat,hub_rabat_borne_6,2025-07-25 17:10:00,2025-07-25 18:05:00,16.6,reservee,terminee
session_2619,hub_rabat,hub_rabat_borne_1,2025-07-25 18:03:00,2025-07-25 19:13:00,8.1,walk_in,terminee
session_2620,hub_rabat,hub_rabat_borne_2,2025-07-25 12:34:00,2025-07-25 13:20:00,14.4,reservee,terminee
session_2621,hub_rabat,hub_rabat_borne_5,2025-07-25 22:11:00,2025-07-25 22:40:00,30.8,reservee,terminee
session_2622,hub_rabat,hub_rabat_borne_2,2025-07-25 22:27:00,2025-07-25 23:22:00,28.3,reservee,terminee
session_2623,hub_rabat,hub_rabat_borne_3,2025-07-25 21:23:00,2025-07-25 22:01:00,29.8,reservee,terminee
session_2624,hub_rabat,hub_rabat_borne_6,2025-07-25 14:37:00,2025-07-25 15:32:00,37.5,reservee,terminee
session_2625,hub_rabat,hub_rabat_borne_4,2025-07-25 16:52:00,2025-07-25 17:54:00,20.7,reservee,terminee
session_2626,hub_rabat,hub_rabat_borne_2,2025-07-26 13:57:00,2025-07-26 14:56:00,22.1,walk_in,terminee
session_2627,hub_rabat,hub_rabat_borne_6,2025-07-26 18:46:00,2025-07-26 19:56:00,21.7,walk_in,terminee
session_2628,hub_rabat,hub_rabat_borne_6,2025-07-27 11:13:00,2025-07-27 12:31:00,30.2,walk_in,terminee
session_2629,hub_rabat,hub_rabat_borne_5,2025-07-27 11:57:00,2025-07-27 12:52:00,26.7,walk_in,terminee
session_2630,hub_rabat,hub_rabat_borne_3,2025-07-27 11:13:00,2025-07-27 11:58:00,29.6,reservee,terminee
session_2631,hub_rabat,hub_rabat_borne_1,2025-07-28 15:58:00,2025-07-28 16:50:00,19.0,reservee,terminee
session_2632,hub_rabat,hub_rabat_borne_5,2025-07-28 19:55:00,2025-07-28 21:24:00,9.3,walk_in,terminee
session_2633,hub_rabat,hub_rabat_borne_4,2025-07-28 21:31:00,2025-07-28 22:03:00,30.3,reservee,terminee
session_2634,hub_rabat,hub_rabat_borne_6,2025-07-28 19:37:00,2025-07-28 21:01:00,30.8,reservee,terminee
session_2635,hub_rabat,hub_rabat_borne_1,2025-07-29 15:45:00,2025-07-29 16:30:00,36.0,reservee,terminee
session_2636,hub_rabat,hub_rabat_borne_1,2025-07-29 18:29:00,2025-07-29 19:54:00,19.8,reservee,terminee
session_2637,hub_rabat,hub_rabat_borne_6,2025-07-29 14:23:00,2025-07-29 15:23:00,14.6,reservee,terminee
session_2638,hub_rabat,hub_rabat_borne_6,2025-07-29 20:38:00,2025-07-29 21:14:00,33.0,reservee,terminee
session_2639,hub_rabat,hub_rabat_borne_5,2025-07-30 16:12:00,2025-07-30 17:34:00,14.3,walk_in,terminee
session_2640,hub_rabat,hub_rabat_borne_3,2025-07-30 22:23:00,2025-07-30 22:55:00,34.2,reservee,terminee
session_2641,hub_rabat,hub_rabat_borne_6,2025-07-31 17:40:00,2025-07-31 18:35:00,37.9,reservee,terminee
session_2642,hub_rabat,hub_rabat_borne_1,2025-07-31 17:34:00,2025-07-31 18:51:00,19.9,walk_in,terminee
session_2643,hub_rabat,hub_rabat_borne_4,2025-08-01 19:50:00,2025-08-01 21:11:00,21.7,reservee,terminee
session_2644,hub_rabat,hub_rabat_borne_6,2025-08-01 20:36:00,2025-08-01 21:12:00,20.6,reservee,terminee
session_2645,hub_rabat,hub_rabat_borne_3,2025-08-01 19:11:00,2025-08-01 19:59:00,34.7,reservee,terminee
session_2646,hub_rabat,hub_rabat_borne_6,2025-08-01 10:25:00,2025-08-01 11:20:00,19.0,walk_in,terminee
session_2647,hub_rabat,hub_rabat_borne_4,2025-08-02 18:29:00,2025-08-02 19:39:00,7.6,reservee,terminee
session_2648,hub_rabat,hub_rabat_borne_5,2025-08-02 14:44:00,2025-08-02 15:29:00,37.2,reservee,terminee
session_2649,hub_rabat,hub_rabat_borne_5,2025-08-02 09:31:00,2025-08-02 10:23:00,27.3,reservee,terminee
session_2650,hub_rabat,hub_rabat_borne_2,2025-08-02 09:17:00,2025-08-02 10:27:00,27.4,reservee,terminee
session_2651,hub_rabat,hub_rabat_borne_5,2025-08-02 08:51:00,2025-08-02 10:08:00,5.3,reservee,terminee
session_2652,hub_rabat,hub_rabat_borne_6,2025-08-03 11:04:00,2025-08-03 12:28:00,10.3,reservee,terminee
session_2653,hub_rabat,hub_rabat_borne_2,2025-08-03 12:19:00,2025-08-03 13:16:00,5.1,reservee,terminee
session_2654,hub_rabat,hub_rabat_borne_3,2025-08-03 12:41:00,2025-08-03 14:00:00,18.2,reservee,terminee
session_2655,hub_rabat,hub_rabat_borne_6,2025-08-03 12:56:00,2025-08-03 13:31:00,11.1,walk_in,terminee
session_2656,hub_rabat,hub_rabat_borne_6,2025-08-03 12:45:00,2025-08-03 13:35:00,22.2,reservee,terminee
session_2657,hub_rabat,hub_rabat_borne_5,2025-08-03 15:10:00,2025-08-03 16:24:00,5.2,walk_in,terminee
session_2658,hub_rabat,hub_rabat_borne_4,2025-08-03 14:54:00,2025-08-03 16:06:00,30.6,reservee,terminee
session_2659,hub_rabat,hub_rabat_borne_1,2025-08-03 08:27:00,2025-08-03 09:16:00,22.6,reservee,terminee
session_2660,hub_rabat,hub_rabat_borne_4,2025-08-03 08:14:00,2025-08-03 09:38:00,37.5,reservee,terminee
session_2661,hub_rabat,hub_rabat_borne_3,2025-08-04 14:57:00,2025-08-04 15:32:00,22.3,reservee,terminee
session_2662,hub_rabat,hub_rabat_borne_4,2025-08-04 19:45:00,2025-08-04 20:41:00,9.5,reservee,terminee
session_2663,hub_rabat,hub_rabat_borne_1,2025-08-04 22:42:00,2025-08-04 23:59:00,16.9,reservee,terminee
session_2664,hub_rabat,hub_rabat_borne_2,2025-08-04 18:56:00,2025-08-04 20:08:00,8.1,reservee,terminee
session_2665,hub_rabat,hub_rabat_borne_3,2025-08-04 20:13:00,2025-08-04 21:19:00,37.8,walk_in,terminee
session_2666,hub_rabat,hub_rabat_borne_4,2025-08-04 18:54:00,2025-08-04 19:41:00,36.5,reservee,terminee
session_2667,hub_rabat,hub_rabat_borne_2,2025-08-04 17:54:00,2025-08-04 18:52:00,15.8,reservee,terminee
session_2668,hub_rabat,hub_rabat_borne_5,2025-08-05 14:32:00,2025-08-05 15:56:00,31.6,walk_in,terminee
session_2669,hub_rabat,hub_rabat_borne_6,2025-08-05 16:01:00,2025-08-05 16:40:00,29.0,walk_in,terminee
session_2670,hub_rabat,hub_rabat_borne_1,2025-08-05 21:39:00,2025-08-05 22:18:00,10.0,reservee,terminee
session_2671,hub_rabat,hub_rabat_borne_3,2025-08-05 17:35:00,2025-08-05 18:55:00,16.0,reservee,terminee
session_2672,hub_rabat,hub_rabat_borne_5,2025-08-05 22:21:00,2025-08-05 23:41:00,31.7,walk_in,terminee
session_2673,hub_rabat,hub_rabat_borne_1,2025-08-05 19:05:00,2025-08-05 19:33:00,31.7,walk_in,terminee
session_2674,hub_rabat,hub_rabat_borne_3,2025-08-05 16:03:00,2025-08-05 17:04:00,37.2,reservee,terminee
session_2675,hub_rabat,hub_rabat_borne_6,2025-08-05 17:31:00,2025-08-05 18:53:00,34.1,reservee,terminee
session_2676,hub_rabat,hub_rabat_borne_5,2025-08-06 21:13:00,2025-08-06 22:36:00,19.9,reservee,terminee
session_2677,hub_rabat,hub_rabat_borne_5,2025-08-06 19:37:00,2025-08-06 20:57:00,23.9,reservee,terminee
session_2678,hub_rabat,hub_rabat_borne_6,2025-08-06 20:16:00,2025-08-06 21:38:00,9.2,reservee,terminee
session_2679,hub_rabat,hub_rabat_borne_2,2025-08-06 19:36:00,2025-08-06 20:31:00,37.5,reservee,terminee
session_2680,hub_rabat,hub_rabat_borne_6,2025-08-06 16:06:00,2025-08-06 16:38:00,7.8,reservee,terminee
session_2681,hub_rabat,hub_rabat_borne_6,2025-08-06 19:48:00,2025-08-06 21:00:00,5.3,walk_in,terminee
session_2682,hub_rabat,hub_rabat_borne_3,2025-08-07 21:56:00,2025-08-07 22:41:00,18.6,reservee,terminee
session_2683,hub_rabat,hub_rabat_borne_5,2025-08-07 20:25:00,2025-08-07 21:19:00,12.8,walk_in,terminee
session_2684,hub_rabat,hub_rabat_borne_6,2025-08-07 22:56:00,2025-08-08 00:04:00,38.6,reservee,terminee
session_2685,hub_rabat,hub_rabat_borne_2,2025-08-07 21:52:00,2025-08-07 22:41:00,18.0,walk_in,terminee
session_2686,hub_rabat,hub_rabat_borne_4,2025-08-07 14:23:00,2025-08-07 15:11:00,9.4,reservee,terminee
session_2687,hub_rabat,hub_rabat_borne_5,2025-08-08 18:12:00,2025-08-08 19:17:00,8.9,reservee,terminee
session_2688,hub_rabat,hub_rabat_borne_4,2025-08-08 22:42:00,2025-08-09 00:08:00,28.8,reservee,terminee
session_2689,hub_rabat,hub_rabat_borne_6,2025-08-08 22:03:00,2025-08-08 22:42:00,9.8,reservee,terminee
session_2690,hub_rabat,hub_rabat_borne_5,2025-08-08 15:18:00,2025-08-08 16:13:00,12.6,reservee,terminee
session_2691,hub_rabat,hub_rabat_borne_3,2025-08-08 18:17:00,2025-08-08 18:55:00,39.3,reservee,terminee
session_2692,hub_rabat,hub_rabat_borne_4,2025-08-09 16:56:00,2025-08-09 17:28:00,15.6,walk_in,terminee
session_2693,hub_rabat,hub_rabat_borne_6,2025-08-10 12:50:00,2025-08-10 14:09:00,35.3,walk_in,terminee
session_2694,hub_rabat,hub_rabat_borne_1,2025-08-10 14:20:00,2025-08-10 15:14:00,15.6,walk_in,terminee
session_2695,hub_rabat,hub_rabat_borne_3,2025-08-10 18:57:00,2025-08-10 19:45:00,32.5,walk_in,terminee
session_2696,hub_rabat,hub_rabat_borne_6,2025-08-10 14:16:00,2025-08-10 14:37:00,38.9,walk_in,terminee
session_2697,hub_rabat,hub_rabat_borne_5,2025-08-10 11:46:00,2025-08-10 12:57:00,31.3,walk_in,terminee
session_2698,hub_rabat,hub_rabat_borne_6,2025-08-10 14:01:00,2025-08-10 14:23:00,20.6,walk_in,terminee
session_2699,hub_rabat,hub_rabat_borne_1,2025-08-10 11:23:00,2025-08-10 12:04:00,22.7,walk_in,terminee
session_2700,hub_rabat,hub_rabat_borne_4,2025-08-11 20:54:00,2025-08-11 21:21:00,12.9,reservee,terminee
session_2701,hub_rabat,hub_rabat_borne_6,2025-08-11 17:24:00,2025-08-11 17:46:00,7.3,walk_in,terminee
session_2702,hub_rabat,hub_rabat_borne_1,2025-08-11 20:18:00,2025-08-11 20:59:00,8.5,reservee,terminee
session_2703,hub_rabat,hub_rabat_borne_3,2025-08-12 18:09:00,2025-08-12 19:22:00,12.2,reservee,terminee
session_2704,hub_rabat,hub_rabat_borne_6,2025-08-12 19:22:00,2025-08-12 19:58:00,28.5,walk_in,terminee
session_2705,hub_rabat,hub_rabat_borne_5,2025-08-12 18:52:00,2025-08-12 19:44:00,32.8,reservee,terminee
session_2706,hub_rabat,hub_rabat_borne_3,2025-08-14 22:37:00,2025-08-14 23:45:00,27.8,walk_in,terminee
session_2707,hub_rabat,hub_rabat_borne_5,2025-08-14 14:01:00,2025-08-14 14:51:00,6.6,reservee,terminee
session_2708,hub_rabat,hub_rabat_borne_3,2025-08-14 16:46:00,2025-08-14 17:55:00,24.6,walk_in,terminee
session_2709,hub_rabat,hub_rabat_borne_2,2025-08-15 16:12:00,2025-08-15 17:32:00,15.7,reservee,terminee
session_2710,hub_rabat,hub_rabat_borne_4,2025-08-15 21:43:00,2025-08-15 22:51:00,31.6,walk_in,terminee
session_2711,hub_rabat,hub_rabat_borne_2,2025-08-16 11:08:00,2025-08-16 11:54:00,13.3,reservee,terminee
session_2712,hub_rabat,hub_rabat_borne_2,2025-08-16 18:10:00,2025-08-16 18:48:00,8.5,reservee,terminee
session_2713,hub_rabat,hub_rabat_borne_3,2025-08-16 10:22:00,2025-08-16 11:36:00,21.2,reservee,terminee
session_2714,hub_rabat,hub_rabat_borne_5,2025-08-16 14:51:00,2025-08-16 15:44:00,17.3,walk_in,terminee
session_2715,hub_rabat,hub_rabat_borne_1,2025-08-16 18:57:00,2025-08-16 20:22:00,14.4,reservee,terminee
session_2716,hub_rabat,hub_rabat_borne_5,2025-08-16 18:43:00,2025-08-16 19:12:00,12.2,reservee,terminee
session_2717,hub_rabat,hub_rabat_borne_5,2025-08-16 18:43:00,2025-08-16 19:45:00,14.5,reservee,terminee
session_2718,hub_rabat,hub_rabat_borne_2,2025-08-17 16:01:00,2025-08-17 17:28:00,17.3,reservee,terminee
session_2719,hub_rabat,hub_rabat_borne_4,2025-08-17 14:35:00,2025-08-17 15:52:00,20.2,reservee,terminee
session_2720,hub_rabat,hub_rabat_borne_4,2025-08-17 15:32:00,2025-08-17 16:11:00,16.6,reservee,terminee
session_2721,hub_rabat,hub_rabat_borne_2,2025-08-17 12:20:00,2025-08-17 13:48:00,14.1,reservee,terminee
session_2722,hub_rabat,hub_rabat_borne_2,2025-08-18 19:43:00,2025-08-18 20:21:00,27.9,walk_in,terminee
session_2723,hub_rabat,hub_rabat_borne_3,2025-08-18 19:45:00,2025-08-18 20:44:00,20.7,reservee,terminee
session_2724,hub_rabat,hub_rabat_borne_1,2025-08-18 19:14:00,2025-08-18 19:42:00,9.2,walk_in,terminee
session_2725,hub_rabat,hub_rabat_borne_4,2025-08-18 14:02:00,2025-08-18 15:03:00,10.1,reservee,terminee
session_2726,hub_rabat,hub_rabat_borne_6,2025-08-18 19:02:00,2025-08-18 19:46:00,28.5,reservee,terminee
session_2727,hub_rabat,hub_rabat_borne_4,2025-08-19 16:39:00,2025-08-19 17:30:00,37.5,walk_in,terminee
session_2728,hub_rabat,hub_rabat_borne_1,2025-08-19 19:18:00,2025-08-19 20:20:00,26.1,reservee,terminee
session_2729,hub_rabat,hub_rabat_borne_6,2025-08-20 20:54:00,2025-08-20 21:38:00,34.3,reservee,terminee
session_2730,hub_rabat,hub_rabat_borne_3,2025-08-20 17:26:00,2025-08-20 18:38:00,19.9,reservee,terminee
session_2731,hub_rabat,hub_rabat_borne_6,2025-08-20 17:12:00,2025-08-20 18:22:00,18.1,reservee,terminee
session_2732,hub_rabat,hub_rabat_borne_1,2025-08-20 22:47:00,2025-08-20 23:50:00,39.5,reservee,terminee
session_2733,hub_rabat,hub_rabat_borne_1,2025-08-20 18:29:00,2025-08-20 19:07:00,29.0,walk_in,terminee
session_2734,hub_rabat,hub_rabat_borne_1,2025-08-21 16:05:00,2025-08-21 17:30:00,37.8,reservee,terminee
session_2735,hub_rabat,hub_rabat_borne_6,2025-08-21 17:37:00,2025-08-21 18:37:00,24.0,reservee,terminee
session_2736,hub_rabat,hub_rabat_borne_6,2025-08-21 13:11:00,2025-08-21 14:34:00,12.6,reservee,terminee
session_2737,hub_rabat,hub_rabat_borne_2,2025-08-22 20:03:00,2025-08-22 20:57:00,7.4,reservee,terminee
session_2738,hub_rabat,hub_rabat_borne_3,2025-08-22 17:54:00,2025-08-22 18:58:00,34.5,walk_in,terminee
session_2739,hub_rabat,hub_rabat_borne_1,2025-08-22 19:44:00,2025-08-22 20:25:00,34.0,reservee,terminee
session_2740,hub_rabat,hub_rabat_borne_2,2025-08-23 09:24:00,2025-08-23 10:14:00,31.7,walk_in,terminee
session_2741,hub_rabat,hub_rabat_borne_5,2025-08-23 14:37:00,2025-08-23 15:13:00,37.7,reservee,terminee
session_2742,hub_rabat,hub_rabat_borne_5,2025-08-23 06:37:00,2025-08-23 07:22:00,20.8,walk_in,terminee
session_2743,hub_rabat,hub_rabat_borne_1,2025-08-23 12:20:00,2025-08-23 13:41:00,12.7,reservee,terminee
session_2744,hub_rabat,hub_rabat_borne_1,2025-08-23 14:52:00,2025-08-23 15:12:00,37.0,reservee,terminee
session_2745,hub_rabat,hub_rabat_borne_2,2025-08-23 15:05:00,2025-08-23 16:09:00,36.8,reservee,terminee
session_2746,hub_rabat,hub_rabat_borne_3,2025-08-24 14:58:00,2025-08-24 15:34:00,18.9,walk_in,terminee
session_2747,hub_rabat,hub_rabat_borne_5,2025-08-24 15:57:00,2025-08-24 17:02:00,16.0,reservee,terminee
session_2748,hub_rabat,hub_rabat_borne_1,2025-08-24 16:07:00,2025-08-24 17:05:00,19.0,reservee,terminee
session_2749,hub_rabat,hub_rabat_borne_1,2025-08-24 16:37:00,2025-08-24 16:59:00,38.8,walk_in,terminee
session_2750,hub_rabat,hub_rabat_borne_1,2025-08-24 20:19:00,2025-08-24 20:43:00,15.7,walk_in,terminee
session_2751,hub_rabat,hub_rabat_borne_6,2025-08-24 15:14:00,2025-08-24 16:24:00,29.8,walk_in,terminee
session_2752,hub_rabat,hub_rabat_borne_4,2025-08-24 15:37:00,2025-08-24 16:05:00,33.4,reservee,terminee
session_2753,hub_rabat,hub_rabat_borne_1,2025-08-24 16:39:00,2025-08-24 17:22:00,10.7,walk_in,terminee
session_2754,hub_rabat,hub_rabat_borne_6,2025-08-24 19:36:00,2025-08-24 20:11:00,16.1,walk_in,terminee
session_2755,hub_rabat,hub_rabat_borne_4,2025-08-25 21:35:00,2025-08-25 22:38:00,14.4,walk_in,terminee
session_2756,hub_rabat,hub_rabat_borne_3,2025-08-25 18:36:00,2025-08-25 19:25:00,28.8,reservee,terminee
session_2757,hub_rabat,hub_rabat_borne_2,2025-08-25 17:38:00,2025-08-25 18:04:00,36.9,reservee,terminee
session_2758,hub_rabat,hub_rabat_borne_2,2025-08-26 19:05:00,2025-08-26 19:25:00,16.4,reservee,terminee
session_2759,hub_rabat,hub_rabat_borne_1,2025-08-26 17:13:00,2025-08-26 17:37:00,7.5,reservee,terminee
session_2760,hub_rabat,hub_rabat_borne_2,2025-08-26 19:21:00,2025-08-26 20:45:00,14.2,reservee,terminee
session_2761,hub_rabat,hub_rabat_borne_1,2025-08-26 17:28:00,2025-08-26 17:51:00,32.6,walk_in,terminee
session_2762,hub_rabat,hub_rabat_borne_6,2025-08-26 13:34:00,2025-08-26 14:42:00,19.3,walk_in,terminee
session_2763,hub_rabat,hub_rabat_borne_2,2025-08-27 13:31:00,2025-08-27 14:47:00,11.5,walk_in,terminee
session_2764,hub_rabat,hub_rabat_borne_1,2025-08-27 14:23:00,2025-08-27 15:06:00,20.2,reservee,terminee
session_2765,hub_rabat,hub_rabat_borne_1,2025-08-28 18:51:00,2025-08-28 20:06:00,32.9,walk_in,terminee
session_2766,hub_rabat,hub_rabat_borne_4,2025-08-28 15:10:00,2025-08-28 15:35:00,29.6,reservee,terminee
session_2767,hub_rabat,hub_rabat_borne_1,2025-08-28 10:23:00,2025-08-28 11:06:00,36.3,reservee,terminee
session_2768,hub_rabat,hub_rabat_borne_2,2025-08-28 19:46:00,2025-08-28 21:04:00,13.1,walk_in,terminee
session_2769,hub_rabat,hub_rabat_borne_5,2025-08-29 16:34:00,2025-08-29 17:00:00,23.9,walk_in,terminee
session_2770,hub_rabat,hub_rabat_borne_3,2025-08-29 18:17:00,2025-08-29 19:37:00,26.0,reservee,terminee
session_2771,hub_rabat,hub_rabat_borne_5,2025-08-29 20:39:00,2025-08-29 21:18:00,27.5,walk_in,terminee
session_2772,hub_rabat,hub_rabat_borne_1,2025-08-30 14:53:00,2025-08-30 15:29:00,7.9,walk_in,terminee
session_2773,hub_rabat,hub_rabat_borne_5,2025-08-30 14:02:00,2025-08-30 14:41:00,16.4,walk_in,terminee
session_2774,hub_rabat,hub_rabat_borne_3,2025-08-30 16:47:00,2025-08-30 17:26:00,28.5,reservee,terminee
session_2775,hub_rabat,hub_rabat_borne_3,2025-08-30 12:32:00,2025-08-30 13:40:00,38.1,reservee,terminee
session_2776,hub_rabat,hub_rabat_borne_1,2025-08-30 12:32:00,2025-08-30 13:07:00,36.2,walk_in,terminee
session_2777,hub_rabat,hub_rabat_borne_3,2025-08-30 19:26:00,2025-08-30 19:48:00,23.8,reservee,terminee
session_2778,hub_rabat,hub_rabat_borne_6,2025-08-31 16:46:00,2025-08-31 18:03:00,34.4,reservee,terminee
session_2779,hub_rabat,hub_rabat_borne_1,2025-08-31 10:41:00,2025-08-31 11:16:00,22.2,walk_in,terminee
session_2780,hub_rabat,hub_rabat_borne_6,2025-08-31 12:52:00,2025-08-31 14:16:00,37.3,reservee,terminee
session_2781,hub_rabat,hub_rabat_borne_3,2025-09-01 18:01:00,2025-09-01 18:52:00,38.2,reservee,terminee
session_2782,hub_rabat,hub_rabat_borne_6,2025-09-01 16:20:00,2025-09-01 16:47:00,17.5,reservee,terminee
session_2783,hub_rabat,hub_rabat_borne_2,2025-09-01 22:54:00,2025-09-01 23:15:00,8.4,walk_in,terminee
session_2784,hub_rabat,hub_rabat_borne_3,2025-09-02 17:01:00,2025-09-02 18:12:00,15.5,reservee,terminee
session_2785,hub_rabat,hub_rabat_borne_3,2025-09-02 16:12:00,2025-09-02 17:33:00,28.9,walk_in,terminee
session_2786,hub_rabat,hub_rabat_borne_3,2025-09-03 17:16:00,2025-09-03 17:36:00,16.2,reservee,terminee
session_2787,hub_rabat,hub_rabat_borne_3,2025-09-03 15:10:00,2025-09-03 15:33:00,15.4,reservee,terminee
session_2788,hub_rabat,hub_rabat_borne_5,2025-09-03 17:57:00,2025-09-03 19:16:00,22.2,walk_in,terminee
session_2789,hub_rabat,hub_rabat_borne_5,2025-09-03 18:58:00,2025-09-03 19:37:00,39.9,reservee,terminee
session_2790,hub_rabat,hub_rabat_borne_3,2025-09-04 19:20:00,2025-09-04 20:09:00,24.0,walk_in,terminee
session_2791,hub_rabat,hub_rabat_borne_2,2025-09-04 18:49:00,2025-09-04 19:49:00,31.5,walk_in,terminee
session_2792,hub_rabat,hub_rabat_borne_6,2025-09-04 21:33:00,2025-09-04 22:56:00,30.2,reservee,terminee
session_2793,hub_rabat,hub_rabat_borne_5,2025-09-05 20:34:00,2025-09-05 21:22:00,28.8,reservee,terminee
session_2794,hub_rabat,hub_rabat_borne_6,2025-09-05 16:47:00,2025-09-05 17:43:00,11.9,walk_in,terminee
session_2795,hub_rabat,hub_rabat_borne_6,2025-09-05 14:30:00,2025-09-05 14:53:00,23.5,walk_in,terminee
session_2796,hub_rabat,hub_rabat_borne_3,2025-09-05 16:07:00,2025-09-05 16:48:00,20.5,walk_in,terminee
session_2797,hub_rabat,hub_rabat_borne_1,2025-09-05 19:56:00,2025-09-05 20:23:00,15.4,reservee,terminee
session_2798,hub_rabat,hub_rabat_borne_4,2025-09-05 21:46:00,2025-09-05 22:40:00,24.5,walk_in,terminee
session_2799,hub_rabat,hub_rabat_borne_3,2025-09-06 13:40:00,2025-09-06 14:07:00,9.0,reservee,terminee
session_2800,hub_rabat,hub_rabat_borne_1,2025-09-06 09:31:00,2025-09-06 09:56:00,24.0,reservee,terminee
session_2801,hub_rabat,hub_rabat_borne_2,2025-09-06 10:28:00,2025-09-06 11:22:00,16.9,walk_in,terminee
session_2802,hub_rabat,hub_rabat_borne_3,2025-09-06 10:20:00,2025-09-06 11:30:00,25.3,reservee,terminee
session_2803,hub_rabat,hub_rabat_borne_3,2025-09-06 11:46:00,2025-09-06 12:10:00,26.3,walk_in,terminee
session_2804,hub_rabat,hub_rabat_borne_1,2025-09-06 15:24:00,2025-09-06 16:35:00,36.5,walk_in,terminee
session_2805,hub_rabat,hub_rabat_borne_1,2025-09-06 11:41:00,2025-09-06 12:18:00,15.2,walk_in,terminee
session_2806,hub_rabat,hub_rabat_borne_3,2025-09-07 13:04:00,2025-09-07 13:48:00,39.5,walk_in,terminee
session_2807,hub_rabat,hub_rabat_borne_6,2025-09-07 14:07:00,2025-09-07 14:52:00,28.8,reservee,terminee
session_2808,hub_rabat,hub_rabat_borne_3,2025-09-07 15:04:00,2025-09-07 16:27:00,11.8,reservee,terminee
session_2809,hub_rabat,hub_rabat_borne_3,2025-09-08 15:44:00,2025-09-08 16:58:00,28.9,reservee,terminee
session_2810,hub_rabat,hub_rabat_borne_6,2025-09-08 18:58:00,2025-09-08 19:44:00,9.2,reservee,terminee
session_2811,hub_rabat,hub_rabat_borne_1,2025-09-08 16:23:00,2025-09-08 17:41:00,28.9,reservee,terminee
session_2812,hub_rabat,hub_rabat_borne_4,2025-09-08 16:52:00,2025-09-08 17:39:00,37.4,reservee,terminee
session_2813,hub_rabat,hub_rabat_borne_3,2025-09-08 18:46:00,2025-09-08 19:35:00,5.4,walk_in,terminee
session_2814,hub_rabat,hub_rabat_borne_3,2025-09-08 19:09:00,2025-09-08 20:22:00,11.6,reservee,terminee
session_2815,hub_rabat,hub_rabat_borne_5,2025-09-09 16:04:00,2025-09-09 16:31:00,26.2,reservee,terminee
session_2816,hub_rabat,hub_rabat_borne_1,2025-09-09 16:07:00,2025-09-09 17:16:00,19.6,reservee,terminee
session_2817,hub_rabat,hub_rabat_borne_5,2025-09-09 16:00:00,2025-09-09 17:17:00,21.6,reservee,terminee
session_2818,hub_rabat,hub_rabat_borne_3,2025-09-09 17:07:00,2025-09-09 18:05:00,23.5,walk_in,terminee
session_2819,hub_rabat,hub_rabat_borne_1,2025-09-09 19:24:00,2025-09-09 20:46:00,21.6,reservee,terminee
session_2820,hub_rabat,hub_rabat_borne_4,2025-09-10 13:55:00,2025-09-10 14:34:00,24.6,walk_in,terminee
session_2821,hub_rabat,hub_rabat_borne_4,2025-09-11 16:05:00,2025-09-11 17:11:00,25.6,walk_in,terminee
session_2822,hub_rabat,hub_rabat_borne_2,2025-09-11 13:36:00,2025-09-11 14:17:00,11.4,reservee,terminee
session_2823,hub_rabat,hub_rabat_borne_6,2025-09-12 13:00:00,2025-09-12 14:18:00,28.2,walk_in,terminee
session_2824,hub_rabat,hub_rabat_borne_5,2025-09-12 20:58:00,2025-09-12 22:03:00,13.8,reservee,terminee
session_2825,hub_rabat,hub_rabat_borne_2,2025-09-12 16:17:00,2025-09-12 17:27:00,20.7,reservee,terminee
session_2826,hub_rabat,hub_rabat_borne_6,2025-09-12 15:16:00,2025-09-12 15:59:00,25.0,reservee,terminee
session_2827,hub_rabat,hub_rabat_borne_4,2025-09-12 17:36:00,2025-09-12 18:44:00,5.0,reservee,terminee
session_2828,hub_rabat,hub_rabat_borne_4,2025-09-12 21:19:00,2025-09-12 22:01:00,20.6,walk_in,terminee
session_2829,hub_rabat,hub_rabat_borne_5,2025-09-13 13:25:00,2025-09-13 14:36:00,7.5,reservee,terminee
session_2830,hub_rabat,hub_rabat_borne_4,2025-09-13 09:43:00,2025-09-13 10:19:00,34.4,reservee,terminee
session_2831,hub_rabat,hub_rabat_borne_5,2025-09-13 08:32:00,2025-09-13 09:12:00,20.4,walk_in,terminee
session_2832,hub_rabat,hub_rabat_borne_4,2025-09-13 12:42:00,2025-09-13 13:14:00,22.0,reservee,terminee
session_2833,hub_rabat,hub_rabat_borne_3,2025-09-13 08:01:00,2025-09-13 08:40:00,6.8,reservee,terminee
session_2834,hub_rabat,hub_rabat_borne_4,2025-09-13 12:03:00,2025-09-13 12:31:00,28.2,reservee,terminee
session_2835,hub_rabat,hub_rabat_borne_4,2025-09-13 10:12:00,2025-09-13 10:40:00,17.7,walk_in,terminee
session_2836,hub_rabat,hub_rabat_borne_3,2025-09-13 11:04:00,2025-09-13 12:11:00,15.4,walk_in,terminee
session_2837,hub_rabat,hub_rabat_borne_5,2025-09-13 11:18:00,2025-09-13 11:52:00,39.4,reservee,terminee
session_2838,hub_rabat,hub_rabat_borne_1,2025-09-13 10:08:00,2025-09-13 10:47:00,14.2,walk_in,terminee
session_2839,hub_rabat,hub_rabat_borne_5,2025-09-13 14:49:00,2025-09-13 16:01:00,23.6,reservee,terminee
session_2840,hub_rabat,hub_rabat_borne_5,2025-09-13 19:49:00,2025-09-13 20:12:00,29.4,walk_in,terminee
session_2841,hub_rabat,hub_rabat_borne_5,2025-09-14 16:07:00,2025-09-14 17:11:00,39.6,walk_in,terminee
session_2842,hub_rabat,hub_rabat_borne_5,2025-09-14 12:06:00,2025-09-14 13:00:00,23.6,walk_in,terminee
session_2843,hub_rabat,hub_rabat_borne_1,2025-09-14 15:06:00,2025-09-14 16:14:00,22.2,walk_in,terminee
session_2844,hub_rabat,hub_rabat_borne_3,2025-09-14 15:29:00,2025-09-14 16:43:00,30.2,reservee,terminee
session_2845,hub_rabat,hub_rabat_borne_5,2025-09-14 12:53:00,2025-09-14 13:29:00,29.4,reservee,terminee
session_2846,hub_rabat,hub_rabat_borne_5,2025-09-14 09:35:00,2025-09-14 10:34:00,12.1,reservee,terminee
session_2847,hub_rabat,hub_rabat_borne_4,2025-09-14 14:40:00,2025-09-14 16:09:00,32.5,walk_in,terminee
session_2848,hub_rabat,hub_rabat_borne_4,2025-09-14 11:31:00,2025-09-14 12:19:00,34.2,walk_in,terminee
session_2849,hub_rabat,hub_rabat_borne_4,2025-09-14 17:08:00,2025-09-14 18:10:00,30.9,reservee,terminee
session_2850,hub_rabat,hub_rabat_borne_5,2025-09-15 19:18:00,2025-09-15 20:45:00,31.6,reservee,terminee
session_2851,hub_rabat,hub_rabat_borne_5,2025-09-15 22:29:00,2025-09-15 23:25:00,36.8,walk_in,terminee
session_2852,hub_rabat,hub_rabat_borne_5,2025-09-15 13:19:00,2025-09-15 13:55:00,6.0,reservee,terminee
session_2853,hub_rabat,hub_rabat_borne_4,2025-09-15 14:18:00,2025-09-15 15:18:00,6.7,reservee,terminee
session_2854,hub_rabat,hub_rabat_borne_5,2025-09-15 16:42:00,2025-09-15 17:55:00,24.9,walk_in,terminee
session_2855,hub_rabat,hub_rabat_borne_4,2025-09-16 19:36:00,2025-09-16 20:45:00,34.4,walk_in,terminee
session_2856,hub_rabat,hub_rabat_borne_5,2025-09-16 21:06:00,2025-09-16 21:27:00,23.5,walk_in,terminee
session_2857,hub_rabat,hub_rabat_borne_4,2025-09-16 13:25:00,2025-09-16 14:02:00,24.8,reservee,terminee
session_2858,hub_rabat,hub_rabat_borne_2,2025-09-18 15:38:00,2025-09-18 16:20:00,8.5,walk_in,terminee
session_2859,hub_rabat,hub_rabat_borne_4,2025-09-18 15:25:00,2025-09-18 16:25:00,6.0,reservee,terminee
session_2860,hub_rabat,hub_rabat_borne_1,2025-09-18 22:13:00,2025-09-18 22:45:00,5.3,reservee,terminee
session_2861,hub_rabat,hub_rabat_borne_6,2025-09-18 17:31:00,2025-09-18 18:31:00,21.0,reservee,terminee
session_2862,hub_rabat,hub_rabat_borne_5,2025-09-19 18:02:00,2025-09-19 19:21:00,25.8,reservee,terminee
session_2863,hub_rabat,hub_rabat_borne_2,2025-09-19 17:16:00,2025-09-19 17:54:00,24.2,reservee,terminee
session_2864,hub_rabat,hub_rabat_borne_6,2025-09-19 14:53:00,2025-09-19 16:13:00,37.2,walk_in,terminee
session_2865,hub_rabat,hub_rabat_borne_6,2025-09-19 22:12:00,2025-09-19 22:43:00,27.0,walk_in,terminee
session_2866,hub_rabat,hub_rabat_borne_1,2025-09-19 20:46:00,2025-09-19 21:49:00,20.2,reservee,terminee
session_2867,hub_rabat,hub_rabat_borne_1,2025-09-20 11:21:00,2025-09-20 12:48:00,5.2,walk_in,terminee
session_2868,hub_rabat,hub_rabat_borne_1,2025-09-20 10:58:00,2025-09-20 12:08:00,27.6,walk_in,terminee
session_2869,hub_rabat,hub_rabat_borne_1,2025-09-20 13:46:00,2025-09-20 14:16:00,32.8,walk_in,terminee
session_2870,hub_rabat,hub_rabat_borne_6,2025-09-20 20:38:00,2025-09-20 21:34:00,18.8,walk_in,terminee
session_2871,hub_rabat,hub_rabat_borne_5,2025-09-20 13:25:00,2025-09-20 14:39:00,6.9,walk_in,terminee
session_2872,hub_rabat,hub_rabat_borne_5,2025-09-21 08:00:00,2025-09-21 08:36:00,6.5,walk_in,terminee
session_2873,hub_rabat,hub_rabat_borne_2,2025-09-21 15:50:00,2025-09-21 17:17:00,26.4,reservee,terminee
session_2874,hub_rabat,hub_rabat_borne_1,2025-09-21 22:14:00,2025-09-21 23:36:00,35.7,walk_in,terminee
session_2875,hub_rabat,hub_rabat_borne_2,2025-09-22 19:02:00,2025-09-22 20:21:00,19.6,walk_in,terminee
session_2876,hub_rabat,hub_rabat_borne_1,2025-09-22 17:38:00,2025-09-22 18:30:00,15.6,reservee,terminee
session_2877,hub_rabat,hub_rabat_borne_1,2025-09-22 19:07:00,2025-09-22 19:59:00,20.9,reservee,terminee
session_2878,hub_rabat,hub_rabat_borne_5,2025-09-22 18:05:00,2025-09-22 19:24:00,19.9,walk_in,terminee
session_2879,hub_rabat,hub_rabat_borne_5,2025-09-22 20:45:00,2025-09-22 21:42:00,24.1,walk_in,terminee
session_2880,hub_rabat,hub_rabat_borne_5,2025-09-22 20:36:00,2025-09-22 21:56:00,33.1,reservee,terminee
session_2881,hub_rabat,hub_rabat_borne_6,2025-09-22 22:30:00,2025-09-22 23:08:00,28.8,reservee,terminee
session_2882,hub_rabat,hub_rabat_borne_2,2025-09-22 12:50:00,2025-09-22 14:10:00,33.4,walk_in,terminee
session_2883,hub_rabat,hub_rabat_borne_5,2025-09-23 21:19:00,2025-09-23 22:42:00,25.7,reservee,terminee
session_2884,hub_rabat,hub_rabat_borne_6,2025-09-23 18:37:00,2025-09-23 19:40:00,12.7,reservee,terminee
session_2885,hub_rabat,hub_rabat_borne_3,2025-09-23 17:09:00,2025-09-23 17:52:00,23.9,reservee,terminee
session_2886,hub_rabat,hub_rabat_borne_4,2025-09-23 18:14:00,2025-09-23 19:40:00,39.7,walk_in,terminee
session_2887,hub_rabat,hub_rabat_borne_3,2025-09-23 20:42:00,2025-09-23 21:14:00,24.9,walk_in,terminee
session_2888,hub_rabat,hub_rabat_borne_3,2025-09-24 13:04:00,2025-09-24 13:31:00,38.8,reservee,terminee
session_2889,hub_rabat,hub_rabat_borne_5,2025-09-24 22:40:00,2025-09-24 23:21:00,18.4,walk_in,terminee
session_2890,hub_rabat,hub_rabat_borne_3,2025-09-24 21:13:00,2025-09-24 22:33:00,29.4,reservee,terminee
session_2891,hub_rabat,hub_rabat_borne_2,2025-09-24 22:28:00,2025-09-24 23:43:00,7.9,walk_in,terminee
session_2892,hub_rabat,hub_rabat_borne_6,2025-09-25 17:26:00,2025-09-25 18:42:00,15.5,reservee,terminee
session_2893,hub_rabat,hub_rabat_borne_4,2025-09-25 15:29:00,2025-09-25 15:53:00,34.2,reservee,terminee
session_2894,hub_rabat,hub_rabat_borne_6,2025-09-25 19:04:00,2025-09-25 20:04:00,39.4,walk_in,terminee
session_2895,hub_rabat,hub_rabat_borne_1,2025-09-25 19:40:00,2025-09-25 20:42:00,12.1,walk_in,terminee
session_2896,hub_rabat,hub_rabat_borne_2,2025-09-26 18:09:00,2025-09-26 19:37:00,20.2,reservee,terminee
session_2897,hub_rabat,hub_rabat_borne_1,2025-09-26 19:01:00,2025-09-26 19:54:00,33.2,walk_in,terminee
session_2898,hub_rabat,hub_rabat_borne_2,2025-09-26 12:36:00,2025-09-26 13:43:00,14.3,walk_in,terminee
session_2899,hub_rabat,hub_rabat_borne_1,2025-09-26 15:42:00,2025-09-26 17:07:00,34.9,walk_in,terminee
session_2900,hub_rabat,hub_rabat_borne_2,2025-09-27 17:43:00,2025-09-27 18:42:00,10.9,walk_in,terminee
session_2901,hub_rabat,hub_rabat_borne_2,2025-09-27 10:30:00,2025-09-27 11:29:00,7.9,walk_in,terminee
session_2902,hub_rabat,hub_rabat_borne_1,2025-09-28 13:47:00,2025-09-28 14:09:00,7.0,walk_in,terminee
session_2903,hub_rabat,hub_rabat_borne_3,2025-09-28 13:27:00,2025-09-28 13:54:00,25.7,walk_in,terminee
session_2904,hub_rabat,hub_rabat_borne_2,2025-09-28 11:51:00,2025-09-28 13:20:00,31.8,walk_in,terminee
session_2905,hub_rabat,hub_rabat_borne_1,2025-09-28 16:51:00,2025-09-28 17:18:00,31.0,walk_in,terminee
session_2906,hub_rabat,hub_rabat_borne_1,2025-09-29 16:17:00,2025-09-29 17:18:00,9.7,reservee,terminee
session_2907,hub_rabat,hub_rabat_borne_4,2025-09-29 20:26:00,2025-09-29 20:48:00,40.0,reservee,terminee
session_2908,hub_rabat,hub_rabat_borne_2,2025-09-29 19:50:00,2025-09-29 20:41:00,13.7,reservee,terminee
session_2909,hub_rabat,hub_rabat_borne_6,2025-09-30 14:56:00,2025-09-30 16:20:00,12.5,reservee,terminee
session_2910,hub_rabat,hub_rabat_borne_1,2025-09-30 16:28:00,2025-09-30 17:11:00,16.4,reservee,terminee
session_2911,hub_rabat,hub_rabat_borne_4,2025-09-30 17:24:00,2025-09-30 18:01:00,29.9,walk_in,terminee
session_2912,hub_rabat,hub_rabat_borne_5,2025-09-30 20:05:00,2025-09-30 20:25:00,6.8,walk_in,terminee
session_2913,hub_rabat,hub_rabat_borne_2,2025-09-30 19:19:00,2025-09-30 20:33:00,30.5,walk_in,terminee
session_2914,hub_rabat,hub_rabat_borne_3,2025-10-01 17:26:00,2025-10-01 18:02:00,10.4,reservee,terminee
session_2915,hub_rabat,hub_rabat_borne_1,2025-10-01 15:51:00,2025-10-01 16:33:00,20.0,reservee,terminee
session_2916,hub_rabat,hub_rabat_borne_3,2025-10-01 16:33:00,2025-10-01 17:56:00,22.7,walk_in,terminee
session_2917,hub_rabat,hub_rabat_borne_5,2025-10-01 14:08:00,2025-10-01 14:52:00,9.0,reservee,terminee
session_2918,hub_rabat,hub_rabat_borne_6,2025-10-01 22:26:00,2025-10-01 23:00:00,15.9,walk_in,terminee
session_2919,hub_rabat,hub_rabat_borne_3,2025-10-01 16:43:00,2025-10-01 17:05:00,9.5,reservee,terminee
session_2920,hub_rabat,hub_rabat_borne_6,2025-10-02 21:36:00,2025-10-02 22:16:00,10.7,walk_in,terminee
session_2921,hub_rabat,hub_rabat_borne_5,2025-10-02 14:12:00,2025-10-02 15:00:00,7.3,reservee,terminee
session_2922,hub_rabat,hub_rabat_borne_3,2025-10-02 18:26:00,2025-10-02 19:30:00,37.5,walk_in,terminee
session_2923,hub_rabat,hub_rabat_borne_4,2025-10-03 21:36:00,2025-10-03 22:09:00,29.1,walk_in,terminee
session_2924,hub_rabat,hub_rabat_borne_1,2025-10-03 19:36:00,2025-10-03 20:45:00,33.6,reservee,terminee
session_2925,hub_rabat,hub_rabat_borne_2,2025-10-03 16:20:00,2025-10-03 16:40:00,26.4,reservee,terminee
session_2926,hub_rabat,hub_rabat_borne_1,2025-10-03 18:48:00,2025-10-03 20:11:00,38.7,reservee,terminee
session_2927,hub_rabat,hub_rabat_borne_3,2025-10-04 12:43:00,2025-10-04 13:46:00,12.7,reservee,terminee
session_2928,hub_rabat,hub_rabat_borne_6,2025-10-04 14:35:00,2025-10-04 15:39:00,38.4,reservee,terminee
session_2929,hub_rabat,hub_rabat_borne_4,2025-10-04 15:22:00,2025-10-04 16:38:00,9.2,reservee,terminee
session_2930,hub_rabat,hub_rabat_borne_2,2025-10-04 13:37:00,2025-10-04 14:23:00,14.7,walk_in,terminee
session_2931,hub_rabat,hub_rabat_borne_2,2025-10-04 15:43:00,2025-10-04 16:17:00,36.6,reservee,terminee
session_2932,hub_rabat,hub_rabat_borne_4,2025-10-04 06:14:00,2025-10-04 07:23:00,24.3,walk_in,terminee
session_2933,hub_rabat,hub_rabat_borne_3,2025-10-04 15:33:00,2025-10-04 16:53:00,19.9,walk_in,terminee
session_2934,hub_rabat,hub_rabat_borne_3,2025-10-05 16:30:00,2025-10-05 17:33:00,5.4,reservee,terminee
session_2935,hub_rabat,hub_rabat_borne_3,2025-10-05 10:17:00,2025-10-05 10:43:00,11.0,walk_in,terminee
session_2936,hub_rabat,hub_rabat_borne_5,2025-10-05 16:15:00,2025-10-05 16:40:00,17.2,reservee,terminee
session_2937,hub_rabat,hub_rabat_borne_6,2025-10-06 13:10:00,2025-10-06 14:19:00,11.4,walk_in,terminee
session_2938,hub_rabat,hub_rabat_borne_2,2025-10-06 17:35:00,2025-10-06 18:38:00,28.9,reservee,terminee
session_2939,hub_rabat,hub_rabat_borne_5,2025-10-06 21:09:00,2025-10-06 22:16:00,9.3,reservee,terminee
session_2940,hub_rabat,hub_rabat_borne_3,2025-10-06 22:37:00,2025-10-06 23:03:00,29.5,reservee,terminee
session_2941,hub_rabat,hub_rabat_borne_4,2025-10-06 17:22:00,2025-10-06 18:36:00,38.0,walk_in,terminee
session_2942,hub_rabat,hub_rabat_borne_2,2025-10-06 19:48:00,2025-10-06 20:28:00,25.4,walk_in,terminee
session_2943,hub_rabat,hub_rabat_borne_5,2025-10-07 14:44:00,2025-10-07 16:09:00,21.7,reservee,terminee
session_2944,hub_rabat,hub_rabat_borne_2,2025-10-07 17:58:00,2025-10-07 19:26:00,23.5,walk_in,terminee
session_2945,hub_rabat,hub_rabat_borne_4,2025-10-07 22:50:00,2025-10-07 23:54:00,30.1,walk_in,terminee
session_2946,hub_rabat,hub_rabat_borne_4,2025-10-07 22:23:00,2025-10-07 23:42:00,11.4,reservee,terminee
session_2947,hub_rabat,hub_rabat_borne_2,2025-10-07 22:44:00,2025-10-08 00:07:00,14.6,reservee,terminee
session_2948,hub_rabat,hub_rabat_borne_4,2025-10-07 17:57:00,2025-10-07 19:17:00,22.1,walk_in,terminee
session_2949,hub_rabat,hub_rabat_borne_4,2025-10-08 13:43:00,2025-10-08 15:09:00,27.3,reservee,terminee
session_2950,hub_rabat,hub_rabat_borne_4,2025-10-08 15:17:00,2025-10-08 15:39:00,22.1,reservee,terminee
session_2951,hub_rabat,hub_rabat_borne_2,2025-10-08 14:18:00,2025-10-08 15:23:00,15.1,reservee,terminee
session_2952,hub_rabat,hub_rabat_borne_4,2025-10-08 18:48:00,2025-10-08 19:41:00,29.9,walk_in,terminee
session_2953,hub_rabat,hub_rabat_borne_2,2025-10-08 19:31:00,2025-10-08 19:55:00,15.2,reservee,terminee
session_2954,hub_rabat,hub_rabat_borne_3,2025-10-08 14:12:00,2025-10-08 15:09:00,39.7,walk_in,terminee
session_2955,hub_rabat,hub_rabat_borne_1,2025-10-09 15:14:00,2025-10-09 16:31:00,12.7,walk_in,terminee
session_2956,hub_rabat,hub_rabat_borne_1,2025-10-09 16:02:00,2025-10-09 17:27:00,7.6,walk_in,terminee
session_2957,hub_rabat,hub_rabat_borne_3,2025-10-09 22:35:00,2025-10-09 22:57:00,26.7,walk_in,terminee
session_2958,hub_rabat,hub_rabat_borne_4,2025-10-10 21:57:00,2025-10-10 22:47:00,8.4,reservee,terminee
session_2959,hub_rabat,hub_rabat_borne_1,2025-10-10 18:58:00,2025-10-10 20:06:00,9.1,reservee,terminee
session_2960,hub_rabat,hub_rabat_borne_1,2025-10-10 20:39:00,2025-10-10 21:03:00,16.7,walk_in,terminee
session_2961,hub_rabat,hub_rabat_borne_1,2025-10-10 13:33:00,2025-10-10 14:26:00,39.7,walk_in,terminee
session_2962,hub_rabat,hub_rabat_borne_6,2025-10-10 15:12:00,2025-10-10 15:34:00,35.4,walk_in,terminee
session_2963,hub_rabat,hub_rabat_borne_2,2025-10-11 15:13:00,2025-10-11 16:36:00,34.3,walk_in,terminee
session_2964,hub_rabat,hub_rabat_borne_5,2025-10-11 12:21:00,2025-10-11 13:30:00,16.3,walk_in,terminee
session_2965,hub_rabat,hub_rabat_borne_4,2025-10-11 16:10:00,2025-10-11 17:06:00,29.0,reservee,terminee
session_2966,hub_rabat,hub_rabat_borne_4,2025-10-11 15:45:00,2025-10-11 16:50:00,25.1,reservee,terminee
session_2967,hub_rabat,hub_rabat_borne_3,2025-10-11 15:03:00,2025-10-11 16:09:00,12.2,walk_in,terminee
session_2968,hub_rabat,hub_rabat_borne_5,2025-10-11 13:49:00,2025-10-11 14:55:00,9.9,walk_in,terminee
session_2969,hub_rabat,hub_rabat_borne_5,2025-10-12 14:46:00,2025-10-12 15:10:00,20.4,walk_in,terminee
session_2970,hub_rabat,hub_rabat_borne_3,2025-10-12 13:01:00,2025-10-12 13:36:00,21.2,reservee,terminee
session_2971,hub_rabat,hub_rabat_borne_3,2025-10-12 17:36:00,2025-10-12 18:57:00,34.9,reservee,terminee
session_2972,hub_rabat,hub_rabat_borne_1,2025-10-12 20:19:00,2025-10-12 21:03:00,10.5,walk_in,terminee
session_2973,hub_rabat,hub_rabat_borne_5,2025-10-12 12:10:00,2025-10-12 13:05:00,31.3,reservee,terminee
session_2974,hub_rabat,hub_rabat_borne_5,2025-10-13 22:51:00,2025-10-13 23:18:00,38.5,reservee,terminee
session_2975,hub_rabat,hub_rabat_borne_6,2025-10-13 22:35:00,2025-10-13 23:53:00,10.0,reservee,terminee
session_2976,hub_rabat,hub_rabat_borne_4,2025-10-13 16:38:00,2025-10-13 17:55:00,7.7,walk_in,terminee
session_2977,hub_rabat,hub_rabat_borne_3,2025-10-14 20:00:00,2025-10-14 20:21:00,20.8,walk_in,terminee
session_2978,hub_rabat,hub_rabat_borne_3,2025-10-14 15:26:00,2025-10-14 15:48:00,12.9,walk_in,terminee
session_2979,hub_rabat,hub_rabat_borne_4,2025-10-14 22:19:00,2025-10-14 22:49:00,39.6,reservee,terminee
session_2980,hub_rabat,hub_rabat_borne_4,2025-10-14 19:03:00,2025-10-14 20:13:00,27.2,walk_in,terminee
session_2981,hub_rabat,hub_rabat_borne_3,2025-10-14 14:58:00,2025-10-14 15:57:00,38.9,reservee,terminee
session_2982,hub_rabat,hub_rabat_borne_3,2025-10-15 16:02:00,2025-10-15 17:21:00,15.1,reservee,terminee
session_2983,hub_rabat,hub_rabat_borne_2,2025-10-15 19:04:00,2025-10-15 20:32:00,16.0,walk_in,terminee
session_2984,hub_rabat,hub_rabat_borne_5,2025-10-15 19:28:00,2025-10-15 20:36:00,29.0,reservee,terminee
session_2985,hub_rabat,hub_rabat_borne_1,2025-10-15 16:21:00,2025-10-15 17:05:00,19.2,walk_in,terminee
session_2986,hub_rabat,hub_rabat_borne_3,2025-10-16 19:50:00,2025-10-16 20:33:00,38.6,walk_in,terminee
session_2987,hub_rabat,hub_rabat_borne_4,2025-10-16 18:55:00,2025-10-16 19:31:00,24.9,reservee,terminee
session_2988,hub_rabat,hub_rabat_borne_1,2025-10-17 18:03:00,2025-10-17 19:03:00,22.4,reservee,terminee
session_2989,hub_rabat,hub_rabat_borne_3,2025-10-17 17:33:00,2025-10-17 18:50:00,7.4,walk_in,terminee
session_2990,hub_rabat,hub_rabat_borne_4,2025-10-17 15:02:00,2025-10-17 16:26:00,21.7,reservee,terminee
session_2991,hub_rabat,hub_rabat_borne_1,2025-10-17 22:49:00,2025-10-17 23:59:00,34.0,reservee,terminee
session_2992,hub_rabat,hub_rabat_borne_5,2025-10-17 20:51:00,2025-10-17 21:36:00,6.9,reservee,terminee
session_2993,hub_rabat,hub_rabat_borne_1,2025-10-18 15:22:00,2025-10-18 16:29:00,38.7,walk_in,terminee
session_2994,hub_rabat,hub_rabat_borne_3,2025-10-18 16:53:00,2025-10-18 18:00:00,33.1,reservee,terminee
session_2995,hub_rabat,hub_rabat_borne_2,2025-10-18 17:08:00,2025-10-18 18:20:00,35.9,walk_in,terminee
session_2996,hub_rabat,hub_rabat_borne_1,2025-10-18 15:06:00,2025-10-18 15:59:00,28.9,reservee,terminee
session_2997,hub_rabat,hub_rabat_borne_1,2025-10-19 12:42:00,2025-10-19 13:22:00,9.9,walk_in,terminee
session_2998,hub_rabat,hub_rabat_borne_6,2025-10-19 10:46:00,2025-10-19 12:13:00,24.9,reservee,terminee
session_2999,hub_rabat,hub_rabat_borne_1,2025-10-19 13:53:00,2025-10-19 15:01:00,5.9,walk_in,terminee
session_3000,hub_rabat,hub_rabat_borne_5,2025-10-19 16:58:00,2025-10-19 18:08:00,33.9,walk_in,terminee
session_3001,hub_rabat,hub_rabat_borne_5,2025-10-19 15:45:00,2025-10-19 16:32:00,35.4,walk_in,terminee
session_3002,hub_rabat,hub_rabat_borne_5,2025-10-19 13:46:00,2025-10-19 14:26:00,19.2,reservee,terminee
session_3003,hub_rabat,hub_rabat_borne_6,2025-10-19 16:38:00,2025-10-19 17:40:00,13.6,walk_in,terminee
session_3004,hub_rabat,hub_rabat_borne_3,2025-10-20 17:42:00,2025-10-20 18:05:00,12.0,reservee,terminee
session_3005,hub_rabat,hub_rabat_borne_2,2025-10-20 20:25:00,2025-10-20 21:18:00,37.3,reservee,terminee
session_3006,hub_rabat,hub_rabat_borne_2,2025-10-20 17:07:00,2025-10-20 18:19:00,20.6,reservee,terminee
session_3007,hub_rabat,hub_rabat_borne_6,2025-10-20 20:46:00,2025-10-20 21:14:00,14.4,walk_in,terminee
session_3008,hub_rabat,hub_rabat_borne_5,2025-10-20 22:04:00,2025-10-20 23:18:00,7.7,reservee,terminee
session_3009,hub_rabat,hub_rabat_borne_4,2025-10-21 15:45:00,2025-10-21 16:13:00,16.4,reservee,terminee
session_3010,hub_rabat,hub_rabat_borne_1,2025-10-21 15:03:00,2025-10-21 16:00:00,29.2,reservee,terminee
session_3011,hub_rabat,hub_rabat_borne_3,2025-10-22 14:03:00,2025-10-22 14:40:00,15.5,walk_in,terminee
session_3012,hub_rabat,hub_rabat_borne_6,2025-10-22 18:55:00,2025-10-22 20:04:00,22.5,walk_in,terminee
session_3013,hub_rabat,hub_rabat_borne_4,2025-10-22 13:35:00,2025-10-22 14:09:00,13.6,walk_in,terminee
session_3014,hub_rabat,hub_rabat_borne_2,2025-10-22 17:15:00,2025-10-22 18:08:00,18.4,walk_in,terminee
session_3015,hub_rabat,hub_rabat_borne_6,2025-10-22 19:52:00,2025-10-22 20:53:00,23.3,reservee,terminee
session_3016,hub_rabat,hub_rabat_borne_2,2025-10-22 13:46:00,2025-10-22 14:37:00,36.8,walk_in,terminee
session_3017,hub_rabat,hub_rabat_borne_3,2025-10-22 13:35:00,2025-10-22 14:50:00,33.3,reservee,terminee
session_3018,hub_rabat,hub_rabat_borne_2,2025-10-22 19:14:00,2025-10-22 19:41:00,27.0,reservee,terminee
session_3019,hub_rabat,hub_rabat_borne_4,2025-10-23 17:46:00,2025-10-23 19:08:00,13.6,walk_in,terminee
session_3020,hub_rabat,hub_rabat_borne_6,2025-10-23 22:57:00,2025-10-23 23:34:00,7.4,walk_in,terminee
session_3021,hub_rabat,hub_rabat_borne_5,2025-10-24 17:05:00,2025-10-24 17:37:00,39.0,reservee,terminee
session_3022,hub_rabat,hub_rabat_borne_5,2025-10-24 18:18:00,2025-10-24 19:41:00,11.5,reservee,terminee
session_3023,hub_rabat,hub_rabat_borne_6,2025-10-25 15:07:00,2025-10-25 15:42:00,21.1,walk_in,terminee
session_3024,hub_rabat,hub_rabat_borne_2,2025-10-25 13:46:00,2025-10-25 14:44:00,21.1,walk_in,terminee
session_3025,hub_rabat,hub_rabat_borne_2,2025-10-25 16:07:00,2025-10-25 17:26:00,22.1,walk_in,terminee
session_3026,hub_rabat,hub_rabat_borne_6,2025-10-25 14:22:00,2025-10-25 15:18:00,23.9,walk_in,terminee
session_3027,hub_rabat,hub_rabat_borne_3,2025-10-26 15:07:00,2025-10-26 16:04:00,13.6,walk_in,terminee
session_3028,hub_rabat,hub_rabat_borne_1,2025-10-26 08:17:00,2025-10-26 09:41:00,25.4,walk_in,terminee
session_3029,hub_rabat,hub_rabat_borne_1,2025-10-26 11:23:00,2025-10-26 11:43:00,8.7,reservee,terminee
session_3030,hub_rabat,hub_rabat_borne_6,2025-10-26 16:48:00,2025-10-26 18:11:00,15.3,walk_in,terminee
session_3031,hub_rabat,hub_rabat_borne_5,2025-10-27 17:17:00,2025-10-27 18:38:00,26.9,walk_in,terminee
session_3032,hub_rabat,hub_rabat_borne_3,2025-10-27 17:50:00,2025-10-27 19:03:00,18.2,reservee,terminee
session_3033,hub_rabat,hub_rabat_borne_3,2025-10-27 17:46:00,2025-10-27 18:37:00,24.1,reservee,terminee
session_3034,hub_rabat,hub_rabat_borne_3,2025-10-27 17:12:00,2025-10-27 18:31:00,17.7,walk_in,terminee
session_3035,hub_rabat,hub_rabat_borne_6,2025-10-27 22:04:00,2025-10-27 22:49:00,10.5,walk_in,terminee
session_3036,hub_rabat,hub_rabat_borne_6,2025-10-27 18:45:00,2025-10-27 20:05:00,32.2,reservee,terminee
session_3037,hub_rabat,hub_rabat_borne_2,2025-10-27 13:24:00,2025-10-27 13:48:00,29.7,walk_in,terminee
session_3038,hub_rabat,hub_rabat_borne_2,2025-10-27 19:03:00,2025-10-27 20:14:00,38.9,reservee,terminee
session_3039,hub_rabat,hub_rabat_borne_4,2025-10-28 22:22:00,2025-10-28 23:38:00,38.1,walk_in,terminee
session_3040,hub_rabat,hub_rabat_borne_2,2025-10-28 15:33:00,2025-10-28 16:05:00,25.4,reservee,terminee
session_3041,hub_rabat,hub_rabat_borne_5,2025-10-28 20:15:00,2025-10-28 21:33:00,36.4,walk_in,terminee
session_3042,hub_rabat,hub_rabat_borne_2,2025-10-28 17:57:00,2025-10-28 18:22:00,9.1,walk_in,terminee
session_3043,hub_rabat,hub_rabat_borne_2,2025-10-28 17:44:00,2025-10-28 18:15:00,22.1,walk_in,terminee
session_3044,hub_rabat,hub_rabat_borne_2,2025-10-28 20:00:00,2025-10-28 21:03:00,15.3,walk_in,terminee
session_3045,hub_rabat,hub_rabat_borne_5,2025-10-28 16:08:00,2025-10-28 17:35:00,38.8,walk_in,terminee
session_3046,hub_rabat,hub_rabat_borne_6,2025-10-28 17:27:00,2025-10-28 18:01:00,21.8,walk_in,terminee
session_3047,hub_rabat,hub_rabat_borne_5,2025-10-29 18:58:00,2025-10-29 19:59:00,15.4,reservee,terminee
session_3048,hub_rabat,hub_rabat_borne_2,2025-10-30 21:21:00,2025-10-30 22:42:00,32.7,reservee,terminee
session_3049,hub_rabat,hub_rabat_borne_6,2025-10-30 22:35:00,2025-10-30 23:28:00,29.4,walk_in,terminee
session_3050,hub_rabat,hub_rabat_borne_1,2025-10-30 17:30:00,2025-10-30 18:29:00,10.8,walk_in,terminee
session_3051,hub_rabat,hub_rabat_borne_2,2025-10-30 16:43:00,2025-10-30 17:49:00,16.6,walk_in,terminee
session_3052,hub_rabat,hub_rabat_borne_5,2025-10-30 19:58:00,2025-10-30 21:16:00,9.8,reservee,terminee
session_3053,hub_rabat,hub_rabat_borne_3,2025-10-31 12:46:00,2025-10-31 13:31:00,5.9,reservee,terminee
session_3054,hub_rabat,hub_rabat_borne_5,2025-10-31 20:22:00,2025-10-31 20:51:00,21.7,reservee,terminee
session_3055,hub_rabat,hub_rabat_borne_6,2025-10-31 22:41:00,2025-10-31 23:12:00,10.4,reservee,terminee
session_3056,hub_rabat,hub_rabat_borne_1,2025-10-31 15:25:00,2025-10-31 16:10:00,24.1,walk_in,terminee
session_3057,hub_rabat,hub_rabat_borne_6,2025-11-01 15:29:00,2025-11-01 16:31:00,20.8,reservee,terminee
session_3058,hub_rabat,hub_rabat_borne_1,2025-11-01 17:36:00,2025-11-01 18:57:00,15.2,reservee,terminee
session_3059,hub_rabat,hub_rabat_borne_1,2025-11-01 09:13:00,2025-11-01 10:07:00,37.8,walk_in,terminee
session_3060,hub_rabat,hub_rabat_borne_3,2025-11-01 17:36:00,2025-11-01 18:38:00,28.9,reservee,terminee
session_3061,hub_rabat,hub_rabat_borne_4,2025-11-01 15:04:00,2025-11-01 16:32:00,31.1,walk_in,terminee
session_3062,hub_rabat,hub_rabat_borne_3,2025-11-01 12:18:00,2025-11-01 13:41:00,15.1,walk_in,terminee
session_3063,hub_rabat,hub_rabat_borne_2,2025-11-01 11:06:00,2025-11-01 11:36:00,23.5,walk_in,terminee
session_3064,hub_rabat,hub_rabat_borne_6,2025-11-01 19:31:00,2025-11-01 20:46:00,7.2,walk_in,terminee
session_3065,hub_rabat,hub_rabat_borne_6,2025-11-02 06:55:00,2025-11-02 07:59:00,22.9,reservee,terminee
session_3066,hub_rabat,hub_rabat_borne_5,2025-11-02 16:05:00,2025-11-02 17:12:00,16.5,reservee,terminee
session_3067,hub_rabat,hub_rabat_borne_6,2025-11-02 16:14:00,2025-11-02 17:38:00,34.6,walk_in,terminee
session_3068,hub_rabat,hub_rabat_borne_6,2025-11-03 22:00:00,2025-11-03 22:57:00,28.4,walk_in,terminee
session_3069,hub_rabat,hub_rabat_borne_2,2025-11-03 18:35:00,2025-11-03 19:16:00,25.7,walk_in,terminee
session_3070,hub_rabat,hub_rabat_borne_4,2025-11-03 16:04:00,2025-11-03 16:47:00,38.6,reservee,terminee
session_3071,hub_rabat,hub_rabat_borne_5,2025-11-04 20:39:00,2025-11-04 21:37:00,18.8,reservee,terminee
session_3072,hub_rabat,hub_rabat_borne_6,2025-11-04 20:54:00,2025-11-04 22:22:00,24.1,walk_in,terminee
session_3073,hub_rabat,hub_rabat_borne_3,2025-11-04 19:49:00,2025-11-04 20:55:00,9.0,walk_in,terminee
session_3074,hub_rabat,hub_rabat_borne_4,2025-11-04 21:25:00,2025-11-04 22:18:00,29.1,walk_in,terminee
session_3075,hub_rabat,hub_rabat_borne_6,2025-11-05 18:27:00,2025-11-05 19:02:00,5.9,reservee,terminee
session_3076,hub_rabat,hub_rabat_borne_4,2025-11-05 19:21:00,2025-11-05 20:49:00,21.7,walk_in,terminee
session_3077,hub_rabat,hub_rabat_borne_2,2025-11-05 18:48:00,2025-11-05 20:05:00,14.4,walk_in,terminee
session_3078,hub_rabat,hub_rabat_borne_5,2025-11-05 21:45:00,2025-11-05 22:26:00,21.9,walk_in,terminee
session_3079,hub_rabat,hub_rabat_borne_6,2025-11-06 13:09:00,2025-11-06 13:42:00,29.3,walk_in,terminee
session_3080,hub_rabat,hub_rabat_borne_4,2025-11-06 13:02:00,2025-11-06 14:05:00,26.2,reservee,terminee
session_3081,hub_rabat,hub_rabat_borne_2,2025-11-07 10:52:00,2025-11-07 11:29:00,36.7,reservee,terminee
session_3082,hub_rabat,hub_rabat_borne_6,2025-11-07 21:06:00,2025-11-07 21:32:00,33.1,reservee,terminee
session_3083,hub_rabat,hub_rabat_borne_6,2025-11-07 18:47:00,2025-11-07 20:10:00,31.9,walk_in,terminee
session_3084,hub_rabat,hub_rabat_borne_4,2025-11-08 08:23:00,2025-11-08 09:30:00,24.8,walk_in,terminee
session_3085,hub_rabat,hub_rabat_borne_2,2025-11-08 13:04:00,2025-11-08 13:48:00,29.9,reservee,terminee
session_3086,hub_rabat,hub_rabat_borne_4,2025-11-08 13:03:00,2025-11-08 14:32:00,37.5,walk_in,terminee
session_3087,hub_rabat,hub_rabat_borne_5,2025-11-08 19:58:00,2025-11-08 21:02:00,38.8,reservee,terminee
session_3088,hub_rabat,hub_rabat_borne_2,2025-11-08 12:53:00,2025-11-08 13:25:00,16.1,reservee,terminee
session_3089,hub_rabat,hub_rabat_borne_2,2025-11-08 11:39:00,2025-11-08 13:00:00,22.7,reservee,terminee
session_3090,hub_rabat,hub_rabat_borne_5,2025-11-08 11:28:00,2025-11-08 12:07:00,32.4,walk_in,terminee
session_3091,hub_rabat,hub_rabat_borne_5,2025-11-08 20:54:00,2025-11-08 21:39:00,8.8,reservee,terminee
session_3092,hub_rabat,hub_rabat_borne_3,2025-11-08 12:42:00,2025-11-08 13:57:00,24.2,walk_in,terminee
session_3093,hub_rabat,hub_rabat_borne_3,2025-11-08 10:26:00,2025-11-08 10:52:00,13.1,walk_in,terminee
session_3094,hub_rabat,hub_rabat_borne_3,2025-11-09 12:29:00,2025-11-09 12:51:00,12.0,reservee,terminee
session_3095,hub_rabat,hub_rabat_borne_3,2025-11-09 09:18:00,2025-11-09 10:33:00,9.0,reservee,terminee
session_3096,hub_rabat,hub_rabat_borne_1,2025-11-09 13:11:00,2025-11-09 13:31:00,14.7,walk_in,terminee
session_3097,hub_rabat,hub_rabat_borne_2,2025-11-09 09:12:00,2025-11-09 10:06:00,13.0,reservee,terminee
session_3098,hub_rabat,hub_rabat_borne_3,2025-11-09 15:54:00,2025-11-09 17:03:00,12.5,reservee,terminee
session_3099,hub_rabat,hub_rabat_borne_6,2025-11-09 16:47:00,2025-11-09 17:09:00,28.2,reservee,terminee
session_3100,hub_rabat,hub_rabat_borne_3,2025-11-09 10:21:00,2025-11-09 11:28:00,25.8,reservee,terminee
session_3101,hub_rabat,hub_rabat_borne_6,2025-11-09 16:50:00,2025-11-09 17:44:00,26.7,reservee,terminee
session_3102,hub_rabat,hub_rabat_borne_4,2025-11-10 17:29:00,2025-11-10 17:55:00,31.1,reservee,terminee
session_3103,hub_rabat,hub_rabat_borne_5,2025-11-11 19:00:00,2025-11-11 20:10:00,21.3,walk_in,terminee
session_3104,hub_rabat,hub_rabat_borne_3,2025-11-11 15:49:00,2025-11-11 16:11:00,11.6,reservee,terminee
session_3105,hub_rabat,hub_rabat_borne_3,2025-11-11 14:00:00,2025-11-11 15:00:00,18.2,walk_in,terminee
session_3106,hub_rabat,hub_rabat_borne_6,2025-11-12 19:52:00,2025-11-12 21:08:00,38.2,reservee,terminee
session_3107,hub_rabat,hub_rabat_borne_4,2025-11-12 17:09:00,2025-11-12 18:37:00,25.3,reservee,terminee
session_3108,hub_rabat,hub_rabat_borne_5,2025-11-12 21:56:00,2025-11-12 23:09:00,35.7,reservee,terminee
session_3109,hub_rabat,hub_rabat_borne_4,2025-11-13 13:54:00,2025-11-13 15:20:00,7.2,reservee,terminee
session_3110,hub_rabat,hub_rabat_borne_6,2025-11-13 17:26:00,2025-11-13 18:09:00,35.8,reservee,terminee
session_3111,hub_rabat,hub_rabat_borne_1,2025-11-13 16:30:00,2025-11-13 16:57:00,30.6,walk_in,terminee
session_3112,hub_rabat,hub_rabat_borne_4,2025-11-14 19:24:00,2025-11-14 20:18:00,18.2,walk_in,terminee
session_3113,hub_rabat,hub_rabat_borne_6,2025-11-14 19:05:00,2025-11-14 20:07:00,22.0,walk_in,terminee
session_3114,hub_rabat,hub_rabat_borne_6,2025-11-15 18:52:00,2025-11-15 19:22:00,33.4,reservee,terminee
session_3115,hub_rabat,hub_rabat_borne_3,2025-11-15 14:53:00,2025-11-15 16:07:00,33.9,reservee,terminee
session_3116,hub_rabat,hub_rabat_borne_3,2025-11-15 18:45:00,2025-11-15 20:00:00,30.9,reservee,terminee
session_3117,hub_rabat,hub_rabat_borne_2,2025-11-15 14:55:00,2025-11-15 15:53:00,31.4,reservee,terminee
session_3118,hub_rabat,hub_rabat_borne_6,2025-11-15 11:15:00,2025-11-15 12:36:00,15.5,reservee,terminee
session_3119,hub_rabat,hub_rabat_borne_5,2025-11-15 06:19:00,2025-11-15 06:59:00,28.4,walk_in,terminee
session_3120,hub_rabat,hub_rabat_borne_1,2025-11-15 17:31:00,2025-11-15 18:19:00,31.2,reservee,terminee
session_3121,hub_rabat,hub_rabat_borne_1,2025-11-15 14:43:00,2025-11-15 16:11:00,33.4,reservee,terminee
session_3122,hub_rabat,hub_rabat_borne_5,2025-11-16 13:24:00,2025-11-16 14:45:00,10.9,walk_in,terminee
session_3123,hub_rabat,hub_rabat_borne_3,2025-11-16 13:26:00,2025-11-16 14:23:00,10.4,reservee,terminee
session_3124,hub_rabat,hub_rabat_borne_4,2025-11-16 17:47:00,2025-11-16 18:50:00,7.0,reservee,terminee
session_3125,hub_rabat,hub_rabat_borne_6,2025-11-16 20:16:00,2025-11-16 21:26:00,8.3,walk_in,terminee
session_3126,hub_rabat,hub_rabat_borne_3,2025-11-16 18:33:00,2025-11-16 19:18:00,30.4,reservee,terminee
session_3127,hub_rabat,hub_rabat_borne_5,2025-11-17 13:50:00,2025-11-17 15:07:00,7.7,reservee,terminee
session_3128,hub_rabat,hub_rabat_borne_3,2025-11-17 16:44:00,2025-11-17 17:39:00,19.4,walk_in,terminee
session_3129,hub_rabat,hub_rabat_borne_5,2025-11-17 15:51:00,2025-11-17 16:56:00,17.1,reservee,terminee
session_3130,hub_rabat,hub_rabat_borne_2,2025-11-18 13:26:00,2025-11-18 14:48:00,27.9,reservee,terminee
session_3131,hub_rabat,hub_rabat_borne_5,2025-11-18 15:11:00,2025-11-18 15:42:00,30.0,reservee,terminee
session_3132,hub_rabat,hub_rabat_borne_6,2025-11-18 20:28:00,2025-11-18 21:08:00,8.0,reservee,terminee
session_3133,hub_rabat,hub_rabat_borne_3,2025-11-18 16:36:00,2025-11-18 17:34:00,12.6,reservee,terminee
session_3134,hub_rabat,hub_rabat_borne_2,2025-11-18 15:45:00,2025-11-18 16:05:00,14.4,reservee,terminee
session_3135,hub_rabat,hub_rabat_borne_4,2025-11-18 16:55:00,2025-11-18 18:14:00,31.3,reservee,terminee
session_3136,hub_rabat,hub_rabat_borne_3,2025-11-18 16:48:00,2025-11-18 17:38:00,16.2,walk_in,terminee
session_3137,hub_rabat,hub_rabat_borne_5,2025-11-19 22:26:00,2025-11-19 23:52:00,37.0,reservee,terminee
session_3138,hub_rabat,hub_rabat_borne_5,2025-11-19 16:04:00,2025-11-19 16:48:00,26.3,reservee,terminee
session_3139,hub_rabat,hub_rabat_borne_4,2025-11-19 18:57:00,2025-11-19 20:17:00,13.1,reservee,terminee
session_3140,hub_rabat,hub_rabat_borne_2,2025-11-19 17:54:00,2025-11-19 19:23:00,13.5,reservee,terminee
session_3141,hub_rabat,hub_rabat_borne_2,2025-11-20 17:25:00,2025-11-20 18:01:00,34.6,walk_in,terminee
session_3142,hub_rabat,hub_rabat_borne_4,2025-11-20 14:49:00,2025-11-20 15:20:00,36.1,reservee,terminee
session_3143,hub_rabat,hub_rabat_borne_2,2025-11-21 20:34:00,2025-11-21 20:55:00,32.1,reservee,terminee
session_3144,hub_rabat,hub_rabat_borne_4,2025-11-21 13:44:00,2025-11-21 15:03:00,21.2,walk_in,terminee
session_3145,hub_rabat,hub_rabat_borne_6,2025-11-21 16:40:00,2025-11-21 17:22:00,21.2,reservee,terminee
session_3146,hub_rabat,hub_rabat_borne_3,2025-11-22 13:31:00,2025-11-22 14:56:00,23.8,reservee,terminee
session_3147,hub_rabat,hub_rabat_borne_6,2025-11-22 12:41:00,2025-11-22 13:05:00,29.3,reservee,terminee
session_3148,hub_rabat,hub_rabat_borne_2,2025-11-22 14:37:00,2025-11-22 15:48:00,13.1,walk_in,terminee
session_3149,hub_rabat,hub_rabat_borne_2,2025-11-22 14:24:00,2025-11-22 14:48:00,14.8,reservee,terminee
session_3150,hub_rabat,hub_rabat_borne_6,2025-11-22 16:04:00,2025-11-22 16:59:00,14.3,reservee,terminee
session_3151,hub_rabat,hub_rabat_borne_5,2025-11-23 07:30:00,2025-11-23 08:15:00,22.4,reservee,terminee
session_3152,hub_rabat,hub_rabat_borne_6,2025-11-23 15:34:00,2025-11-23 16:07:00,18.1,reservee,terminee
session_3153,hub_rabat,hub_rabat_borne_5,2025-11-23 13:57:00,2025-11-23 14:51:00,14.0,walk_in,terminee
session_3154,hub_rabat,hub_rabat_borne_2,2025-11-23 13:49:00,2025-11-23 14:37:00,24.5,reservee,terminee
session_3155,hub_rabat,hub_rabat_borne_6,2025-11-24 16:29:00,2025-11-24 17:15:00,8.4,reservee,terminee
session_3156,hub_rabat,hub_rabat_borne_3,2025-11-24 16:47:00,2025-11-24 17:28:00,37.9,reservee,terminee
session_3157,hub_rabat,hub_rabat_borne_2,2025-11-25 16:31:00,2025-11-25 17:49:00,24.8,reservee,terminee
session_3158,hub_rabat,hub_rabat_borne_6,2025-11-25 21:46:00,2025-11-25 22:14:00,30.6,reservee,terminee
session_3159,hub_rabat,hub_rabat_borne_3,2025-11-25 17:32:00,2025-11-25 18:53:00,21.5,reservee,terminee
session_3160,hub_rabat,hub_rabat_borne_1,2025-11-25 18:39:00,2025-11-25 19:27:00,13.5,walk_in,terminee
session_3161,hub_rabat,hub_rabat_borne_4,2025-11-25 16:04:00,2025-11-25 16:52:00,23.9,walk_in,terminee
session_3162,hub_rabat,hub_rabat_borne_4,2025-11-25 15:49:00,2025-11-25 16:29:00,38.6,reservee,terminee
session_3163,hub_rabat,hub_rabat_borne_3,2025-11-26 22:28:00,2025-11-26 23:32:00,38.0,walk_in,terminee
session_3164,hub_rabat,hub_rabat_borne_3,2025-11-26 18:10:00,2025-11-26 18:59:00,32.7,walk_in,terminee
session_3165,hub_rabat,hub_rabat_borne_4,2025-11-26 18:30:00,2025-11-26 19:16:00,31.0,reservee,terminee
session_3166,hub_rabat,hub_rabat_borne_6,2025-11-26 19:51:00,2025-11-26 21:12:00,22.9,reservee,terminee
session_3167,hub_rabat,hub_rabat_borne_2,2025-11-26 15:16:00,2025-11-26 16:35:00,12.0,walk_in,terminee
session_3168,hub_rabat,hub_rabat_borne_4,2025-11-27 22:36:00,2025-11-27 23:39:00,6.3,reservee,terminee
session_3169,hub_rabat,hub_rabat_borne_6,2025-11-27 17:41:00,2025-11-27 18:08:00,7.6,reservee,terminee
session_3170,hub_rabat,hub_rabat_borne_5,2025-11-27 15:37:00,2025-11-27 16:41:00,35.1,reservee,terminee
session_3171,hub_rabat,hub_rabat_borne_4,2025-11-27 14:25:00,2025-11-27 15:54:00,24.4,reservee,terminee
session_3172,hub_rabat,hub_rabat_borne_5,2025-11-27 15:23:00,2025-11-27 16:27:00,39.6,reservee,terminee
session_3173,hub_rabat,hub_rabat_borne_5,2025-11-27 21:53:00,2025-11-27 23:03:00,26.5,reservee,terminee
session_3174,hub_rabat,hub_rabat_borne_2,2025-11-28 18:45:00,2025-11-28 19:16:00,10.1,reservee,terminee
session_3175,hub_rabat,hub_rabat_borne_4,2025-11-28 20:04:00,2025-11-28 20:45:00,35.6,reservee,terminee
session_3176,hub_rabat,hub_rabat_borne_4,2025-11-28 21:31:00,2025-11-28 22:26:00,5.6,reservee,terminee
session_3177,hub_rabat,hub_rabat_borne_2,2025-11-28 18:57:00,2025-11-28 19:45:00,21.5,walk_in,terminee
session_3178,hub_rabat,hub_rabat_borne_5,2025-11-28 16:29:00,2025-11-28 17:51:00,25.3,walk_in,terminee
session_3179,hub_rabat,hub_rabat_borne_1,2025-11-29 12:56:00,2025-11-29 13:22:00,30.6,walk_in,terminee
session_3180,hub_rabat,hub_rabat_borne_1,2025-11-29 08:23:00,2025-11-29 09:41:00,22.3,reservee,terminee
session_3181,hub_rabat,hub_rabat_borne_1,2025-11-29 14:27:00,2025-11-29 14:49:00,27.1,reservee,terminee
session_3182,hub_rabat,hub_rabat_borne_5,2025-11-29 17:51:00,2025-11-29 18:22:00,26.1,walk_in,terminee
session_3183,hub_rabat,hub_rabat_borne_6,2025-11-29 14:07:00,2025-11-29 14:33:00,26.2,reservee,terminee
session_3184,hub_rabat,hub_rabat_borne_6,2025-11-29 18:42:00,2025-11-29 20:10:00,29.3,reservee,terminee
session_3185,hub_rabat,hub_rabat_borne_1,2025-11-29 19:48:00,2025-11-29 20:33:00,37.3,reservee,terminee
session_3186,hub_rabat,hub_rabat_borne_2,2025-11-29 15:50:00,2025-11-29 17:10:00,8.5,reservee,terminee
session_3187,hub_rabat,hub_rabat_borne_4,2025-11-29 12:54:00,2025-11-29 13:30:00,26.0,reservee,terminee
session_3188,hub_rabat,hub_rabat_borne_5,2025-11-30 14:35:00,2025-11-30 15:39:00,30.2,reservee,terminee
session_3189,hub_rabat,hub_rabat_borne_4,2025-11-30 16:54:00,2025-11-30 17:25:00,24.8,walk_in,terminee
session_3190,hub_rabat,hub_rabat_borne_6,2025-11-30 16:14:00,2025-11-30 17:16:00,16.8,walk_in,terminee
session_3191,hub_rabat,hub_rabat_borne_4,2025-11-30 14:15:00,2025-11-30 15:03:00,29.2,walk_in,terminee
session_3192,hub_rabat,hub_rabat_borne_3,2025-11-30 08:20:00,2025-11-30 09:24:00,31.6,walk_in,terminee
session_3193,hub_rabat,hub_rabat_borne_6,2025-12-01 17:52:00,2025-12-01 19:18:00,21.0,walk_in,terminee
session_3194,hub_rabat,hub_rabat_borne_5,2025-12-01 16:25:00,2025-12-01 17:43:00,31.7,reservee,terminee
session_3195,hub_rabat,hub_rabat_borne_3,2025-12-01 22:14:00,2025-12-01 23:18:00,16.2,reservee,terminee
session_3196,hub_rabat,hub_rabat_borne_3,2025-12-01 20:22:00,2025-12-01 20:45:00,6.4,walk_in,terminee
session_3197,hub_rabat,hub_rabat_borne_1,2025-12-01 18:01:00,2025-12-01 18:26:00,11.9,reservee,terminee
session_3198,hub_rabat,hub_rabat_borne_6,2025-12-01 20:23:00,2025-12-01 21:20:00,8.9,walk_in,terminee
session_3199,hub_rabat,hub_rabat_borne_1,2025-12-01 19:07:00,2025-12-01 19:37:00,27.0,reservee,terminee
session_3200,hub_rabat,hub_rabat_borne_1,2025-12-01 20:36:00,2025-12-01 21:11:00,33.8,reservee,terminee
session_3201,hub_rabat,hub_rabat_borne_2,2025-12-02 19:15:00,2025-12-02 20:28:00,14.8,reservee,terminee
session_3202,hub_rabat,hub_rabat_borne_5,2025-12-02 18:05:00,2025-12-02 18:56:00,33.4,walk_in,terminee
session_3203,hub_rabat,hub_rabat_borne_3,2025-12-02 22:05:00,2025-12-02 22:50:00,22.1,reservee,terminee
session_3204,hub_rabat,hub_rabat_borne_6,2025-12-02 19:24:00,2025-12-02 20:11:00,6.0,reservee,terminee
session_3205,hub_rabat,hub_rabat_borne_1,2025-12-02 14:20:00,2025-12-02 15:26:00,19.4,reservee,terminee
session_3206,hub_rabat,hub_rabat_borne_6,2025-12-02 21:23:00,2025-12-02 22:43:00,17.5,reservee,terminee
session_3207,hub_rabat,hub_rabat_borne_2,2025-12-02 16:34:00,2025-12-02 17:59:00,21.5,reservee,terminee
session_3208,hub_rabat,hub_rabat_borne_1,2025-12-02 19:31:00,2025-12-02 20:04:00,20.9,reservee,terminee
session_3209,hub_rabat,hub_rabat_borne_6,2025-12-03 18:19:00,2025-12-03 19:33:00,10.1,reservee,terminee
session_3210,hub_rabat,hub_rabat_borne_6,2025-12-04 15:07:00,2025-12-04 16:21:00,26.1,reservee,terminee
session_3211,hub_rabat,hub_rabat_borne_5,2025-12-04 16:07:00,2025-12-04 17:18:00,36.0,reservee,terminee
session_3212,hub_rabat,hub_rabat_borne_5,2025-12-04 18:34:00,2025-12-04 19:24:00,8.1,reservee,terminee
session_3213,hub_rabat,hub_rabat_borne_6,2025-12-04 20:03:00,2025-12-04 20:56:00,35.6,walk_in,terminee
session_3214,hub_rabat,hub_rabat_borne_3,2025-12-04 17:50:00,2025-12-04 18:20:00,14.7,reservee,terminee
session_3215,hub_rabat,hub_rabat_borne_1,2025-12-05 19:34:00,2025-12-05 20:44:00,12.2,reservee,terminee
session_3216,hub_rabat,hub_rabat_borne_3,2025-12-05 20:13:00,2025-12-05 20:42:00,16.2,walk_in,terminee
session_3217,hub_rabat,hub_rabat_borne_2,2025-12-05 20:05:00,2025-12-05 20:31:00,22.3,reservee,terminee
session_3218,hub_rabat,hub_rabat_borne_5,2025-12-05 14:50:00,2025-12-05 15:17:00,39.0,walk_in,terminee
session_3219,hub_rabat,hub_rabat_borne_2,2025-12-05 19:55:00,2025-12-05 20:47:00,10.2,reservee,terminee
session_3220,hub_rabat,hub_rabat_borne_5,2025-12-05 20:28:00,2025-12-05 21:39:00,13.6,reservee,terminee
session_3221,hub_rabat,hub_rabat_borne_3,2025-12-05 16:24:00,2025-12-05 16:55:00,31.6,reservee,terminee
session_3222,hub_rabat,hub_rabat_borne_4,2025-12-06 09:45:00,2025-12-06 10:38:00,12.8,reservee,terminee
session_3223,hub_rabat,hub_rabat_borne_4,2025-12-06 16:29:00,2025-12-06 17:51:00,19.4,reservee,terminee
session_3224,hub_rabat,hub_rabat_borne_6,2025-12-06 08:00:00,2025-12-06 09:19:00,38.4,walk_in,terminee
session_3225,hub_rabat,hub_rabat_borne_4,2025-12-06 13:32:00,2025-12-06 14:50:00,36.0,reservee,terminee
session_3226,hub_rabat,hub_rabat_borne_6,2025-12-06 17:01:00,2025-12-06 17:28:00,6.6,walk_in,terminee
session_3227,hub_rabat,hub_rabat_borne_1,2025-12-06 11:42:00,2025-12-06 12:02:00,32.8,reservee,terminee
session_3228,hub_rabat,hub_rabat_borne_6,2025-12-06 14:46:00,2025-12-06 15:50:00,23.2,walk_in,terminee
session_3229,hub_rabat,hub_rabat_borne_2,2025-12-06 11:52:00,2025-12-06 12:14:00,28.0,walk_in,terminee
session_3230,hub_rabat,hub_rabat_borne_6,2025-12-07 15:23:00,2025-12-07 16:07:00,16.2,walk_in,terminee
session_3231,hub_rabat,hub_rabat_borne_1,2025-12-07 12:58:00,2025-12-07 13:42:00,19.5,reservee,terminee
session_3232,hub_rabat,hub_rabat_borne_3,2025-12-07 18:00:00,2025-12-07 18:51:00,31.1,reservee,terminee
session_3233,hub_rabat,hub_rabat_borne_6,2025-12-07 14:26:00,2025-12-07 15:22:00,32.1,walk_in,terminee
session_3234,hub_rabat,hub_rabat_borne_6,2025-12-07 12:27:00,2025-12-07 13:45:00,38.0,reservee,terminee
session_3235,hub_rabat,hub_rabat_borne_3,2025-12-07 07:45:00,2025-12-07 09:14:00,19.9,reservee,terminee
session_3236,hub_rabat,hub_rabat_borne_6,2025-12-08 17:09:00,2025-12-08 17:44:00,31.0,reservee,terminee
session_3237,hub_rabat,hub_rabat_borne_4,2025-12-08 22:32:00,2025-12-08 23:15:00,32.9,reservee,terminee
session_3238,hub_rabat,hub_rabat_borne_5,2025-12-08 18:29:00,2025-12-08 19:50:00,12.1,walk_in,terminee
session_3239,hub_rabat,hub_rabat_borne_1,2025-12-08 15:58:00,2025-12-08 16:20:00,24.4,reservee,terminee
session_3240,hub_rabat,hub_rabat_borne_3,2025-12-09 17:42:00,2025-12-09 18:33:00,6.6,walk_in,terminee
session_3241,hub_rabat,hub_rabat_borne_4,2025-12-09 20:15:00,2025-12-09 21:05:00,22.1,reservee,terminee
session_3242,hub_rabat,hub_rabat_borne_6,2025-12-10 18:13:00,2025-12-10 18:52:00,36.7,walk_in,terminee
session_3243,hub_rabat,hub_rabat_borne_5,2025-12-10 18:25:00,2025-12-10 19:02:00,34.0,walk_in,terminee
session_3244,hub_rabat,hub_rabat_borne_1,2025-12-10 18:56:00,2025-12-10 20:01:00,35.4,reservee,terminee
session_3245,hub_rabat,hub_rabat_borne_5,2025-12-10 19:40:00,2025-12-10 20:09:00,34.4,walk_in,terminee
session_3246,hub_rabat,hub_rabat_borne_2,2025-12-10 22:47:00,2025-12-11 00:12:00,17.3,walk_in,terminee
session_3247,hub_rabat,hub_rabat_borne_4,2025-12-10 20:53:00,2025-12-10 22:01:00,10.3,walk_in,terminee
session_3248,hub_rabat,hub_rabat_borne_5,2025-12-10 13:20:00,2025-12-10 14:31:00,33.9,reservee,terminee
session_3249,hub_rabat,hub_rabat_borne_2,2025-12-10 13:52:00,2025-12-10 14:55:00,21.1,walk_in,terminee
session_3250,hub_rabat,hub_rabat_borne_1,2025-12-11 14:45:00,2025-12-11 15:20:00,37.3,walk_in,terminee
session_3251,hub_rabat,hub_rabat_borne_2,2025-12-11 15:07:00,2025-12-11 15:40:00,31.4,walk_in,terminee
session_3252,hub_rabat,hub_rabat_borne_2,2025-12-12 18:37:00,2025-12-12 19:28:00,36.3,reservee,terminee
session_3253,hub_rabat,hub_rabat_borne_5,2025-12-12 15:29:00,2025-12-12 16:26:00,14.3,walk_in,terminee
session_3254,hub_rabat,hub_rabat_borne_2,2025-12-12 17:47:00,2025-12-12 19:11:00,23.8,reservee,terminee
session_3255,hub_rabat,hub_rabat_borne_3,2025-12-12 16:13:00,2025-12-12 17:08:00,28.9,reservee,terminee
session_3256,hub_rabat,hub_rabat_borne_4,2025-12-13 13:00:00,2025-12-13 13:58:00,26.0,reservee,terminee
session_3257,hub_rabat,hub_rabat_borne_3,2025-12-13 15:31:00,2025-12-13 16:04:00,33.9,walk_in,terminee
session_3258,hub_rabat,hub_rabat_borne_4,2025-12-13 09:46:00,2025-12-13 10:19:00,16.2,walk_in,terminee
session_3259,hub_rabat,hub_rabat_borne_4,2025-12-13 11:06:00,2025-12-13 12:04:00,25.6,reservee,terminee
session_3260,hub_rabat,hub_rabat_borne_1,2025-12-14 10:11:00,2025-12-14 11:15:00,13.0,reservee,terminee
session_3261,hub_rabat,hub_rabat_borne_5,2025-12-14 12:25:00,2025-12-14 12:54:00,16.8,reservee,terminee
session_3262,hub_rabat,hub_rabat_borne_5,2025-12-14 11:09:00,2025-12-14 11:34:00,5.9,reservee,terminee
session_3263,hub_rabat,hub_rabat_borne_2,2025-12-14 17:23:00,2025-12-14 18:51:00,32.7,reservee,terminee
session_3264,hub_rabat,hub_rabat_borne_1,2025-12-15 17:04:00,2025-12-15 17:28:00,9.1,walk_in,terminee
session_3265,hub_rabat,hub_rabat_borne_1,2025-12-16 22:28:00,2025-12-16 23:24:00,19.7,reservee,terminee
session_3266,hub_rabat,hub_rabat_borne_3,2025-12-16 21:01:00,2025-12-16 22:08:00,26.6,walk_in,terminee
session_3267,hub_rabat,hub_rabat_borne_3,2025-12-17 20:30:00,2025-12-17 20:54:00,13.3,walk_in,terminee
session_3268,hub_rabat,hub_rabat_borne_3,2025-12-17 17:03:00,2025-12-17 18:27:00,38.5,walk_in,terminee
session_3269,hub_rabat,hub_rabat_borne_3,2025-12-17 19:21:00,2025-12-17 20:02:00,32.5,reservee,terminee
session_3270,hub_rabat,hub_rabat_borne_5,2025-12-17 14:51:00,2025-12-17 15:41:00,19.6,reservee,terminee
session_3271,hub_rabat,hub_rabat_borne_2,2025-12-17 22:52:00,2025-12-17 23:44:00,37.6,reservee,terminee
session_3272,hub_rabat,hub_rabat_borne_2,2025-12-17 16:01:00,2025-12-17 17:20:00,7.8,reservee,terminee
session_3273,hub_rabat,hub_rabat_borne_4,2025-12-18 15:07:00,2025-12-18 16:33:00,33.5,walk_in,terminee
session_3274,hub_rabat,hub_rabat_borne_5,2025-12-18 20:17:00,2025-12-18 21:03:00,11.4,walk_in,terminee
session_3275,hub_rabat,hub_rabat_borne_4,2025-12-18 12:52:00,2025-12-18 14:13:00,10.5,reservee,terminee
session_3276,hub_rabat,hub_rabat_borne_3,2025-12-18 22:40:00,2025-12-18 23:51:00,30.2,reservee,terminee
session_3277,hub_rabat,hub_rabat_borne_2,2025-12-18 15:35:00,2025-12-18 17:04:00,33.5,walk_in,terminee
session_3278,hub_rabat,hub_rabat_borne_1,2025-12-18 17:24:00,2025-12-18 18:16:00,16.6,reservee,terminee
session_3279,hub_rabat,hub_rabat_borne_5,2025-12-19 16:57:00,2025-12-19 18:21:00,8.9,walk_in,terminee
session_3280,hub_rabat,hub_rabat_borne_1,2025-12-19 15:36:00,2025-12-19 16:07:00,33.6,reservee,terminee
session_3281,hub_rabat,hub_rabat_borne_1,2025-12-19 19:47:00,2025-12-19 21:02:00,21.9,walk_in,terminee
session_3282,hub_rabat,hub_rabat_borne_1,2025-12-19 14:39:00,2025-12-19 15:15:00,20.8,walk_in,terminee
session_3283,hub_rabat,hub_rabat_borne_4,2025-12-19 13:32:00,2025-12-19 14:32:00,36.0,walk_in,terminee
session_3284,hub_rabat,hub_rabat_borne_1,2025-12-19 20:11:00,2025-12-19 20:36:00,15.2,walk_in,terminee
session_3285,hub_rabat,hub_rabat_borne_6,2025-12-19 19:53:00,2025-12-19 20:42:00,19.8,reservee,terminee
session_3286,hub_rabat,hub_rabat_borne_2,2025-12-20 18:55:00,2025-12-20 19:31:00,36.9,reservee,terminee
session_3287,hub_rabat,hub_rabat_borne_5,2025-12-20 11:00:00,2025-12-20 11:57:00,30.4,walk_in,terminee
session_3288,hub_rabat,hub_rabat_borne_6,2025-12-20 11:50:00,2025-12-20 12:32:00,13.2,reservee,terminee
session_3289,hub_rabat,hub_rabat_borne_1,2025-12-20 09:06:00,2025-12-20 10:13:00,10.1,reservee,terminee
session_3290,hub_rabat,hub_rabat_borne_1,2025-12-20 16:16:00,2025-12-20 16:57:00,27.4,walk_in,terminee
session_3291,hub_rabat,hub_rabat_borne_2,2025-12-21 10:47:00,2025-12-21 11:16:00,11.2,reservee,terminee
session_3292,hub_rabat,hub_rabat_borne_6,2025-12-21 10:43:00,2025-12-21 11:16:00,37.0,reservee,terminee
session_3293,hub_rabat,hub_rabat_borne_3,2025-12-21 14:26:00,2025-12-21 15:01:00,28.2,walk_in,terminee
session_3294,hub_rabat,hub_rabat_borne_2,2025-12-21 14:04:00,2025-12-21 14:24:00,36.7,walk_in,terminee
session_3295,hub_rabat,hub_rabat_borne_1,2025-12-21 14:05:00,2025-12-21 15:22:00,33.4,walk_in,terminee
session_3296,hub_rabat,hub_rabat_borne_1,2025-12-21 14:07:00,2025-12-21 15:22:00,19.4,walk_in,terminee
session_3297,hub_rabat,hub_rabat_borne_6,2025-12-22 13:10:00,2025-12-22 14:25:00,9.7,walk_in,terminee
session_3298,hub_rabat,hub_rabat_borne_5,2025-12-22 17:14:00,2025-12-22 17:58:00,15.4,walk_in,terminee
session_3299,hub_rabat,hub_rabat_borne_3,2025-12-23 19:16:00,2025-12-23 19:48:00,30.1,reservee,terminee
session_3300,hub_rabat,hub_rabat_borne_6,2025-12-24 18:06:00,2025-12-24 18:57:00,26.6,reservee,terminee
session_3301,hub_rabat,hub_rabat_borne_5,2025-12-24 16:47:00,2025-12-24 17:24:00,8.3,reservee,terminee
session_3302,hub_rabat,hub_rabat_borne_6,2025-12-24 21:33:00,2025-12-24 22:51:00,28.1,walk_in,terminee
session_3303,hub_rabat,hub_rabat_borne_1,2025-12-24 16:50:00,2025-12-24 17:53:00,14.3,reservee,terminee
session_3304,hub_rabat,hub_rabat_borne_1,2025-12-24 17:57:00,2025-12-24 19:10:00,32.1,walk_in,terminee
session_3305,hub_rabat,hub_rabat_borne_6,2025-12-24 19:43:00,2025-12-24 20:21:00,22.5,reservee,terminee
session_3306,hub_rabat,hub_rabat_borne_1,2025-12-24 22:16:00,2025-12-24 22:48:00,12.6,walk_in,terminee
session_3307,hub_rabat,hub_rabat_borne_5,2025-12-25 21:45:00,2025-12-25 23:08:00,23.4,walk_in,terminee
session_3308,hub_rabat,hub_rabat_borne_3,2025-12-25 20:44:00,2025-12-25 21:07:00,6.3,walk_in,terminee
session_3309,hub_rabat,hub_rabat_borne_6,2025-12-26 22:17:00,2025-12-26 23:11:00,33.9,walk_in,terminee
session_3310,hub_rabat,hub_rabat_borne_2,2025-12-26 16:49:00,2025-12-26 17:15:00,9.1,reservee,terminee
session_3311,hub_rabat,hub_rabat_borne_1,2025-12-27 16:49:00,2025-12-27 17:56:00,15.1,walk_in,terminee
session_3312,hub_rabat,hub_rabat_borne_5,2025-12-27 15:45:00,2025-12-27 16:10:00,26.9,walk_in,terminee
session_3313,hub_rabat,hub_rabat_borne_4,2025-12-27 06:51:00,2025-12-27 07:58:00,21.1,walk_in,terminee
session_3314,hub_rabat,hub_rabat_borne_2,2025-12-27 11:31:00,2025-12-27 12:29:00,19.4,reservee,terminee
session_3315,hub_rabat,hub_rabat_borne_5,2025-12-27 10:13:00,2025-12-27 11:03:00,9.1,walk_in,terminee
session_3316,hub_rabat,hub_rabat_borne_1,2025-12-27 09:14:00,2025-12-27 10:33:00,30.2,walk_in,terminee
session_3317,hub_rabat,hub_rabat_borne_5,2025-12-27 16:41:00,2025-12-27 17:11:00,24.2,reservee,terminee
session_3318,hub_rabat,hub_rabat_borne_6,2025-12-27 10:18:00,2025-12-27 11:25:00,16.8,walk_in,terminee
session_3319,hub_rabat,hub_rabat_borne_4,2025-12-27 15:30:00,2025-12-27 16:51:00,13.6,walk_in,terminee
session_3320,hub_rabat,hub_rabat_borne_5,2025-12-27 15:24:00,2025-12-27 15:48:00,25.9,walk_in,terminee
session_3321,hub_rabat,hub_rabat_borne_5,2025-12-28 12:37:00,2025-12-28 13:25:00,34.6,reservee,terminee
session_3322,hub_rabat,hub_rabat_borne_4,2025-12-28 14:15:00,2025-12-28 15:07:00,30.2,walk_in,terminee
session_3323,hub_rabat,hub_rabat_borne_4,2025-12-28 16:31:00,2025-12-28 17:35:00,8.0,walk_in,terminee
session_3324,hub_rabat,hub_rabat_borne_2,2025-12-29 15:47:00,2025-12-29 16:47:00,14.5,reservee,terminee
session_3325,hub_rabat,hub_rabat_borne_6,2025-12-29 18:39:00,2025-12-29 19:43:00,19.0,walk_in,terminee
session_3326,hub_rabat,hub_rabat_borne_5,2025-12-29 14:16:00,2025-12-29 15:08:00,20.1,walk_in,terminee
session_3327,hub_rabat,hub_rabat_borne_6,2025-12-29 21:51:00,2025-12-29 22:27:00,31.2,walk_in,terminee
session_3328,hub_rabat,hub_rabat_borne_1,2025-12-30 20:24:00,2025-12-30 20:57:00,23.5,walk_in,terminee
session_3329,hub_rabat,hub_rabat_borne_6,2025-12-31 22:07:00,2025-12-31 22:30:00,19.5,reservee,terminee
session_3330,hub_rabat,hub_rabat_borne_6,2025-12-31 19:49:00,2025-12-31 20:40:00,12.8,reservee,terminee
session_3331,hub_rabat,hub_rabat_borne_3,2025-12-31 20:07:00,2025-12-31 21:15:00,12.9,reservee,terminee
session_3332,hub_rabat,hub_rabat_borne_1,2025-12-31 22:07:00,2025-12-31 23:27:00,8.4,reservee,terminee
session_3333,hub_rabat,hub_rabat_borne_2,2025-12-31 17:58:00,2025-12-31 19:02:00,27.5,reservee,terminee
session_3334,hub_rabat,hub_rabat_borne_6,2025-12-31 18:46:00,2025-12-31 20:02:00,6.3,reservee,terminee
session_3335,hub_rabat,hub_rabat_borne_6,2025-12-31 17:16:00,2025-12-31 18:04:00,10.5,walk_in,terminee
session_3336,hub_rabat,hub_rabat_borne_3,2025-12-31 18:27:00,2025-12-31 19:15:00,22.2,walk_in,terminee
session_3337,hub_rabat,hub_rabat_borne_5,2025-12-31 17:37:00,2025-12-31 18:55:00,26.7,reservee,terminee
session_3338,hub_rabat,hub_rabat_borne_1,2025-12-31 19:42:00,2025-12-31 20:55:00,29.3,reservee,terminee
session_3339,hub_tanger,hub_tanger_borne_2,2025-01-01 15:05:00,2025-01-01 16:16:00,18.4,walk_in,terminee
session_3340,hub_tanger,hub_tanger_borne_2,2025-01-01 14:43:00,2025-01-01 15:56:00,20.0,walk_in,terminee
session_3341,hub_tanger,hub_tanger_borne_2,2025-01-01 16:46:00,2025-01-01 17:40:00,13.2,walk_in,terminee
session_3342,hub_tanger,hub_tanger_borne_2,2025-01-01 17:22:00,2025-01-01 17:53:00,39.5,walk_in,terminee
session_3343,hub_tanger,hub_tanger_borne_3,2025-01-01 20:45:00,2025-01-01 21:47:00,30.3,reservee,terminee
session_3344,hub_tanger,hub_tanger_borne_1,2025-01-01 21:45:00,2025-01-01 22:57:00,31.4,reservee,terminee
session_3345,hub_tanger,hub_tanger_borne_2,2025-01-01 16:25:00,2025-01-01 17:33:00,14.5,walk_in,terminee
session_3346,hub_tanger,hub_tanger_borne_4,2025-01-01 18:46:00,2025-01-01 19:48:00,14.6,reservee,terminee
session_3347,hub_tanger,hub_tanger_borne_3,2025-01-02 22:34:00,2025-01-02 23:47:00,26.1,reservee,terminee
session_3348,hub_tanger,hub_tanger_borne_4,2025-01-02 16:18:00,2025-01-02 17:21:00,38.0,reservee,terminee
session_3349,hub_tanger,hub_tanger_borne_2,2025-01-03 16:25:00,2025-01-03 17:01:00,38.5,reservee,terminee
session_3350,hub_tanger,hub_tanger_borne_2,2025-01-03 17:08:00,2025-01-03 17:52:00,32.3,walk_in,terminee
session_3351,hub_tanger,hub_tanger_borne_2,2025-01-03 18:48:00,2025-01-03 19:08:00,33.9,reservee,terminee
session_3352,hub_tanger,hub_tanger_borne_4,2025-01-03 18:48:00,2025-01-03 19:09:00,23.4,walk_in,terminee
session_3353,hub_tanger,hub_tanger_borne_1,2025-01-03 19:21:00,2025-01-03 20:13:00,7.8,reservee,terminee
session_3354,hub_tanger,hub_tanger_borne_1,2025-01-04 11:32:00,2025-01-04 12:37:00,32.3,walk_in,terminee
session_3355,hub_tanger,hub_tanger_borne_3,2025-01-04 13:37:00,2025-01-04 14:14:00,24.6,reservee,terminee
session_3356,hub_tanger,hub_tanger_borne_4,2025-01-04 14:13:00,2025-01-04 15:17:00,8.2,reservee,terminee
session_3357,hub_tanger,hub_tanger_borne_4,2025-01-05 18:34:00,2025-01-05 18:54:00,9.8,reservee,terminee
session_3358,hub_tanger,hub_tanger_borne_2,2025-01-05 13:24:00,2025-01-05 14:17:00,20.3,reservee,terminee
session_3359,hub_tanger,hub_tanger_borne_4,2025-01-05 12:48:00,2025-01-05 13:28:00,15.9,reservee,terminee
session_3360,hub_tanger,hub_tanger_borne_1,2025-01-05 19:26:00,2025-01-05 20:13:00,33.6,walk_in,terminee
session_3361,hub_tanger,hub_tanger_borne_4,2025-01-05 13:26:00,2025-01-05 14:52:00,22.6,walk_in,terminee
session_3362,hub_tanger,hub_tanger_borne_4,2025-01-06 19:18:00,2025-01-06 20:25:00,23.9,walk_in,terminee
session_3363,hub_tanger,hub_tanger_borne_3,2025-01-06 17:03:00,2025-01-06 17:46:00,23.2,walk_in,terminee
session_3364,hub_tanger,hub_tanger_borne_3,2025-01-07 10:31:00,2025-01-07 11:47:00,18.7,reservee,terminee
session_3365,hub_tanger,hub_tanger_borne_3,2025-01-07 14:24:00,2025-01-07 14:54:00,31.0,reservee,terminee
session_3366,hub_tanger,hub_tanger_borne_2,2025-01-07 21:25:00,2025-01-07 22:25:00,28.9,walk_in,terminee
session_3367,hub_tanger,hub_tanger_borne_1,2025-01-08 17:27:00,2025-01-08 18:52:00,10.5,walk_in,terminee
session_3368,hub_tanger,hub_tanger_borne_3,2025-01-08 19:39:00,2025-01-08 20:00:00,31.0,reservee,terminee
session_3369,hub_tanger,hub_tanger_borne_1,2025-01-08 17:03:00,2025-01-08 17:36:00,36.9,reservee,terminee
session_3370,hub_tanger,hub_tanger_borne_2,2025-01-09 22:15:00,2025-01-09 23:18:00,39.1,reservee,terminee
session_3371,hub_tanger,hub_tanger_borne_3,2025-01-09 18:39:00,2025-01-09 19:39:00,27.8,reservee,terminee
session_3372,hub_tanger,hub_tanger_borne_2,2025-01-09 13:22:00,2025-01-09 14:31:00,11.0,reservee,terminee
session_3373,hub_tanger,hub_tanger_borne_1,2025-01-09 12:31:00,2025-01-09 13:07:00,37.8,reservee,terminee
session_3374,hub_tanger,hub_tanger_borne_4,2025-01-09 12:50:00,2025-01-09 13:22:00,18.8,walk_in,terminee
session_3375,hub_tanger,hub_tanger_borne_2,2025-01-10 17:16:00,2025-01-10 18:12:00,22.0,walk_in,terminee
session_3376,hub_tanger,hub_tanger_borne_4,2025-01-10 18:30:00,2025-01-10 19:21:00,24.8,reservee,terminee
session_3377,hub_tanger,hub_tanger_borne_1,2025-01-11 15:51:00,2025-01-11 16:47:00,19.4,walk_in,terminee
session_3378,hub_tanger,hub_tanger_borne_4,2025-01-11 16:29:00,2025-01-11 17:13:00,28.2,walk_in,terminee
session_3379,hub_tanger,hub_tanger_borne_4,2025-01-11 12:26:00,2025-01-11 13:32:00,15.3,reservee,terminee
session_3380,hub_tanger,hub_tanger_borne_2,2025-01-11 13:30:00,2025-01-11 14:16:00,28.7,walk_in,terminee
session_3381,hub_tanger,hub_tanger_borne_3,2025-01-11 14:39:00,2025-01-11 15:12:00,5.2,walk_in,terminee
session_3382,hub_tanger,hub_tanger_borne_1,2025-01-11 12:37:00,2025-01-11 13:22:00,18.3,walk_in,terminee
session_3383,hub_tanger,hub_tanger_borne_4,2025-01-12 17:43:00,2025-01-12 18:18:00,19.1,reservee,terminee
session_3384,hub_tanger,hub_tanger_borne_3,2025-01-12 18:54:00,2025-01-12 19:28:00,17.2,walk_in,terminee
session_3385,hub_tanger,hub_tanger_borne_3,2025-01-12 13:17:00,2025-01-12 14:10:00,35.9,walk_in,terminee
session_3386,hub_tanger,hub_tanger_borne_3,2025-01-12 14:54:00,2025-01-12 15:50:00,11.4,reservee,terminee
session_3387,hub_tanger,hub_tanger_borne_2,2025-01-12 16:29:00,2025-01-12 17:10:00,28.3,reservee,terminee
session_3388,hub_tanger,hub_tanger_borne_4,2025-01-12 17:42:00,2025-01-12 18:40:00,7.7,reservee,terminee
session_3389,hub_tanger,hub_tanger_borne_1,2025-01-13 18:56:00,2025-01-13 19:35:00,36.7,reservee,terminee
session_3390,hub_tanger,hub_tanger_borne_1,2025-01-13 18:14:00,2025-01-13 19:35:00,28.6,walk_in,terminee
session_3391,hub_tanger,hub_tanger_borne_3,2025-01-14 19:19:00,2025-01-14 20:08:00,18.5,reservee,terminee
session_3392,hub_tanger,hub_tanger_borne_4,2025-01-14 18:19:00,2025-01-14 19:45:00,38.2,walk_in,terminee
session_3393,hub_tanger,hub_tanger_borne_3,2025-01-14 18:21:00,2025-01-14 19:13:00,30.2,walk_in,terminee
session_3394,hub_tanger,hub_tanger_borne_3,2025-01-14 18:55:00,2025-01-14 19:53:00,36.6,walk_in,terminee
session_3395,hub_tanger,hub_tanger_borne_2,2025-01-14 13:48:00,2025-01-14 14:16:00,10.6,walk_in,terminee
session_3396,hub_tanger,hub_tanger_borne_2,2025-01-14 21:56:00,2025-01-14 22:41:00,13.3,reservee,terminee
session_3397,hub_tanger,hub_tanger_borne_2,2025-01-14 19:11:00,2025-01-14 19:35:00,33.5,reservee,terminee
session_3398,hub_tanger,hub_tanger_borne_3,2025-01-15 15:18:00,2025-01-15 15:45:00,9.0,reservee,terminee
session_3399,hub_tanger,hub_tanger_borne_2,2025-01-15 17:13:00,2025-01-15 17:44:00,33.1,reservee,terminee
session_3400,hub_tanger,hub_tanger_borne_3,2025-01-15 22:23:00,2025-01-15 23:03:00,18.4,reservee,terminee
session_3401,hub_tanger,hub_tanger_borne_1,2025-01-16 19:10:00,2025-01-16 19:36:00,11.1,walk_in,terminee
session_3402,hub_tanger,hub_tanger_borne_1,2025-01-16 20:37:00,2025-01-16 21:33:00,17.8,reservee,terminee
session_3403,hub_tanger,hub_tanger_borne_4,2025-01-16 20:23:00,2025-01-16 21:20:00,6.8,walk_in,terminee
session_3404,hub_tanger,hub_tanger_borne_3,2025-01-16 18:29:00,2025-01-16 19:12:00,17.0,reservee,terminee
session_3405,hub_tanger,hub_tanger_borne_2,2025-01-17 16:12:00,2025-01-17 17:11:00,28.8,reservee,terminee
session_3406,hub_tanger,hub_tanger_borne_2,2025-01-17 22:35:00,2025-01-17 23:54:00,33.7,walk_in,terminee
session_3407,hub_tanger,hub_tanger_borne_2,2025-01-18 15:09:00,2025-01-18 15:53:00,24.1,reservee,terminee
session_3408,hub_tanger,hub_tanger_borne_2,2025-01-18 14:26:00,2025-01-18 14:48:00,19.2,walk_in,terminee
session_3409,hub_tanger,hub_tanger_borne_3,2025-01-18 14:54:00,2025-01-18 15:58:00,12.6,reservee,terminee
session_3410,hub_tanger,hub_tanger_borne_1,2025-01-18 15:54:00,2025-01-18 17:01:00,32.3,walk_in,terminee
session_3411,hub_tanger,hub_tanger_borne_1,2025-01-18 15:52:00,2025-01-18 16:16:00,11.6,reservee,terminee
session_3412,hub_tanger,hub_tanger_borne_2,2025-01-18 13:15:00,2025-01-18 14:30:00,5.3,walk_in,terminee
session_3413,hub_tanger,hub_tanger_borne_4,2025-01-18 13:00:00,2025-01-18 14:19:00,20.6,walk_in,terminee
session_3414,hub_tanger,hub_tanger_borne_4,2025-01-18 15:15:00,2025-01-18 15:43:00,8.4,walk_in,terminee
session_3415,hub_tanger,hub_tanger_borne_1,2025-01-18 16:21:00,2025-01-18 17:29:00,37.2,reservee,terminee
session_3416,hub_tanger,hub_tanger_borne_1,2025-01-19 13:27:00,2025-01-19 14:36:00,27.4,reservee,terminee
session_3417,hub_tanger,hub_tanger_borne_1,2025-01-19 11:12:00,2025-01-19 12:24:00,27.5,reservee,terminee
session_3418,hub_tanger,hub_tanger_borne_4,2025-01-19 16:07:00,2025-01-19 16:38:00,24.0,reservee,terminee
session_3419,hub_tanger,hub_tanger_borne_2,2025-01-19 17:37:00,2025-01-19 18:01:00,20.5,reservee,terminee
session_3420,hub_tanger,hub_tanger_borne_2,2025-01-19 21:49:00,2025-01-19 22:59:00,36.7,reservee,terminee
session_3421,hub_tanger,hub_tanger_borne_2,2025-01-19 13:47:00,2025-01-19 14:33:00,18.3,walk_in,terminee
session_3422,hub_tanger,hub_tanger_borne_4,2025-01-19 06:24:00,2025-01-19 07:25:00,20.8,reservee,terminee
session_3423,hub_tanger,hub_tanger_borne_2,2025-01-20 13:36:00,2025-01-20 14:30:00,14.1,reservee,terminee
session_3424,hub_tanger,hub_tanger_borne_3,2025-01-20 19:55:00,2025-01-20 20:39:00,19.0,reservee,terminee
session_3425,hub_tanger,hub_tanger_borne_4,2025-01-20 22:50:00,2025-01-21 00:17:00,22.3,reservee,terminee
session_3426,hub_tanger,hub_tanger_borne_3,2025-01-20 21:20:00,2025-01-20 21:45:00,7.6,reservee,terminee
session_3427,hub_tanger,hub_tanger_borne_3,2025-01-20 17:42:00,2025-01-20 18:55:00,13.2,walk_in,terminee
session_3428,hub_tanger,hub_tanger_borne_2,2025-01-21 19:49:00,2025-01-21 20:29:00,26.4,reservee,terminee
session_3429,hub_tanger,hub_tanger_borne_3,2025-01-21 18:38:00,2025-01-21 19:51:00,32.1,reservee,terminee
session_3430,hub_tanger,hub_tanger_borne_3,2025-01-22 16:03:00,2025-01-22 16:46:00,17.5,walk_in,terminee
session_3431,hub_tanger,hub_tanger_borne_1,2025-01-23 21:09:00,2025-01-23 22:36:00,17.5,reservee,terminee
session_3432,hub_tanger,hub_tanger_borne_3,2025-01-23 14:14:00,2025-01-23 14:56:00,19.5,reservee,terminee
session_3433,hub_tanger,hub_tanger_borne_3,2025-01-23 16:47:00,2025-01-23 17:59:00,29.2,walk_in,terminee
session_3434,hub_tanger,hub_tanger_borne_3,2025-01-23 21:42:00,2025-01-23 22:10:00,9.9,reservee,terminee
session_3435,hub_tanger,hub_tanger_borne_3,2025-01-24 17:44:00,2025-01-24 18:50:00,20.2,reservee,terminee
session_3436,hub_tanger,hub_tanger_borne_4,2025-01-24 18:51:00,2025-01-24 20:05:00,35.2,reservee,terminee
session_3437,hub_tanger,hub_tanger_borne_3,2025-01-24 20:15:00,2025-01-24 20:54:00,14.4,reservee,terminee
session_3438,hub_tanger,hub_tanger_borne_2,2025-01-24 18:17:00,2025-01-24 18:56:00,17.6,walk_in,terminee
session_3439,hub_tanger,hub_tanger_borne_3,2025-01-24 18:44:00,2025-01-24 19:27:00,25.2,walk_in,terminee
session_3440,hub_tanger,hub_tanger_borne_3,2025-01-25 17:50:00,2025-01-25 18:58:00,15.0,reservee,terminee
session_3441,hub_tanger,hub_tanger_borne_1,2025-01-25 15:33:00,2025-01-25 17:00:00,19.2,reservee,terminee
session_3442,hub_tanger,hub_tanger_borne_2,2025-01-25 22:19:00,2025-01-25 22:44:00,15.9,reservee,terminee
session_3443,hub_tanger,hub_tanger_borne_3,2025-01-25 15:13:00,2025-01-25 16:05:00,28.5,reservee,terminee
session_3444,hub_tanger,hub_tanger_borne_3,2025-01-25 17:34:00,2025-01-25 18:27:00,34.4,walk_in,terminee
session_3445,hub_tanger,hub_tanger_borne_1,2025-01-25 08:24:00,2025-01-25 09:26:00,23.4,reservee,terminee
session_3446,hub_tanger,hub_tanger_borne_2,2025-01-25 11:17:00,2025-01-25 12:39:00,39.7,reservee,terminee
session_3447,hub_tanger,hub_tanger_borne_1,2025-01-26 09:15:00,2025-01-26 09:55:00,37.2,reservee,terminee
session_3448,hub_tanger,hub_tanger_borne_1,2025-01-26 11:56:00,2025-01-26 12:43:00,32.1,reservee,terminee
session_3449,hub_tanger,hub_tanger_borne_4,2025-01-26 17:42:00,2025-01-26 19:04:00,27.3,walk_in,terminee
session_3450,hub_tanger,hub_tanger_borne_2,2025-01-26 08:42:00,2025-01-26 09:20:00,37.2,walk_in,terminee
session_3451,hub_tanger,hub_tanger_borne_2,2025-01-27 14:06:00,2025-01-27 15:16:00,17.7,walk_in,terminee
session_3452,hub_tanger,hub_tanger_borne_4,2025-01-27 22:47:00,2025-01-27 23:54:00,19.9,reservee,terminee
session_3453,hub_tanger,hub_tanger_borne_3,2025-01-27 16:03:00,2025-01-27 16:59:00,23.9,reservee,terminee
session_3454,hub_tanger,hub_tanger_borne_4,2025-01-27 18:50:00,2025-01-27 20:06:00,31.6,reservee,terminee
session_3455,hub_tanger,hub_tanger_borne_1,2025-01-27 14:50:00,2025-01-27 16:02:00,34.1,reservee,terminee
session_3456,hub_tanger,hub_tanger_borne_3,2025-01-28 19:09:00,2025-01-28 19:45:00,7.5,reservee,terminee
session_3457,hub_tanger,hub_tanger_borne_2,2025-01-28 16:46:00,2025-01-28 17:30:00,7.9,walk_in,terminee
session_3458,hub_tanger,hub_tanger_borne_2,2025-01-28 18:27:00,2025-01-28 19:54:00,18.0,walk_in,terminee
session_3459,hub_tanger,hub_tanger_borne_1,2025-01-28 17:06:00,2025-01-28 17:37:00,32.1,reservee,terminee
session_3460,hub_tanger,hub_tanger_borne_3,2025-01-29 20:50:00,2025-01-29 21:43:00,16.0,reservee,terminee
session_3461,hub_tanger,hub_tanger_borne_1,2025-01-29 17:18:00,2025-01-29 18:13:00,13.9,reservee,terminee
session_3462,hub_tanger,hub_tanger_borne_3,2025-01-29 17:23:00,2025-01-29 18:52:00,8.9,reservee,terminee
session_3463,hub_tanger,hub_tanger_borne_2,2025-01-29 18:07:00,2025-01-29 19:31:00,28.5,reservee,terminee
session_3464,hub_tanger,hub_tanger_borne_2,2025-01-30 17:48:00,2025-01-30 18:57:00,6.9,walk_in,terminee
session_3465,hub_tanger,hub_tanger_borne_2,2025-01-30 14:00:00,2025-01-30 15:22:00,9.6,walk_in,terminee
session_3466,hub_tanger,hub_tanger_borne_1,2025-01-31 17:48:00,2025-01-31 18:10:00,27.1,reservee,terminee
session_3467,hub_tanger,hub_tanger_borne_1,2025-01-31 18:22:00,2025-01-31 19:02:00,38.5,walk_in,terminee
session_3468,hub_tanger,hub_tanger_borne_4,2025-01-31 22:48:00,2025-02-01 00:15:00,20.9,walk_in,terminee
session_3469,hub_tanger,hub_tanger_borne_3,2025-02-01 10:25:00,2025-02-01 11:22:00,23.8,walk_in,terminee
session_3470,hub_tanger,hub_tanger_borne_2,2025-02-01 12:41:00,2025-02-01 13:46:00,34.0,reservee,terminee
session_3471,hub_tanger,hub_tanger_borne_3,2025-02-02 15:18:00,2025-02-02 16:07:00,34.3,reservee,terminee
session_3472,hub_tanger,hub_tanger_borne_1,2025-02-02 13:01:00,2025-02-02 13:40:00,23.8,reservee,terminee
session_3473,hub_tanger,hub_tanger_borne_1,2025-02-03 19:21:00,2025-02-03 20:06:00,30.4,reservee,terminee
session_3474,hub_tanger,hub_tanger_borne_3,2025-02-03 19:49:00,2025-02-03 20:45:00,30.1,reservee,terminee
session_3475,hub_tanger,hub_tanger_borne_2,2025-02-03 17:10:00,2025-02-03 17:33:00,23.9,reservee,terminee
session_3476,hub_tanger,hub_tanger_borne_3,2025-02-03 14:00:00,2025-02-03 15:07:00,22.5,walk_in,terminee
session_3477,hub_tanger,hub_tanger_borne_4,2025-02-03 15:07:00,2025-02-03 15:28:00,20.5,reservee,terminee
session_3478,hub_tanger,hub_tanger_borne_4,2025-02-04 14:20:00,2025-02-04 15:16:00,25.1,reservee,terminee
session_3479,hub_tanger,hub_tanger_borne_2,2025-02-04 17:57:00,2025-02-04 18:36:00,9.8,reservee,terminee
session_3480,hub_tanger,hub_tanger_borne_2,2025-02-04 19:36:00,2025-02-04 20:38:00,29.4,reservee,terminee
session_3481,hub_tanger,hub_tanger_borne_4,2025-02-04 17:46:00,2025-02-04 18:21:00,16.0,reservee,terminee
session_3482,hub_tanger,hub_tanger_borne_3,2025-02-05 13:22:00,2025-02-05 14:40:00,21.2,walk_in,terminee
session_3483,hub_tanger,hub_tanger_borne_1,2025-02-05 17:34:00,2025-02-05 18:11:00,14.1,walk_in,terminee
session_3484,hub_tanger,hub_tanger_borne_4,2025-02-05 17:12:00,2025-02-05 17:39:00,12.0,reservee,terminee
session_3485,hub_tanger,hub_tanger_borne_4,2025-02-05 14:05:00,2025-02-05 15:26:00,39.0,reservee,terminee
session_3486,hub_tanger,hub_tanger_borne_2,2025-02-06 17:17:00,2025-02-06 17:47:00,39.4,reservee,terminee
session_3487,hub_tanger,hub_tanger_borne_4,2025-02-06 18:14:00,2025-02-06 18:56:00,20.2,walk_in,terminee
session_3488,hub_tanger,hub_tanger_borne_2,2025-02-06 15:00:00,2025-02-06 15:46:00,38.1,walk_in,terminee
session_3489,hub_tanger,hub_tanger_borne_1,2025-02-06 16:17:00,2025-02-06 17:11:00,34.6,walk_in,terminee
session_3490,hub_tanger,hub_tanger_borne_3,2025-02-07 18:21:00,2025-02-07 18:42:00,20.2,reservee,terminee
session_3491,hub_tanger,hub_tanger_borne_2,2025-02-07 22:32:00,2025-02-07 23:07:00,23.2,walk_in,terminee
session_3492,hub_tanger,hub_tanger_borne_2,2025-02-08 13:52:00,2025-02-08 15:03:00,38.5,reservee,terminee
session_3493,hub_tanger,hub_tanger_borne_3,2025-02-08 14:47:00,2025-02-08 16:07:00,29.2,reservee,terminee
session_3494,hub_tanger,hub_tanger_borne_3,2025-02-08 09:19:00,2025-02-08 09:53:00,36.0,reservee,terminee
session_3495,hub_tanger,hub_tanger_borne_1,2025-02-08 16:36:00,2025-02-08 18:04:00,28.5,reservee,terminee
session_3496,hub_tanger,hub_tanger_borne_1,2025-02-08 16:17:00,2025-02-08 17:34:00,18.2,reservee,terminee
session_3497,hub_tanger,hub_tanger_borne_2,2025-02-08 15:01:00,2025-02-08 15:21:00,21.6,reservee,terminee
session_3498,hub_tanger,hub_tanger_borne_1,2025-02-08 22:49:00,2025-02-09 00:02:00,28.5,reservee,terminee
session_3499,hub_tanger,hub_tanger_borne_1,2025-02-08 07:27:00,2025-02-08 07:53:00,15.5,reservee,terminee
session_3500,hub_tanger,hub_tanger_borne_1,2025-02-08 13:19:00,2025-02-08 14:11:00,5.1,reservee,terminee
session_3501,hub_tanger,hub_tanger_borne_1,2025-02-08 16:35:00,2025-02-08 17:11:00,19.1,walk_in,terminee
session_3502,hub_tanger,hub_tanger_borne_3,2025-02-09 10:50:00,2025-02-09 11:40:00,38.0,walk_in,terminee
session_3503,hub_tanger,hub_tanger_borne_1,2025-02-09 16:17:00,2025-02-09 17:18:00,9.6,reservee,terminee
session_3504,hub_tanger,hub_tanger_borne_2,2025-02-09 11:45:00,2025-02-09 13:10:00,12.8,walk_in,terminee
session_3505,hub_tanger,hub_tanger_borne_4,2025-02-09 11:50:00,2025-02-09 13:01:00,14.4,walk_in,terminee
session_3506,hub_tanger,hub_tanger_borne_3,2025-02-10 17:24:00,2025-02-10 18:46:00,5.5,reservee,terminee
session_3507,hub_tanger,hub_tanger_borne_3,2025-02-10 22:09:00,2025-02-10 22:57:00,30.1,walk_in,terminee
session_3508,hub_tanger,hub_tanger_borne_1,2025-02-10 18:45:00,2025-02-10 19:24:00,29.6,reservee,terminee
session_3509,hub_tanger,hub_tanger_borne_3,2025-02-11 12:14:00,2025-02-11 13:42:00,11.1,reservee,terminee
session_3510,hub_tanger,hub_tanger_borne_1,2025-02-11 20:50:00,2025-02-11 21:53:00,27.8,reservee,terminee
session_3511,hub_tanger,hub_tanger_borne_3,2025-02-11 19:24:00,2025-02-11 20:17:00,25.5,walk_in,terminee
session_3512,hub_tanger,hub_tanger_borne_3,2025-02-11 20:25:00,2025-02-11 20:47:00,23.9,walk_in,terminee
session_3513,hub_tanger,hub_tanger_borne_3,2025-02-12 14:57:00,2025-02-12 15:53:00,28.6,walk_in,terminee
session_3514,hub_tanger,hub_tanger_borne_1,2025-02-12 16:12:00,2025-02-12 17:37:00,5.5,reservee,terminee
session_3515,hub_tanger,hub_tanger_borne_3,2025-02-12 17:38:00,2025-02-12 18:13:00,38.6,reservee,terminee
session_3516,hub_tanger,hub_tanger_borne_4,2025-02-12 11:24:00,2025-02-12 12:35:00,24.4,reservee,terminee
session_3517,hub_tanger,hub_tanger_borne_3,2025-02-13 17:33:00,2025-02-13 18:13:00,9.2,walk_in,terminee
session_3518,hub_tanger,hub_tanger_borne_1,2025-02-13 16:50:00,2025-02-13 17:59:00,31.8,reservee,terminee
session_3519,hub_tanger,hub_tanger_borne_4,2025-02-13 14:54:00,2025-02-13 15:33:00,7.4,reservee,terminee
session_3520,hub_tanger,hub_tanger_borne_4,2025-02-13 17:28:00,2025-02-13 18:25:00,38.6,reservee,terminee
session_3521,hub_tanger,hub_tanger_borne_4,2025-02-13 16:56:00,2025-02-13 17:30:00,25.9,reservee,terminee
session_3522,hub_tanger,hub_tanger_borne_2,2025-02-13 16:19:00,2025-02-13 16:53:00,32.9,reservee,terminee
session_3523,hub_tanger,hub_tanger_borne_1,2025-02-14 14:50:00,2025-02-14 16:09:00,21.6,reservee,terminee
session_3524,hub_tanger,hub_tanger_borne_3,2025-02-14 18:19:00,2025-02-14 18:44:00,16.3,walk_in,terminee
session_3525,hub_tanger,hub_tanger_borne_4,2025-02-14 15:11:00,2025-02-14 16:35:00,21.0,walk_in,terminee
session_3526,hub_tanger,hub_tanger_borne_4,2025-02-14 16:03:00,2025-02-14 16:41:00,33.1,reservee,terminee
session_3527,hub_tanger,hub_tanger_borne_4,2025-02-15 13:54:00,2025-02-15 14:26:00,11.5,reservee,terminee
session_3528,hub_tanger,hub_tanger_borne_1,2025-02-15 17:00:00,2025-02-15 17:30:00,27.4,reservee,terminee
session_3529,hub_tanger,hub_tanger_borne_1,2025-02-15 14:41:00,2025-02-15 15:03:00,12.3,walk_in,terminee
session_3530,hub_tanger,hub_tanger_borne_3,2025-02-15 11:30:00,2025-02-15 12:57:00,10.1,reservee,terminee
session_3531,hub_tanger,hub_tanger_borne_3,2025-02-15 11:00:00,2025-02-15 11:59:00,5.0,reservee,terminee
session_3532,hub_tanger,hub_tanger_borne_3,2025-02-15 17:33:00,2025-02-15 18:04:00,15.3,walk_in,terminee
session_3533,hub_tanger,hub_tanger_borne_1,2025-02-16 15:47:00,2025-02-16 16:33:00,7.8,walk_in,terminee
session_3534,hub_tanger,hub_tanger_borne_1,2025-02-16 16:00:00,2025-02-16 16:45:00,23.0,reservee,terminee
session_3535,hub_tanger,hub_tanger_borne_3,2025-02-16 09:15:00,2025-02-16 10:12:00,32.7,reservee,terminee
session_3536,hub_tanger,hub_tanger_borne_2,2025-02-17 16:34:00,2025-02-17 17:38:00,20.4,reservee,terminee
session_3537,hub_tanger,hub_tanger_borne_1,2025-02-18 19:14:00,2025-02-18 19:37:00,24.1,reservee,terminee
session_3538,hub_tanger,hub_tanger_borne_2,2025-02-19 18:28:00,2025-02-19 19:24:00,36.1,reservee,terminee
session_3539,hub_tanger,hub_tanger_borne_4,2025-02-19 18:02:00,2025-02-19 18:52:00,14.9,reservee,terminee
session_3540,hub_tanger,hub_tanger_borne_2,2025-02-20 19:27:00,2025-02-20 20:19:00,30.1,walk_in,terminee
session_3541,hub_tanger,hub_tanger_borne_3,2025-02-20 18:23:00,2025-02-20 19:42:00,26.9,walk_in,terminee
session_3542,hub_tanger,hub_tanger_borne_3,2025-02-21 20:30:00,2025-02-21 21:43:00,39.8,reservee,terminee
session_3543,hub_tanger,hub_tanger_borne_1,2025-02-21 16:51:00,2025-02-21 18:09:00,33.6,walk_in,terminee
session_3544,hub_tanger,hub_tanger_borne_4,2025-02-22 18:26:00,2025-02-22 19:28:00,17.5,walk_in,terminee
session_3545,hub_tanger,hub_tanger_borne_4,2025-02-22 13:30:00,2025-02-22 14:02:00,21.4,reservee,terminee
session_3546,hub_tanger,hub_tanger_borne_3,2025-02-22 13:57:00,2025-02-22 15:20:00,15.3,reservee,terminee
session_3547,hub_tanger,hub_tanger_borne_2,2025-02-23 10:44:00,2025-02-23 12:02:00,18.2,walk_in,terminee
session_3548,hub_tanger,hub_tanger_borne_4,2025-02-23 17:43:00,2025-02-23 18:29:00,12.9,walk_in,terminee
session_3549,hub_tanger,hub_tanger_borne_3,2025-02-23 14:25:00,2025-02-23 15:03:00,22.4,reservee,terminee
session_3550,hub_tanger,hub_tanger_borne_4,2025-02-23 14:24:00,2025-02-23 15:09:00,25.3,walk_in,terminee
session_3551,hub_tanger,hub_tanger_borne_4,2025-02-24 15:18:00,2025-02-24 16:30:00,17.4,reservee,terminee
session_3552,hub_tanger,hub_tanger_borne_4,2025-02-24 17:14:00,2025-02-24 18:13:00,8.7,reservee,terminee
session_3553,hub_tanger,hub_tanger_borne_2,2025-02-24 21:01:00,2025-02-24 22:03:00,6.2,reservee,terminee
session_3554,hub_tanger,hub_tanger_borne_2,2025-02-24 21:32:00,2025-02-24 22:13:00,19.4,reservee,terminee
session_3555,hub_tanger,hub_tanger_borne_1,2025-02-24 15:15:00,2025-02-24 15:48:00,22.3,walk_in,terminee
session_3556,hub_tanger,hub_tanger_borne_4,2025-02-24 14:40:00,2025-02-24 15:33:00,24.8,walk_in,terminee
session_3557,hub_tanger,hub_tanger_borne_1,2025-02-24 22:55:00,2025-02-24 23:39:00,26.2,reservee,terminee
session_3558,hub_tanger,hub_tanger_borne_4,2025-02-24 21:52:00,2025-02-24 22:21:00,10.1,walk_in,terminee
session_3559,hub_tanger,hub_tanger_borne_1,2025-02-25 16:13:00,2025-02-25 17:16:00,31.3,walk_in,terminee
session_3560,hub_tanger,hub_tanger_borne_3,2025-02-25 13:32:00,2025-02-25 14:56:00,10.1,reservee,terminee
session_3561,hub_tanger,hub_tanger_borne_4,2025-02-25 19:18:00,2025-02-25 20:09:00,32.1,reservee,terminee
session_3562,hub_tanger,hub_tanger_borne_1,2025-02-25 19:17:00,2025-02-25 19:58:00,9.8,walk_in,terminee
session_3563,hub_tanger,hub_tanger_borne_4,2025-02-25 17:47:00,2025-02-25 19:15:00,16.6,walk_in,terminee
session_3564,hub_tanger,hub_tanger_borne_1,2025-02-26 15:14:00,2025-02-26 16:09:00,17.2,reservee,terminee
session_3565,hub_tanger,hub_tanger_borne_1,2025-02-26 19:20:00,2025-02-26 20:21:00,19.9,reservee,terminee
session_3566,hub_tanger,hub_tanger_borne_3,2025-02-26 20:44:00,2025-02-26 21:39:00,22.8,reservee,terminee
session_3567,hub_tanger,hub_tanger_borne_2,2025-02-26 19:47:00,2025-02-26 21:06:00,13.4,reservee,terminee
session_3568,hub_tanger,hub_tanger_borne_2,2025-02-26 17:11:00,2025-02-26 18:39:00,7.2,walk_in,terminee
session_3569,hub_tanger,hub_tanger_borne_2,2025-02-27 17:58:00,2025-02-27 18:50:00,9.2,walk_in,terminee
session_3570,hub_tanger,hub_tanger_borne_1,2025-02-27 22:01:00,2025-02-27 22:53:00,37.1,reservee,terminee
session_3571,hub_tanger,hub_tanger_borne_4,2025-02-28 19:00:00,2025-02-28 20:11:00,26.0,reservee,terminee
session_3572,hub_tanger,hub_tanger_borne_1,2025-02-28 17:04:00,2025-02-28 18:08:00,29.1,reservee,terminee
session_3573,hub_tanger,hub_tanger_borne_1,2025-02-28 11:30:00,2025-02-28 12:31:00,36.5,reservee,terminee
session_3574,hub_tanger,hub_tanger_borne_1,2025-02-28 14:37:00,2025-02-28 15:20:00,31.9,reservee,terminee
session_3575,hub_tanger,hub_tanger_borne_1,2025-02-28 17:13:00,2025-02-28 18:34:00,28.8,reservee,terminee
session_3576,hub_tanger,hub_tanger_borne_2,2025-03-01 18:21:00,2025-03-01 19:27:00,6.9,reservee,terminee
session_3577,hub_tanger,hub_tanger_borne_3,2025-03-01 13:48:00,2025-03-01 14:16:00,7.7,walk_in,terminee
session_3578,hub_tanger,hub_tanger_borne_1,2025-03-01 16:22:00,2025-03-01 17:39:00,11.4,reservee,terminee
session_3579,hub_tanger,hub_tanger_borne_1,2025-03-01 16:54:00,2025-03-01 18:12:00,15.0,reservee,terminee
session_3580,hub_tanger,hub_tanger_borne_1,2025-03-01 19:12:00,2025-03-01 20:34:00,5.7,walk_in,terminee
session_3581,hub_tanger,hub_tanger_borne_4,2025-03-01 11:48:00,2025-03-01 12:37:00,7.7,walk_in,terminee
session_3582,hub_tanger,hub_tanger_borne_2,2025-03-01 14:44:00,2025-03-01 16:12:00,34.1,reservee,terminee
session_3583,hub_tanger,hub_tanger_borne_1,2025-03-01 12:41:00,2025-03-01 13:23:00,24.1,reservee,terminee
session_3584,hub_tanger,hub_tanger_borne_3,2025-03-01 07:03:00,2025-03-01 08:30:00,34.5,reservee,terminee
session_3585,hub_tanger,hub_tanger_borne_4,2025-03-01 14:43:00,2025-03-01 15:18:00,26.2,walk_in,terminee
session_3586,hub_tanger,hub_tanger_borne_2,2025-03-02 15:42:00,2025-03-02 16:16:00,23.6,reservee,terminee
session_3587,hub_tanger,hub_tanger_borne_4,2025-03-02 13:33:00,2025-03-02 14:00:00,12.5,reservee,terminee
session_3588,hub_tanger,hub_tanger_borne_1,2025-03-02 15:58:00,2025-03-02 17:03:00,39.5,reservee,terminee
session_3589,hub_tanger,hub_tanger_borne_3,2025-03-02 14:51:00,2025-03-02 15:15:00,8.6,walk_in,terminee
session_3590,hub_tanger,hub_tanger_borne_3,2025-03-03 17:24:00,2025-03-03 18:30:00,36.1,walk_in,terminee
session_3591,hub_tanger,hub_tanger_borne_1,2025-03-03 18:09:00,2025-03-03 19:33:00,24.7,reservee,terminee
session_3592,hub_tanger,hub_tanger_borne_1,2025-03-03 18:56:00,2025-03-03 19:49:00,32.5,reservee,terminee
session_3593,hub_tanger,hub_tanger_borne_2,2025-03-03 16:33:00,2025-03-03 17:54:00,15.1,reservee,terminee
session_3594,hub_tanger,hub_tanger_borne_3,2025-03-04 15:00:00,2025-03-04 16:04:00,6.8,walk_in,terminee
session_3595,hub_tanger,hub_tanger_borne_3,2025-03-05 15:01:00,2025-03-05 15:49:00,22.7,walk_in,terminee
session_3596,hub_tanger,hub_tanger_borne_2,2025-03-05 15:34:00,2025-03-05 16:58:00,28.5,reservee,terminee
session_3597,hub_tanger,hub_tanger_borne_1,2025-03-05 19:03:00,2025-03-05 19:42:00,8.8,reservee,terminee
session_3598,hub_tanger,hub_tanger_borne_3,2025-03-05 16:47:00,2025-03-05 17:46:00,13.1,reservee,terminee
session_3599,hub_tanger,hub_tanger_borne_3,2025-03-05 22:29:00,2025-03-05 23:19:00,23.5,reservee,terminee
session_3600,hub_tanger,hub_tanger_borne_2,2025-03-05 12:12:00,2025-03-05 12:34:00,31.0,walk_in,terminee
session_3601,hub_tanger,hub_tanger_borne_1,2025-03-06 14:57:00,2025-03-06 15:33:00,10.2,reservee,terminee
session_3602,hub_tanger,hub_tanger_borne_3,2025-03-06 21:56:00,2025-03-06 23:04:00,39.6,reservee,terminee
session_3603,hub_tanger,hub_tanger_borne_2,2025-03-06 21:18:00,2025-03-06 22:33:00,11.5,reservee,terminee
session_3604,hub_tanger,hub_tanger_borne_2,2025-03-06 20:38:00,2025-03-06 22:00:00,9.9,reservee,terminee
session_3605,hub_tanger,hub_tanger_borne_1,2025-03-06 15:13:00,2025-03-06 15:54:00,25.3,reservee,terminee
session_3606,hub_tanger,hub_tanger_borne_3,2025-03-06 20:11:00,2025-03-06 21:23:00,28.3,reservee,terminee
session_3607,hub_tanger,hub_tanger_borne_2,2025-03-07 15:16:00,2025-03-07 15:53:00,36.5,walk_in,terminee
session_3608,hub_tanger,hub_tanger_borne_3,2025-03-08 13:32:00,2025-03-08 14:40:00,10.6,reservee,terminee
session_3609,hub_tanger,hub_tanger_borne_3,2025-03-08 12:08:00,2025-03-08 13:27:00,21.0,reservee,terminee
session_3610,hub_tanger,hub_tanger_borne_1,2025-03-08 19:53:00,2025-03-08 20:26:00,28.2,walk_in,terminee
session_3611,hub_tanger,hub_tanger_borne_4,2025-03-08 16:34:00,2025-03-08 17:53:00,22.7,walk_in,terminee
session_3612,hub_tanger,hub_tanger_borne_1,2025-03-08 15:57:00,2025-03-08 16:27:00,20.1,walk_in,terminee
session_3613,hub_tanger,hub_tanger_borne_1,2025-03-08 13:09:00,2025-03-08 13:52:00,32.9,reservee,terminee
session_3614,hub_tanger,hub_tanger_borne_3,2025-03-08 15:57:00,2025-03-08 16:26:00,38.2,reservee,terminee
session_3615,hub_tanger,hub_tanger_borne_2,2025-03-08 14:06:00,2025-03-08 15:10:00,34.4,walk_in,terminee
session_3616,hub_tanger,hub_tanger_borne_1,2025-03-08 10:06:00,2025-03-08 10:36:00,29.7,walk_in,terminee
session_3617,hub_tanger,hub_tanger_borne_2,2025-03-09 18:11:00,2025-03-09 18:40:00,30.4,reservee,terminee
session_3618,hub_tanger,hub_tanger_borne_2,2025-03-09 14:04:00,2025-03-09 15:02:00,21.8,walk_in,terminee
session_3619,hub_tanger,hub_tanger_borne_1,2025-03-09 18:21:00,2025-03-09 19:27:00,6.2,reservee,terminee
session_3620,hub_tanger,hub_tanger_borne_2,2025-03-09 22:02:00,2025-03-09 23:31:00,21.0,reservee,terminee
session_3621,hub_tanger,hub_tanger_borne_3,2025-03-10 18:42:00,2025-03-10 20:10:00,5.7,reservee,terminee
session_3622,hub_tanger,hub_tanger_borne_3,2025-03-11 21:49:00,2025-03-11 23:10:00,27.3,reservee,terminee
session_3623,hub_tanger,hub_tanger_borne_3,2025-03-11 18:37:00,2025-03-11 19:52:00,22.9,walk_in,terminee
session_3624,hub_tanger,hub_tanger_borne_2,2025-03-12 14:54:00,2025-03-12 16:10:00,22.4,reservee,terminee
session_3625,hub_tanger,hub_tanger_borne_2,2025-03-12 17:08:00,2025-03-12 17:32:00,36.7,reservee,terminee
session_3626,hub_tanger,hub_tanger_borne_1,2025-03-12 22:04:00,2025-03-12 22:51:00,13.1,reservee,terminee
session_3627,hub_tanger,hub_tanger_borne_4,2025-03-12 15:42:00,2025-03-12 16:36:00,33.7,walk_in,terminee
session_3628,hub_tanger,hub_tanger_borne_4,2025-03-12 17:54:00,2025-03-12 19:12:00,15.2,reservee,terminee
session_3629,hub_tanger,hub_tanger_borne_4,2025-03-12 20:49:00,2025-03-12 22:06:00,27.5,walk_in,terminee
session_3630,hub_tanger,hub_tanger_borne_3,2025-03-12 18:02:00,2025-03-12 18:54:00,6.2,reservee,terminee
session_3631,hub_tanger,hub_tanger_borne_1,2025-03-12 19:02:00,2025-03-12 20:25:00,20.8,walk_in,terminee
session_3632,hub_tanger,hub_tanger_borne_1,2025-03-13 16:20:00,2025-03-13 16:59:00,15.9,reservee,terminee
session_3633,hub_tanger,hub_tanger_borne_4,2025-03-13 22:49:00,2025-03-13 23:48:00,38.9,reservee,terminee
session_3634,hub_tanger,hub_tanger_borne_3,2025-03-13 14:27:00,2025-03-13 15:13:00,28.8,walk_in,terminee
session_3635,hub_tanger,hub_tanger_borne_4,2025-03-13 12:11:00,2025-03-13 13:00:00,13.5,walk_in,terminee
session_3636,hub_tanger,hub_tanger_borne_3,2025-03-13 14:57:00,2025-03-13 15:43:00,36.9,walk_in,terminee
session_3637,hub_tanger,hub_tanger_borne_3,2025-03-13 16:49:00,2025-03-13 17:42:00,29.8,walk_in,terminee
session_3638,hub_tanger,hub_tanger_borne_4,2025-03-13 17:48:00,2025-03-13 18:30:00,39.1,walk_in,terminee
session_3639,hub_tanger,hub_tanger_borne_2,2025-03-13 17:50:00,2025-03-13 18:18:00,16.8,walk_in,terminee
session_3640,hub_tanger,hub_tanger_borne_4,2025-03-14 20:23:00,2025-03-14 21:17:00,37.7,walk_in,terminee
session_3641,hub_tanger,hub_tanger_borne_4,2025-03-14 20:29:00,2025-03-14 21:21:00,15.9,walk_in,terminee
session_3642,hub_tanger,hub_tanger_borne_2,2025-03-14 13:26:00,2025-03-14 14:18:00,24.8,walk_in,terminee
session_3643,hub_tanger,hub_tanger_borne_3,2025-03-14 17:17:00,2025-03-14 18:31:00,36.8,reservee,terminee
session_3644,hub_tanger,hub_tanger_borne_1,2025-03-14 15:08:00,2025-03-14 16:36:00,34.0,reservee,terminee
session_3645,hub_tanger,hub_tanger_borne_2,2025-03-15 08:38:00,2025-03-15 09:01:00,25.8,walk_in,terminee
session_3646,hub_tanger,hub_tanger_borne_1,2025-03-15 13:36:00,2025-03-15 13:56:00,38.3,reservee,terminee
session_3647,hub_tanger,hub_tanger_borne_1,2025-03-15 16:05:00,2025-03-15 16:51:00,15.8,reservee,terminee
session_3648,hub_tanger,hub_tanger_borne_4,2025-03-15 13:07:00,2025-03-15 14:16:00,30.3,reservee,terminee
session_3649,hub_tanger,hub_tanger_borne_2,2025-03-15 06:03:00,2025-03-15 06:25:00,16.2,reservee,terminee
session_3650,hub_tanger,hub_tanger_borne_1,2025-03-16 11:27:00,2025-03-16 11:55:00,14.4,walk_in,terminee
session_3651,hub_tanger,hub_tanger_borne_2,2025-03-16 14:25:00,2025-03-16 14:56:00,10.9,walk_in,terminee
session_3652,hub_tanger,hub_tanger_borne_1,2025-03-16 15:57:00,2025-03-16 16:50:00,26.2,walk_in,terminee
session_3653,hub_tanger,hub_tanger_borne_3,2025-03-16 12:21:00,2025-03-16 13:09:00,13.1,reservee,terminee
session_3654,hub_tanger,hub_tanger_borne_3,2025-03-16 20:07:00,2025-03-16 21:07:00,20.7,walk_in,terminee
session_3655,hub_tanger,hub_tanger_borne_4,2025-03-16 13:41:00,2025-03-16 15:00:00,23.3,walk_in,terminee
session_3656,hub_tanger,hub_tanger_borne_2,2025-03-16 15:22:00,2025-03-16 16:13:00,35.3,reservee,terminee
session_3657,hub_tanger,hub_tanger_borne_4,2025-03-16 15:52:00,2025-03-16 16:29:00,27.5,reservee,terminee
session_3658,hub_tanger,hub_tanger_borne_4,2025-03-16 12:42:00,2025-03-16 13:40:00,39.3,walk_in,terminee
session_3659,hub_tanger,hub_tanger_borne_3,2025-03-17 19:11:00,2025-03-17 19:53:00,29.4,reservee,terminee
session_3660,hub_tanger,hub_tanger_borne_1,2025-03-17 13:02:00,2025-03-17 13:50:00,21.2,reservee,terminee
session_3661,hub_tanger,hub_tanger_borne_4,2025-03-17 17:44:00,2025-03-17 19:03:00,29.4,walk_in,terminee
session_3662,hub_tanger,hub_tanger_borne_2,2025-03-17 18:03:00,2025-03-17 19:13:00,10.7,walk_in,terminee
session_3663,hub_tanger,hub_tanger_borne_4,2025-03-17 22:47:00,2025-03-17 23:37:00,30.7,reservee,terminee
session_3664,hub_tanger,hub_tanger_borne_3,2025-03-17 18:14:00,2025-03-17 19:35:00,30.1,walk_in,terminee
session_3665,hub_tanger,hub_tanger_borne_1,2025-03-18 17:08:00,2025-03-18 18:37:00,38.6,reservee,terminee
session_3666,hub_tanger,hub_tanger_borne_3,2025-03-18 18:20:00,2025-03-18 18:56:00,34.1,walk_in,terminee
session_3667,hub_tanger,hub_tanger_borne_1,2025-03-19 22:30:00,2025-03-19 22:56:00,34.1,walk_in,terminee
session_3668,hub_tanger,hub_tanger_borne_2,2025-03-20 19:14:00,2025-03-20 20:07:00,18.5,reservee,terminee
session_3669,hub_tanger,hub_tanger_borne_2,2025-03-20 15:50:00,2025-03-20 16:51:00,18.2,walk_in,terminee
session_3670,hub_tanger,hub_tanger_borne_4,2025-03-20 14:33:00,2025-03-20 15:14:00,23.9,walk_in,terminee
session_3671,hub_tanger,hub_tanger_borne_3,2025-03-20 17:30:00,2025-03-20 18:10:00,23.7,reservee,terminee
session_3672,hub_tanger,hub_tanger_borne_4,2025-03-20 16:12:00,2025-03-20 17:25:00,6.3,reservee,terminee
session_3673,hub_tanger,hub_tanger_borne_2,2025-03-20 17:02:00,2025-03-20 17:39:00,7.7,walk_in,terminee
session_3674,hub_tanger,hub_tanger_borne_3,2025-03-20 20:06:00,2025-03-20 21:27:00,12.0,reservee,terminee
session_3675,hub_tanger,hub_tanger_borne_1,2025-03-21 11:21:00,2025-03-21 11:51:00,18.2,walk_in,terminee
session_3676,hub_tanger,hub_tanger_borne_3,2025-03-21 15:55:00,2025-03-21 16:25:00,6.9,reservee,terminee
session_3677,hub_tanger,hub_tanger_borne_1,2025-03-21 20:09:00,2025-03-21 20:41:00,38.0,walk_in,terminee
session_3678,hub_tanger,hub_tanger_borne_2,2025-03-22 12:44:00,2025-03-22 13:59:00,32.5,walk_in,terminee
session_3679,hub_tanger,hub_tanger_borne_1,2025-03-22 12:57:00,2025-03-22 14:00:00,13.0,walk_in,terminee
session_3680,hub_tanger,hub_tanger_borne_1,2025-03-22 10:17:00,2025-03-22 11:02:00,29.8,reservee,terminee
session_3681,hub_tanger,hub_tanger_borne_2,2025-03-22 13:54:00,2025-03-22 14:55:00,12.4,reservee,terminee
session_3682,hub_tanger,hub_tanger_borne_1,2025-03-22 15:13:00,2025-03-22 16:38:00,14.3,walk_in,terminee
session_3683,hub_tanger,hub_tanger_borne_1,2025-03-22 13:28:00,2025-03-22 14:13:00,16.7,walk_in,terminee
session_3684,hub_tanger,hub_tanger_borne_3,2025-03-22 13:44:00,2025-03-22 14:13:00,37.4,reservee,terminee
session_3685,hub_tanger,hub_tanger_borne_3,2025-03-23 13:47:00,2025-03-23 14:21:00,8.3,walk_in,terminee
session_3686,hub_tanger,hub_tanger_borne_1,2025-03-23 17:33:00,2025-03-23 18:10:00,21.6,reservee,terminee
session_3687,hub_tanger,hub_tanger_borne_1,2025-03-23 15:33:00,2025-03-23 16:47:00,21.3,walk_in,terminee
session_3688,hub_tanger,hub_tanger_borne_1,2025-03-23 13:10:00,2025-03-23 14:28:00,22.3,reservee,terminee
session_3689,hub_tanger,hub_tanger_borne_2,2025-03-24 19:15:00,2025-03-24 20:33:00,29.7,reservee,terminee
session_3690,hub_tanger,hub_tanger_borne_3,2025-03-24 22:09:00,2025-03-24 22:45:00,14.5,reservee,terminee
session_3691,hub_tanger,hub_tanger_borne_3,2025-03-24 15:43:00,2025-03-24 16:34:00,39.6,walk_in,terminee
session_3692,hub_tanger,hub_tanger_borne_1,2025-03-24 12:53:00,2025-03-24 13:28:00,18.2,walk_in,terminee
session_3693,hub_tanger,hub_tanger_borne_1,2025-03-24 17:49:00,2025-03-24 19:10:00,11.0,walk_in,terminee
session_3694,hub_tanger,hub_tanger_borne_4,2025-03-24 22:02:00,2025-03-24 22:34:00,30.9,walk_in,terminee
session_3695,hub_tanger,hub_tanger_borne_4,2025-03-25 14:32:00,2025-03-25 15:44:00,14.9,reservee,terminee
session_3696,hub_tanger,hub_tanger_borne_1,2025-03-25 16:08:00,2025-03-25 17:25:00,14.3,reservee,terminee
session_3697,hub_tanger,hub_tanger_borne_1,2025-03-25 17:02:00,2025-03-25 17:59:00,17.8,reservee,terminee
session_3698,hub_tanger,hub_tanger_borne_3,2025-03-26 14:05:00,2025-03-26 14:25:00,6.8,reservee,terminee
session_3699,hub_tanger,hub_tanger_borne_1,2025-03-26 15:51:00,2025-03-26 17:04:00,5.3,reservee,terminee
session_3700,hub_tanger,hub_tanger_borne_1,2025-03-26 21:58:00,2025-03-26 22:49:00,6.0,walk_in,terminee
session_3701,hub_tanger,hub_tanger_borne_2,2025-03-27 18:21:00,2025-03-27 18:46:00,7.2,reservee,terminee
session_3702,hub_tanger,hub_tanger_borne_4,2025-03-27 15:16:00,2025-03-27 16:34:00,19.1,walk_in,terminee
session_3703,hub_tanger,hub_tanger_borne_4,2025-03-27 18:35:00,2025-03-27 19:06:00,17.3,walk_in,terminee
session_3704,hub_tanger,hub_tanger_borne_1,2025-03-27 15:22:00,2025-03-27 16:29:00,22.8,walk_in,terminee
session_3705,hub_tanger,hub_tanger_borne_2,2025-03-27 20:01:00,2025-03-27 21:24:00,33.8,reservee,terminee
session_3706,hub_tanger,hub_tanger_borne_2,2025-03-27 15:53:00,2025-03-27 16:39:00,18.9,walk_in,terminee
session_3707,hub_tanger,hub_tanger_borne_4,2025-03-27 22:08:00,2025-03-27 23:11:00,32.8,reservee,terminee
session_3708,hub_tanger,hub_tanger_borne_3,2025-03-27 18:30:00,2025-03-27 19:59:00,22.7,walk_in,terminee
session_3709,hub_tanger,hub_tanger_borne_4,2025-03-28 14:43:00,2025-03-28 15:30:00,5.6,reservee,terminee
session_3710,hub_tanger,hub_tanger_borne_1,2025-03-28 18:32:00,2025-03-28 19:03:00,27.4,walk_in,terminee
session_3711,hub_tanger,hub_tanger_borne_2,2025-03-29 15:51:00,2025-03-29 16:23:00,7.6,walk_in,terminee
session_3712,hub_tanger,hub_tanger_borne_3,2025-03-29 20:12:00,2025-03-29 21:27:00,37.5,reservee,terminee
session_3713,hub_tanger,hub_tanger_borne_3,2025-03-29 14:18:00,2025-03-29 15:27:00,24.5,walk_in,terminee
session_3714,hub_tanger,hub_tanger_borne_4,2025-03-29 12:08:00,2025-03-29 13:24:00,6.1,walk_in,terminee
session_3715,hub_tanger,hub_tanger_borne_2,2025-03-29 16:04:00,2025-03-29 17:12:00,21.9,walk_in,terminee
session_3716,hub_tanger,hub_tanger_borne_1,2025-03-29 14:07:00,2025-03-29 14:45:00,27.8,reservee,terminee
session_3717,hub_tanger,hub_tanger_borne_2,2025-03-29 18:57:00,2025-03-29 19:24:00,17.4,walk_in,terminee
session_3718,hub_tanger,hub_tanger_borne_3,2025-03-29 15:57:00,2025-03-29 16:52:00,5.3,reservee,terminee
session_3719,hub_tanger,hub_tanger_borne_3,2025-03-29 09:16:00,2025-03-29 10:32:00,6.5,reservee,terminee
session_3720,hub_tanger,hub_tanger_borne_4,2025-03-30 15:55:00,2025-03-30 16:27:00,14.3,reservee,terminee
session_3721,hub_tanger,hub_tanger_borne_3,2025-03-30 14:31:00,2025-03-30 15:14:00,26.3,reservee,terminee
session_3722,hub_tanger,hub_tanger_borne_1,2025-03-30 17:30:00,2025-03-30 18:12:00,5.6,reservee,terminee
session_3723,hub_tanger,hub_tanger_borne_4,2025-03-30 13:38:00,2025-03-30 14:53:00,10.4,walk_in,terminee
session_3724,hub_tanger,hub_tanger_borne_1,2025-03-30 13:30:00,2025-03-30 13:50:00,20.5,reservee,terminee
session_3725,hub_tanger,hub_tanger_borne_2,2025-03-31 14:12:00,2025-03-31 14:57:00,29.5,walk_in,terminee
session_3726,hub_tanger,hub_tanger_borne_4,2025-03-31 19:26:00,2025-03-31 20:39:00,16.2,reservee,terminee
session_3727,hub_tanger,hub_tanger_borne_1,2025-03-31 14:13:00,2025-03-31 14:52:00,17.5,reservee,terminee
session_3728,hub_tanger,hub_tanger_borne_2,2025-03-31 15:08:00,2025-03-31 16:24:00,36.0,walk_in,terminee
session_3729,hub_tanger,hub_tanger_borne_2,2025-03-31 21:08:00,2025-03-31 21:34:00,22.5,reservee,terminee
session_3730,hub_tanger,hub_tanger_borne_3,2025-03-31 20:54:00,2025-03-31 21:35:00,25.2,walk_in,terminee
session_3731,hub_tanger,hub_tanger_borne_3,2025-03-31 17:44:00,2025-03-31 18:56:00,32.7,walk_in,terminee
session_3732,hub_tanger,hub_tanger_borne_2,2025-04-01 18:57:00,2025-04-01 19:37:00,14.5,reservee,terminee
session_3733,hub_tanger,hub_tanger_borne_3,2025-04-01 13:17:00,2025-04-01 14:25:00,9.7,reservee,terminee
session_3734,hub_tanger,hub_tanger_borne_1,2025-04-01 16:48:00,2025-04-01 18:11:00,31.7,walk_in,terminee
session_3735,hub_tanger,hub_tanger_borne_4,2025-04-01 14:52:00,2025-04-01 15:44:00,31.9,walk_in,terminee
session_3736,hub_tanger,hub_tanger_borne_2,2025-04-01 18:06:00,2025-04-01 18:54:00,22.3,walk_in,terminee
session_3737,hub_tanger,hub_tanger_borne_1,2025-04-02 19:19:00,2025-04-02 20:08:00,22.3,reservee,terminee
session_3738,hub_tanger,hub_tanger_borne_1,2025-04-02 19:49:00,2025-04-02 21:05:00,11.3,walk_in,terminee
session_3739,hub_tanger,hub_tanger_borne_3,2025-04-03 18:48:00,2025-04-03 20:04:00,23.9,reservee,terminee
session_3740,hub_tanger,hub_tanger_borne_4,2025-04-03 19:08:00,2025-04-03 19:34:00,34.8,walk_in,terminee
session_3741,hub_tanger,hub_tanger_borne_2,2025-04-03 22:08:00,2025-04-03 22:54:00,33.5,walk_in,terminee
session_3742,hub_tanger,hub_tanger_borne_3,2025-04-04 22:00:00,2025-04-04 23:02:00,26.4,reservee,terminee
session_3743,hub_tanger,hub_tanger_borne_2,2025-04-04 19:31:00,2025-04-04 20:21:00,15.6,reservee,terminee
session_3744,hub_tanger,hub_tanger_borne_4,2025-04-04 21:20:00,2025-04-04 22:28:00,35.3,reservee,terminee
session_3745,hub_tanger,hub_tanger_borne_4,2025-04-05 12:56:00,2025-04-05 14:16:00,26.9,reservee,terminee
session_3746,hub_tanger,hub_tanger_borne_2,2025-04-05 13:48:00,2025-04-05 15:02:00,36.9,reservee,terminee
session_3747,hub_tanger,hub_tanger_borne_1,2025-04-05 15:57:00,2025-04-05 17:04:00,35.9,reservee,terminee
session_3748,hub_tanger,hub_tanger_borne_2,2025-04-05 14:01:00,2025-04-05 14:23:00,29.2,reservee,terminee
session_3749,hub_tanger,hub_tanger_borne_4,2025-04-05 11:06:00,2025-04-05 12:12:00,37.9,reservee,terminee
session_3750,hub_tanger,hub_tanger_borne_4,2025-04-05 08:41:00,2025-04-05 09:51:00,26.6,walk_in,terminee
session_3751,hub_tanger,hub_tanger_borne_4,2025-04-05 14:46:00,2025-04-05 15:35:00,10.4,walk_in,terminee
session_3752,hub_tanger,hub_tanger_borne_4,2025-04-06 18:40:00,2025-04-06 19:57:00,5.9,walk_in,terminee
session_3753,hub_tanger,hub_tanger_borne_4,2025-04-06 21:56:00,2025-04-06 22:40:00,26.6,walk_in,terminee
session_3754,hub_tanger,hub_tanger_borne_3,2025-04-06 16:02:00,2025-04-06 16:29:00,22.3,walk_in,terminee
session_3755,hub_tanger,hub_tanger_borne_4,2025-04-06 11:42:00,2025-04-06 12:04:00,9.8,walk_in,terminee
session_3756,hub_tanger,hub_tanger_borne_4,2025-04-06 18:43:00,2025-04-06 20:10:00,38.0,walk_in,terminee
session_3757,hub_tanger,hub_tanger_borne_4,2025-04-06 17:00:00,2025-04-06 18:04:00,20.1,reservee,terminee
session_3758,hub_tanger,hub_tanger_borne_1,2025-04-06 14:03:00,2025-04-06 15:18:00,36.6,walk_in,terminee
session_3759,hub_tanger,hub_tanger_borne_1,2025-04-07 17:08:00,2025-04-07 18:17:00,36.6,reservee,terminee
session_3760,hub_tanger,hub_tanger_borne_4,2025-04-07 21:50:00,2025-04-07 23:04:00,8.1,walk_in,terminee
session_3761,hub_tanger,hub_tanger_borne_4,2025-04-07 16:20:00,2025-04-07 17:35:00,12.9,reservee,terminee
session_3762,hub_tanger,hub_tanger_borne_1,2025-04-08 19:29:00,2025-04-08 20:46:00,12.2,reservee,terminee
session_3763,hub_tanger,hub_tanger_borne_1,2025-04-08 16:20:00,2025-04-08 17:12:00,39.7,reservee,terminee
session_3764,hub_tanger,hub_tanger_borne_2,2025-04-09 20:25:00,2025-04-09 21:17:00,27.4,walk_in,terminee
session_3765,hub_tanger,hub_tanger_borne_4,2025-04-09 18:22:00,2025-04-09 19:49:00,32.7,reservee,terminee
session_3766,hub_tanger,hub_tanger_borne_1,2025-04-09 22:04:00,2025-04-09 22:57:00,16.9,walk_in,terminee
session_3767,hub_tanger,hub_tanger_borne_1,2025-04-10 22:39:00,2025-04-10 23:33:00,26.8,walk_in,terminee
session_3768,hub_tanger,hub_tanger_borne_3,2025-04-10 22:43:00,2025-04-10 23:50:00,9.7,reservee,terminee
session_3769,hub_tanger,hub_tanger_borne_1,2025-04-10 15:31:00,2025-04-10 16:18:00,26.7,reservee,terminee
session_3770,hub_tanger,hub_tanger_borne_3,2025-04-10 18:53:00,2025-04-10 19:39:00,30.6,walk_in,terminee
session_3771,hub_tanger,hub_tanger_borne_2,2025-04-11 19:24:00,2025-04-11 20:30:00,16.4,walk_in,terminee
session_3772,hub_tanger,hub_tanger_borne_3,2025-04-11 18:08:00,2025-04-11 18:45:00,27.4,reservee,terminee
session_3773,hub_tanger,hub_tanger_borne_2,2025-04-11 20:19:00,2025-04-11 21:04:00,13.2,reservee,terminee
session_3774,hub_tanger,hub_tanger_borne_3,2025-04-11 22:56:00,2025-04-11 23:24:00,15.9,reservee,terminee
session_3775,hub_tanger,hub_tanger_borne_3,2025-04-11 12:00:00,2025-04-11 12:34:00,25.5,reservee,terminee
session_3776,hub_tanger,hub_tanger_borne_3,2025-04-11 17:49:00,2025-04-11 18:36:00,14.8,reservee,terminee
session_3777,hub_tanger,hub_tanger_borne_3,2025-04-11 21:02:00,2025-04-11 21:53:00,12.6,reservee,terminee
session_3778,hub_tanger,hub_tanger_borne_3,2025-04-11 20:08:00,2025-04-11 21:07:00,39.4,reservee,terminee
session_3779,hub_tanger,hub_tanger_borne_2,2025-04-11 20:09:00,2025-04-11 21:34:00,5.0,reservee,terminee
session_3780,hub_tanger,hub_tanger_borne_4,2025-04-11 20:12:00,2025-04-11 21:27:00,36.4,reservee,terminee
session_3781,hub_tanger,hub_tanger_borne_4,2025-04-11 18:15:00,2025-04-11 19:41:00,10.6,reservee,terminee
session_3782,hub_tanger,hub_tanger_borne_1,2025-04-12 14:02:00,2025-04-12 14:23:00,11.2,walk_in,terminee
session_3783,hub_tanger,hub_tanger_borne_1,2025-04-12 13:17:00,2025-04-12 14:16:00,31.0,walk_in,terminee
session_3784,hub_tanger,hub_tanger_borne_4,2025-04-12 13:00:00,2025-04-12 13:22:00,8.4,walk_in,terminee
session_3785,hub_tanger,hub_tanger_borne_3,2025-04-13 21:27:00,2025-04-13 22:34:00,16.7,reservee,terminee
session_3786,hub_tanger,hub_tanger_borne_2,2025-04-13 14:58:00,2025-04-13 15:36:00,10.8,reservee,terminee
session_3787,hub_tanger,hub_tanger_borne_3,2025-04-13 14:31:00,2025-04-13 15:29:00,6.6,reservee,terminee
session_3788,hub_tanger,hub_tanger_borne_4,2025-04-13 11:12:00,2025-04-13 11:46:00,13.4,reservee,terminee
session_3789,hub_tanger,hub_tanger_borne_1,2025-04-13 12:42:00,2025-04-13 13:20:00,18.5,reservee,terminee
session_3790,hub_tanger,hub_tanger_borne_2,2025-04-13 16:51:00,2025-04-13 17:28:00,32.7,reservee,terminee
session_3791,hub_tanger,hub_tanger_borne_4,2025-04-13 16:04:00,2025-04-13 17:11:00,19.4,walk_in,terminee
session_3792,hub_tanger,hub_tanger_borne_1,2025-04-13 15:00:00,2025-04-13 15:36:00,26.3,reservee,terminee
session_3793,hub_tanger,hub_tanger_borne_3,2025-04-13 14:33:00,2025-04-13 15:43:00,29.7,reservee,terminee
session_3794,hub_tanger,hub_tanger_borne_1,2025-04-13 13:14:00,2025-04-13 13:55:00,17.0,reservee,terminee
session_3795,hub_tanger,hub_tanger_borne_4,2025-04-13 14:00:00,2025-04-13 14:40:00,14.3,reservee,terminee
session_3796,hub_tanger,hub_tanger_borne_4,2025-04-14 15:44:00,2025-04-14 16:50:00,38.1,walk_in,terminee
session_3797,hub_tanger,hub_tanger_borne_3,2025-04-14 13:09:00,2025-04-14 14:02:00,9.2,reservee,terminee
session_3798,hub_tanger,hub_tanger_borne_4,2025-04-14 17:51:00,2025-04-14 18:48:00,10.3,walk_in,terminee
session_3799,hub_tanger,hub_tanger_borne_1,2025-04-15 14:39:00,2025-04-15 16:00:00,29.3,walk_in,terminee
session_3800,hub_tanger,hub_tanger_borne_4,2025-04-15 16:45:00,2025-04-15 17:59:00,17.2,reservee,terminee
session_3801,hub_tanger,hub_tanger_borne_4,2025-04-15 15:58:00,2025-04-15 17:27:00,21.6,walk_in,terminee
session_3802,hub_tanger,hub_tanger_borne_2,2025-04-16 20:13:00,2025-04-16 20:49:00,24.3,reservee,terminee
session_3803,hub_tanger,hub_tanger_borne_3,2025-04-16 18:47:00,2025-04-16 19:08:00,26.8,reservee,terminee
session_3804,hub_tanger,hub_tanger_borne_4,2025-04-16 17:47:00,2025-04-16 18:57:00,35.7,reservee,terminee
session_3805,hub_tanger,hub_tanger_borne_2,2025-04-16 22:02:00,2025-04-16 22:59:00,23.3,walk_in,terminee
session_3806,hub_tanger,hub_tanger_borne_1,2025-04-16 18:26:00,2025-04-16 19:27:00,28.1,reservee,terminee
session_3807,hub_tanger,hub_tanger_borne_3,2025-04-16 18:23:00,2025-04-16 19:36:00,32.9,reservee,terminee
session_3808,hub_tanger,hub_tanger_borne_2,2025-04-16 14:45:00,2025-04-16 15:05:00,20.0,reservee,terminee
session_3809,hub_tanger,hub_tanger_borne_1,2025-04-16 17:08:00,2025-04-16 18:22:00,28.1,walk_in,terminee
session_3810,hub_tanger,hub_tanger_borne_4,2025-04-17 22:03:00,2025-04-17 23:30:00,13.9,reservee,terminee
session_3811,hub_tanger,hub_tanger_borne_2,2025-04-17 17:39:00,2025-04-17 18:39:00,16.4,reservee,terminee
session_3812,hub_tanger,hub_tanger_borne_1,2025-04-17 13:25:00,2025-04-17 14:00:00,18.4,walk_in,terminee
session_3813,hub_tanger,hub_tanger_borne_2,2025-04-17 20:25:00,2025-04-17 21:53:00,21.2,reservee,terminee
session_3814,hub_tanger,hub_tanger_borne_2,2025-04-17 12:13:00,2025-04-17 13:40:00,30.7,walk_in,terminee
session_3815,hub_tanger,hub_tanger_borne_4,2025-04-18 17:57:00,2025-04-18 18:18:00,6.1,reservee,terminee
session_3816,hub_tanger,hub_tanger_borne_4,2025-04-18 21:06:00,2025-04-18 21:53:00,30.7,walk_in,terminee
session_3817,hub_tanger,hub_tanger_borne_2,2025-04-18 14:19:00,2025-04-18 15:20:00,6.2,walk_in,terminee
session_3818,hub_tanger,hub_tanger_borne_2,2025-04-18 20:40:00,2025-04-18 21:45:00,31.9,reservee,terminee
session_3819,hub_tanger,hub_tanger_borne_3,2025-04-19 17:53:00,2025-04-19 18:51:00,21.8,walk_in,terminee
session_3820,hub_tanger,hub_tanger_borne_1,2025-04-19 08:05:00,2025-04-19 08:33:00,20.9,reservee,terminee
session_3821,hub_tanger,hub_tanger_borne_3,2025-04-19 13:49:00,2025-04-19 15:13:00,11.9,reservee,terminee
session_3822,hub_tanger,hub_tanger_borne_1,2025-04-19 21:36:00,2025-04-19 22:25:00,29.2,walk_in,terminee
session_3823,hub_tanger,hub_tanger_borne_4,2025-04-19 10:55:00,2025-04-19 11:17:00,39.4,walk_in,terminee
session_3824,hub_tanger,hub_tanger_borne_1,2025-04-19 13:15:00,2025-04-19 14:30:00,12.9,walk_in,terminee
session_3825,hub_tanger,hub_tanger_borne_4,2025-04-19 16:58:00,2025-04-19 17:36:00,29.0,walk_in,terminee
session_3826,hub_tanger,hub_tanger_borne_1,2025-04-20 15:58:00,2025-04-20 17:09:00,26.9,walk_in,terminee
session_3827,hub_tanger,hub_tanger_borne_1,2025-04-20 15:44:00,2025-04-20 16:49:00,34.7,walk_in,terminee
session_3828,hub_tanger,hub_tanger_borne_2,2025-04-20 11:53:00,2025-04-20 13:06:00,17.5,walk_in,terminee
session_3829,hub_tanger,hub_tanger_borne_1,2025-04-20 11:21:00,2025-04-20 12:49:00,28.4,walk_in,terminee
session_3830,hub_tanger,hub_tanger_borne_4,2025-04-20 15:15:00,2025-04-20 16:34:00,22.6,reservee,terminee
session_3831,hub_tanger,hub_tanger_borne_4,2025-04-20 15:00:00,2025-04-20 15:23:00,26.6,walk_in,terminee
session_3832,hub_tanger,hub_tanger_borne_2,2025-04-20 12:23:00,2025-04-20 13:36:00,8.8,reservee,terminee
session_3833,hub_tanger,hub_tanger_borne_3,2025-04-20 11:24:00,2025-04-20 12:26:00,35.9,reservee,terminee
session_3834,hub_tanger,hub_tanger_borne_1,2025-04-21 18:39:00,2025-04-21 19:46:00,23.3,reservee,terminee
session_3835,hub_tanger,hub_tanger_borne_3,2025-04-21 15:20:00,2025-04-21 16:24:00,31.2,walk_in,terminee
session_3836,hub_tanger,hub_tanger_borne_2,2025-04-21 15:17:00,2025-04-21 15:58:00,33.2,walk_in,terminee
session_3837,hub_tanger,hub_tanger_borne_3,2025-04-21 19:06:00,2025-04-21 19:46:00,31.6,walk_in,terminee
session_3838,hub_tanger,hub_tanger_borne_3,2025-04-21 18:29:00,2025-04-21 18:51:00,14.8,walk_in,terminee
session_3839,hub_tanger,hub_tanger_borne_2,2025-04-21 17:42:00,2025-04-21 18:45:00,20.0,reservee,terminee
session_3840,hub_tanger,hub_tanger_borne_4,2025-04-22 17:54:00,2025-04-22 18:43:00,14.5,walk_in,terminee
session_3841,hub_tanger,hub_tanger_borne_1,2025-04-22 22:36:00,2025-04-22 23:51:00,32.5,reservee,terminee
session_3842,hub_tanger,hub_tanger_borne_1,2025-04-22 22:47:00,2025-04-22 23:23:00,16.9,reservee,terminee
session_3843,hub_tanger,hub_tanger_borne_1,2025-04-22 14:48:00,2025-04-22 16:12:00,15.8,walk_in,terminee
session_3844,hub_tanger,hub_tanger_borne_4,2025-04-22 11:57:00,2025-04-22 12:39:00,37.0,reservee,terminee
session_3845,hub_tanger,hub_tanger_borne_1,2025-04-23 13:34:00,2025-04-23 14:03:00,12.0,reservee,terminee
session_3846,hub_tanger,hub_tanger_borne_4,2025-04-23 19:31:00,2025-04-23 20:37:00,27.7,reservee,terminee
session_3847,hub_tanger,hub_tanger_borne_1,2025-04-23 16:32:00,2025-04-23 17:10:00,35.6,reservee,terminee
session_3848,hub_tanger,hub_tanger_borne_3,2025-04-23 15:43:00,2025-04-23 17:09:00,19.4,reservee,terminee
session_3849,hub_tanger,hub_tanger_borne_4,2025-04-24 18:06:00,2025-04-24 18:35:00,20.4,reservee,terminee
session_3850,hub_tanger,hub_tanger_borne_4,2025-04-24 19:23:00,2025-04-24 20:32:00,33.9,reservee,terminee
session_3851,hub_tanger,hub_tanger_borne_1,2025-04-25 19:15:00,2025-04-25 19:57:00,25.0,reservee,terminee
session_3852,hub_tanger,hub_tanger_borne_1,2025-04-25 20:51:00,2025-04-25 22:05:00,16.1,reservee,terminee
session_3853,hub_tanger,hub_tanger_borne_3,2025-04-25 20:38:00,2025-04-25 21:45:00,6.9,reservee,terminee
session_3854,hub_tanger,hub_tanger_borne_2,2025-04-26 11:31:00,2025-04-26 11:58:00,25.0,walk_in,terminee
session_3855,hub_tanger,hub_tanger_borne_3,2025-04-26 14:56:00,2025-04-26 16:19:00,32.7,walk_in,terminee
session_3856,hub_tanger,hub_tanger_borne_4,2025-04-26 16:12:00,2025-04-26 17:36:00,22.6,walk_in,terminee
session_3857,hub_tanger,hub_tanger_borne_2,2025-04-26 13:19:00,2025-04-26 14:32:00,27.2,reservee,terminee
session_3858,hub_tanger,hub_tanger_borne_4,2025-04-26 14:00:00,2025-04-26 15:08:00,7.2,reservee,terminee
session_3859,hub_tanger,hub_tanger_borne_1,2025-04-26 15:14:00,2025-04-26 16:42:00,9.0,walk_in,terminee
session_3860,hub_tanger,hub_tanger_borne_3,2025-04-26 16:55:00,2025-04-26 17:29:00,23.0,walk_in,terminee
session_3861,hub_tanger,hub_tanger_borne_3,2025-04-26 14:18:00,2025-04-26 15:36:00,38.7,reservee,terminee
session_3862,hub_tanger,hub_tanger_borne_3,2025-04-26 20:20:00,2025-04-26 21:12:00,11.9,walk_in,terminee
session_3863,hub_tanger,hub_tanger_borne_2,2025-04-26 13:00:00,2025-04-26 13:50:00,7.7,reservee,terminee
session_3864,hub_tanger,hub_tanger_borne_3,2025-04-27 17:17:00,2025-04-27 18:26:00,27.0,reservee,terminee
session_3865,hub_tanger,hub_tanger_borne_4,2025-04-27 14:18:00,2025-04-27 15:00:00,16.6,walk_in,terminee
session_3866,hub_tanger,hub_tanger_borne_1,2025-04-28 15:35:00,2025-04-28 16:28:00,15.6,reservee,terminee
session_3867,hub_tanger,hub_tanger_borne_4,2025-04-28 12:04:00,2025-04-28 12:59:00,6.2,walk_in,terminee
session_3868,hub_tanger,hub_tanger_borne_1,2025-04-28 16:28:00,2025-04-28 17:20:00,17.6,reservee,terminee
session_3869,hub_tanger,hub_tanger_borne_4,2025-04-28 20:21:00,2025-04-28 20:54:00,17.1,walk_in,terminee
session_3870,hub_tanger,hub_tanger_borne_1,2025-04-28 22:50:00,2025-04-28 23:56:00,6.1,reservee,terminee
session_3871,hub_tanger,hub_tanger_borne_1,2025-04-29 15:14:00,2025-04-29 16:19:00,21.5,reservee,terminee
session_3872,hub_tanger,hub_tanger_borne_4,2025-04-29 19:07:00,2025-04-29 19:40:00,15.4,reservee,terminee
session_3873,hub_tanger,hub_tanger_borne_1,2025-04-29 22:50:00,2025-04-30 00:11:00,16.1,walk_in,terminee
session_3874,hub_tanger,hub_tanger_borne_3,2025-04-29 22:16:00,2025-04-29 23:18:00,7.5,reservee,terminee
session_3875,hub_tanger,hub_tanger_borne_3,2025-04-30 19:35:00,2025-04-30 20:09:00,14.1,walk_in,terminee
session_3876,hub_tanger,hub_tanger_borne_4,2025-04-30 17:07:00,2025-04-30 17:48:00,32.9,reservee,terminee
session_3877,hub_tanger,hub_tanger_borne_3,2025-04-30 15:27:00,2025-04-30 16:48:00,17.6,walk_in,terminee
session_3878,hub_tanger,hub_tanger_borne_2,2025-04-30 20:11:00,2025-04-30 21:08:00,15.9,reservee,terminee
session_3879,hub_tanger,hub_tanger_borne_2,2025-04-30 15:10:00,2025-04-30 16:37:00,33.3,walk_in,terminee
session_3880,hub_tanger,hub_tanger_borne_2,2025-05-01 19:47:00,2025-05-01 20:20:00,5.2,reservee,terminee
session_3881,hub_tanger,hub_tanger_borne_1,2025-05-01 21:01:00,2025-05-01 21:49:00,8.9,reservee,terminee
session_3882,hub_tanger,hub_tanger_borne_3,2025-05-02 17:29:00,2025-05-02 18:28:00,24.1,walk_in,terminee
session_3883,hub_tanger,hub_tanger_borne_3,2025-05-02 16:09:00,2025-05-02 16:55:00,22.1,reservee,terminee
session_3884,hub_tanger,hub_tanger_borne_4,2025-05-02 15:55:00,2025-05-02 17:20:00,22.9,walk_in,terminee
session_3885,hub_tanger,hub_tanger_borne_1,2025-05-03 12:41:00,2025-05-03 13:18:00,14.3,reservee,terminee
session_3886,hub_tanger,hub_tanger_borne_3,2025-05-03 18:20:00,2025-05-03 19:42:00,20.9,walk_in,terminee
session_3887,hub_tanger,hub_tanger_borne_3,2025-05-03 17:10:00,2025-05-03 18:23:00,17.4,walk_in,terminee
session_3888,hub_tanger,hub_tanger_borne_2,2025-05-03 17:29:00,2025-05-03 18:47:00,11.4,walk_in,terminee
session_3889,hub_tanger,hub_tanger_borne_4,2025-05-03 18:47:00,2025-05-03 19:23:00,20.0,walk_in,terminee
session_3890,hub_tanger,hub_tanger_borne_2,2025-05-03 13:40:00,2025-05-03 14:09:00,32.1,reservee,terminee
session_3891,hub_tanger,hub_tanger_borne_1,2025-05-03 11:12:00,2025-05-03 12:01:00,33.6,walk_in,terminee
session_3892,hub_tanger,hub_tanger_borne_4,2025-05-03 11:04:00,2025-05-03 11:54:00,11.8,walk_in,terminee
session_3893,hub_tanger,hub_tanger_borne_4,2025-05-03 15:57:00,2025-05-03 16:30:00,6.8,walk_in,terminee
session_3894,hub_tanger,hub_tanger_borne_1,2025-05-03 14:32:00,2025-05-03 15:59:00,14.4,reservee,terminee
session_3895,hub_tanger,hub_tanger_borne_1,2025-05-03 17:32:00,2025-05-03 18:14:00,25.7,reservee,terminee
session_3896,hub_tanger,hub_tanger_borne_4,2025-05-04 14:21:00,2025-05-04 14:50:00,13.1,reservee,terminee
session_3897,hub_tanger,hub_tanger_borne_2,2025-05-04 14:13:00,2025-05-04 15:28:00,5.5,walk_in,terminee
session_3898,hub_tanger,hub_tanger_borne_3,2025-05-04 13:38:00,2025-05-04 14:31:00,19.3,reservee,terminee
session_3899,hub_tanger,hub_tanger_borne_2,2025-05-04 18:50:00,2025-05-04 19:45:00,34.3,reservee,terminee
session_3900,hub_tanger,hub_tanger_borne_3,2025-05-04 08:19:00,2025-05-04 09:43:00,34.1,walk_in,terminee
session_3901,hub_tanger,hub_tanger_borne_3,2025-05-04 13:22:00,2025-05-04 14:34:00,8.8,walk_in,terminee
session_3902,hub_tanger,hub_tanger_borne_1,2025-05-05 21:17:00,2025-05-05 22:37:00,11.7,reservee,terminee
session_3903,hub_tanger,hub_tanger_borne_1,2025-05-05 18:07:00,2025-05-05 18:45:00,35.1,walk_in,terminee
session_3904,hub_tanger,hub_tanger_borne_4,2025-05-05 18:14:00,2025-05-05 18:35:00,22.3,reservee,terminee
session_3905,hub_tanger,hub_tanger_borne_2,2025-05-07 17:21:00,2025-05-07 17:47:00,15.8,reservee,terminee
session_3906,hub_tanger,hub_tanger_borne_2,2025-05-07 22:46:00,2025-05-07 23:22:00,8.7,reservee,terminee
session_3907,hub_tanger,hub_tanger_borne_1,2025-05-07 21:18:00,2025-05-07 22:08:00,7.6,walk_in,terminee
session_3908,hub_tanger,hub_tanger_borne_2,2025-05-07 14:27:00,2025-05-07 15:36:00,21.6,walk_in,terminee
session_3909,hub_tanger,hub_tanger_borne_2,2025-05-07 21:30:00,2025-05-07 22:55:00,33.4,reservee,terminee
session_3910,hub_tanger,hub_tanger_borne_4,2025-05-08 18:26:00,2025-05-08 18:59:00,12.1,reservee,terminee
session_3911,hub_tanger,hub_tanger_borne_1,2025-05-08 21:17:00,2025-05-08 21:44:00,35.5,reservee,terminee
session_3912,hub_tanger,hub_tanger_borne_2,2025-05-08 18:17:00,2025-05-08 19:27:00,33.8,reservee,terminee
session_3913,hub_tanger,hub_tanger_borne_4,2025-05-08 15:19:00,2025-05-08 16:08:00,25.3,reservee,terminee
session_3914,hub_tanger,hub_tanger_borne_2,2025-05-08 12:01:00,2025-05-08 12:32:00,23.9,reservee,terminee
session_3915,hub_tanger,hub_tanger_borne_1,2025-05-08 15:53:00,2025-05-08 17:05:00,16.0,reservee,terminee
session_3916,hub_tanger,hub_tanger_borne_3,2025-05-08 15:57:00,2025-05-08 16:51:00,13.7,reservee,terminee
session_3917,hub_tanger,hub_tanger_borne_1,2025-05-09 18:25:00,2025-05-09 19:40:00,35.7,walk_in,terminee
session_3918,hub_tanger,hub_tanger_borne_2,2025-05-09 22:45:00,2025-05-09 23:37:00,25.3,walk_in,terminee
session_3919,hub_tanger,hub_tanger_borne_4,2025-05-09 20:18:00,2025-05-09 20:58:00,36.1,walk_in,terminee
session_3920,hub_tanger,hub_tanger_borne_2,2025-05-09 16:27:00,2025-05-09 16:58:00,30.7,reservee,terminee
session_3921,hub_tanger,hub_tanger_borne_4,2025-05-09 22:55:00,2025-05-09 23:51:00,14.3,reservee,terminee
session_3922,hub_tanger,hub_tanger_borne_3,2025-05-09 18:20:00,2025-05-09 19:07:00,24.2,walk_in,terminee
session_3923,hub_tanger,hub_tanger_borne_1,2025-05-09 17:23:00,2025-05-09 18:44:00,39.8,reservee,terminee
session_3924,hub_tanger,hub_tanger_borne_1,2025-05-09 19:53:00,2025-05-09 20:16:00,11.9,walk_in,terminee
session_3925,hub_tanger,hub_tanger_borne_4,2025-05-09 20:05:00,2025-05-09 20:50:00,13.4,walk_in,terminee
session_3926,hub_tanger,hub_tanger_borne_3,2025-05-09 14:50:00,2025-05-09 15:47:00,36.9,reservee,terminee
session_3927,hub_tanger,hub_tanger_borne_1,2025-05-09 16:25:00,2025-05-09 16:59:00,34.3,reservee,terminee
session_3928,hub_tanger,hub_tanger_borne_2,2025-05-09 17:31:00,2025-05-09 18:26:00,11.3,walk_in,terminee
session_3929,hub_tanger,hub_tanger_borne_4,2025-05-09 19:50:00,2025-05-09 21:03:00,22.6,reservee,terminee
session_3930,hub_tanger,hub_tanger_borne_3,2025-05-09 13:56:00,2025-05-09 14:33:00,17.9,reservee,terminee
session_3931,hub_tanger,hub_tanger_borne_2,2025-05-10 21:40:00,2025-05-10 22:19:00,9.5,reservee,terminee
session_3932,hub_tanger,hub_tanger_borne_2,2025-05-10 11:46:00,2025-05-10 13:12:00,32.2,walk_in,terminee
session_3933,hub_tanger,hub_tanger_borne_1,2025-05-10 11:43:00,2025-05-10 12:42:00,33.4,reservee,terminee
session_3934,hub_tanger,hub_tanger_borne_2,2025-05-10 14:37:00,2025-05-10 15:59:00,29.3,reservee,terminee
session_3935,hub_tanger,hub_tanger_borne_4,2025-05-10 08:47:00,2025-05-10 10:00:00,22.2,reservee,terminee
session_3936,hub_tanger,hub_tanger_borne_2,2025-05-10 13:10:00,2025-05-10 14:30:00,11.8,walk_in,terminee
session_3937,hub_tanger,hub_tanger_borne_4,2025-05-10 11:43:00,2025-05-10 12:54:00,32.0,walk_in,terminee
session_3938,hub_tanger,hub_tanger_borne_1,2025-05-10 14:13:00,2025-05-10 15:21:00,28.9,reservee,terminee
session_3939,hub_tanger,hub_tanger_borne_2,2025-05-10 15:18:00,2025-05-10 16:02:00,19.0,walk_in,terminee
session_3940,hub_tanger,hub_tanger_borne_1,2025-05-10 13:40:00,2025-05-10 14:41:00,13.3,walk_in,terminee
session_3941,hub_tanger,hub_tanger_borne_3,2025-05-11 16:27:00,2025-05-11 17:31:00,38.2,reservee,terminee
session_3942,hub_tanger,hub_tanger_borne_1,2025-05-11 12:29:00,2025-05-11 13:43:00,35.1,walk_in,terminee
session_3943,hub_tanger,hub_tanger_borne_4,2025-05-11 17:15:00,2025-05-11 17:51:00,15.2,walk_in,terminee
session_3944,hub_tanger,hub_tanger_borne_1,2025-05-11 10:57:00,2025-05-11 11:39:00,12.8,reservee,terminee
session_3945,hub_tanger,hub_tanger_borne_1,2025-05-11 15:02:00,2025-05-11 15:43:00,16.8,walk_in,terminee
session_3946,hub_tanger,hub_tanger_borne_2,2025-05-11 09:43:00,2025-05-11 10:58:00,37.1,reservee,terminee
session_3947,hub_tanger,hub_tanger_borne_4,2025-05-11 19:02:00,2025-05-11 19:35:00,34.0,reservee,terminee
session_3948,hub_tanger,hub_tanger_borne_1,2025-05-12 17:42:00,2025-05-12 18:35:00,21.3,walk_in,terminee
session_3949,hub_tanger,hub_tanger_borne_1,2025-05-12 22:58:00,2025-05-13 00:12:00,27.4,walk_in,terminee
session_3950,hub_tanger,hub_tanger_borne_4,2025-05-12 18:01:00,2025-05-12 19:15:00,12.3,walk_in,terminee
session_3951,hub_tanger,hub_tanger_borne_4,2025-05-13 16:26:00,2025-05-13 16:54:00,27.5,walk_in,terminee
session_3952,hub_tanger,hub_tanger_borne_3,2025-05-13 14:23:00,2025-05-13 15:52:00,35.8,walk_in,terminee
session_3953,hub_tanger,hub_tanger_borne_4,2025-05-13 22:07:00,2025-05-13 22:39:00,14.1,reservee,terminee
session_3954,hub_tanger,hub_tanger_borne_4,2025-05-13 19:13:00,2025-05-13 20:35:00,38.5,reservee,terminee
session_3955,hub_tanger,hub_tanger_borne_1,2025-05-14 22:50:00,2025-05-14 23:59:00,10.4,walk_in,terminee
session_3956,hub_tanger,hub_tanger_borne_3,2025-05-14 18:20:00,2025-05-14 19:02:00,39.8,reservee,terminee
session_3957,hub_tanger,hub_tanger_borne_2,2025-05-14 20:31:00,2025-05-14 21:52:00,39.4,walk_in,terminee
session_3958,hub_tanger,hub_tanger_borne_4,2025-05-14 19:16:00,2025-05-14 19:58:00,27.9,reservee,terminee
session_3959,hub_tanger,hub_tanger_borne_1,2025-05-14 16:04:00,2025-05-14 17:17:00,8.9,reservee,terminee
session_3960,hub_tanger,hub_tanger_borne_3,2025-05-14 17:52:00,2025-05-14 18:58:00,32.6,reservee,terminee
session_3961,hub_tanger,hub_tanger_borne_1,2025-05-14 17:43:00,2025-05-14 18:13:00,34.2,walk_in,terminee
session_3962,hub_tanger,hub_tanger_borne_2,2025-05-15 20:19:00,2025-05-15 20:56:00,27.1,walk_in,terminee
session_3963,hub_tanger,hub_tanger_borne_4,2025-05-15 22:55:00,2025-05-15 23:22:00,23.9,reservee,terminee
session_3964,hub_tanger,hub_tanger_borne_4,2025-05-15 13:10:00,2025-05-15 14:24:00,17.4,walk_in,terminee
session_3965,hub_tanger,hub_tanger_borne_2,2025-05-15 22:27:00,2025-05-15 23:24:00,39.1,walk_in,terminee
session_3966,hub_tanger,hub_tanger_borne_1,2025-05-15 20:30:00,2025-05-15 21:45:00,25.9,reservee,terminee
session_3967,hub_tanger,hub_tanger_borne_1,2025-05-15 20:00:00,2025-05-15 21:22:00,33.7,walk_in,terminee
session_3968,hub_tanger,hub_tanger_borne_1,2025-05-16 11:25:00,2025-05-16 12:52:00,14.7,reservee,terminee
session_3969,hub_tanger,hub_tanger_borne_4,2025-05-16 20:16:00,2025-05-16 21:26:00,29.8,walk_in,terminee
session_3970,hub_tanger,hub_tanger_borne_3,2025-05-16 14:58:00,2025-05-16 15:21:00,22.4,walk_in,terminee
session_3971,hub_tanger,hub_tanger_borne_4,2025-05-18 14:48:00,2025-05-18 16:04:00,25.7,reservee,terminee
session_3972,hub_tanger,hub_tanger_borne_1,2025-05-18 15:14:00,2025-05-18 16:37:00,32.2,reservee,terminee
session_3973,hub_tanger,hub_tanger_borne_3,2025-05-18 14:54:00,2025-05-18 16:15:00,26.5,reservee,terminee
session_3974,hub_tanger,hub_tanger_borne_3,2025-05-18 16:34:00,2025-05-18 17:12:00,36.5,reservee,terminee
session_3975,hub_tanger,hub_tanger_borne_4,2025-05-18 15:15:00,2025-05-18 15:54:00,21.1,reservee,terminee
session_3976,hub_tanger,hub_tanger_borne_3,2025-05-19 15:23:00,2025-05-19 16:11:00,30.4,reservee,terminee
session_3977,hub_tanger,hub_tanger_borne_2,2025-05-19 19:01:00,2025-05-19 19:51:00,8.1,reservee,terminee
session_3978,hub_tanger,hub_tanger_borne_3,2025-05-20 19:07:00,2025-05-20 20:36:00,36.7,reservee,terminee
session_3979,hub_tanger,hub_tanger_borne_3,2025-05-20 17:45:00,2025-05-20 18:26:00,5.8,reservee,terminee
session_3980,hub_tanger,hub_tanger_borne_2,2025-05-20 14:38:00,2025-05-20 15:48:00,24.6,reservee,terminee
session_3981,hub_tanger,hub_tanger_borne_4,2025-05-20 17:52:00,2025-05-20 18:25:00,18.9,reservee,terminee
session_3982,hub_tanger,hub_tanger_borne_1,2025-05-20 22:13:00,2025-05-20 23:19:00,17.9,walk_in,terminee
session_3983,hub_tanger,hub_tanger_borne_1,2025-05-21 19:37:00,2025-05-21 20:43:00,6.1,reservee,terminee
session_3984,hub_tanger,hub_tanger_borne_2,2025-05-21 19:21:00,2025-05-21 20:42:00,17.4,reservee,terminee
session_3985,hub_tanger,hub_tanger_borne_3,2025-05-21 18:24:00,2025-05-21 19:39:00,34.1,reservee,terminee
session_3986,hub_tanger,hub_tanger_borne_2,2025-05-21 15:57:00,2025-05-21 16:38:00,17.0,reservee,terminee
session_3987,hub_tanger,hub_tanger_borne_4,2025-05-22 14:12:00,2025-05-22 14:48:00,38.4,walk_in,terminee
session_3988,hub_tanger,hub_tanger_borne_4,2025-05-22 21:36:00,2025-05-22 22:35:00,22.8,walk_in,terminee
session_3989,hub_tanger,hub_tanger_borne_4,2025-05-22 20:35:00,2025-05-22 21:26:00,28.6,reservee,terminee
session_3990,hub_tanger,hub_tanger_borne_3,2025-05-23 17:06:00,2025-05-23 17:44:00,31.8,walk_in,terminee
session_3991,hub_tanger,hub_tanger_borne_2,2025-05-23 17:47:00,2025-05-23 18:39:00,29.9,reservee,terminee
session_3992,hub_tanger,hub_tanger_borne_1,2025-05-23 18:41:00,2025-05-23 20:05:00,27.0,walk_in,terminee
session_3993,hub_tanger,hub_tanger_borne_4,2025-05-23 18:44:00,2025-05-23 20:02:00,19.4,reservee,terminee
session_3994,hub_tanger,hub_tanger_borne_1,2025-05-23 19:03:00,2025-05-23 20:14:00,33.0,reservee,terminee
session_3995,hub_tanger,hub_tanger_borne_1,2025-05-23 19:49:00,2025-05-23 20:49:00,39.2,walk_in,terminee
session_3996,hub_tanger,hub_tanger_borne_1,2025-05-24 11:49:00,2025-05-24 12:17:00,25.4,reservee,terminee
session_3997,hub_tanger,hub_tanger_borne_1,2025-05-24 13:55:00,2025-05-24 15:23:00,21.4,walk_in,terminee
session_3998,hub_tanger,hub_tanger_borne_4,2025-05-24 11:04:00,2025-05-24 12:12:00,24.6,walk_in,terminee
session_3999,hub_tanger,hub_tanger_borne_1,2025-05-24 15:42:00,2025-05-24 16:12:00,12.5,reservee,terminee
session_4000,hub_tanger,hub_tanger_borne_2,2025-05-24 13:49:00,2025-05-24 14:37:00,26.1,reservee,terminee
session_4001,hub_tanger,hub_tanger_borne_4,2025-05-24 17:55:00,2025-05-24 18:33:00,32.6,reservee,terminee
session_4002,hub_tanger,hub_tanger_borne_2,2025-05-24 12:45:00,2025-05-24 13:46:00,35.4,walk_in,terminee
session_4003,hub_tanger,hub_tanger_borne_1,2025-05-25 14:27:00,2025-05-25 15:45:00,31.8,walk_in,terminee
session_4004,hub_tanger,hub_tanger_borne_3,2025-05-25 06:39:00,2025-05-25 07:56:00,27.4,reservee,terminee
session_4005,hub_tanger,hub_tanger_borne_2,2025-05-25 18:01:00,2025-05-25 18:39:00,10.5,reservee,terminee
session_4006,hub_tanger,hub_tanger_borne_4,2025-05-25 15:04:00,2025-05-25 16:18:00,35.4,reservee,terminee
session_4007,hub_tanger,hub_tanger_borne_4,2025-05-25 14:25:00,2025-05-25 15:31:00,34.1,reservee,terminee
session_4008,hub_tanger,hub_tanger_borne_4,2025-05-25 12:43:00,2025-05-25 13:09:00,37.1,reservee,terminee
session_4009,hub_tanger,hub_tanger_borne_3,2025-05-25 16:23:00,2025-05-25 17:03:00,10.7,reservee,terminee
session_4010,hub_tanger,hub_tanger_borne_2,2025-05-26 20:39:00,2025-05-26 21:51:00,16.4,walk_in,terminee
session_4011,hub_tanger,hub_tanger_borne_1,2025-05-26 16:50:00,2025-05-26 17:56:00,19.5,walk_in,terminee
session_4012,hub_tanger,hub_tanger_borne_4,2025-05-26 14:52:00,2025-05-26 16:16:00,31.1,reservee,terminee
session_4013,hub_tanger,hub_tanger_borne_3,2025-05-26 16:36:00,2025-05-26 17:50:00,22.3,reservee,terminee
session_4014,hub_tanger,hub_tanger_borne_4,2025-05-27 15:18:00,2025-05-27 16:04:00,21.3,walk_in,terminee
session_4015,hub_tanger,hub_tanger_borne_3,2025-05-27 17:41:00,2025-05-27 19:09:00,16.1,reservee,terminee
session_4016,hub_tanger,hub_tanger_borne_4,2025-05-27 16:48:00,2025-05-27 17:32:00,8.9,reservee,terminee
session_4017,hub_tanger,hub_tanger_borne_2,2025-05-28 16:44:00,2025-05-28 17:30:00,37.7,walk_in,terminee
session_4018,hub_tanger,hub_tanger_borne_2,2025-05-28 16:48:00,2025-05-28 17:42:00,9.2,reservee,terminee
session_4019,hub_tanger,hub_tanger_borne_3,2025-05-29 19:21:00,2025-05-29 20:05:00,7.2,reservee,terminee
session_4020,hub_tanger,hub_tanger_borne_3,2025-05-29 16:02:00,2025-05-29 16:23:00,25.7,walk_in,terminee
session_4021,hub_tanger,hub_tanger_borne_4,2025-05-29 12:57:00,2025-05-29 13:33:00,21.8,walk_in,terminee
session_4022,hub_tanger,hub_tanger_borne_3,2025-05-29 13:55:00,2025-05-29 14:38:00,10.5,reservee,terminee
session_4023,hub_tanger,hub_tanger_borne_2,2025-05-29 20:50:00,2025-05-29 21:26:00,21.0,reservee,terminee
session_4024,hub_tanger,hub_tanger_borne_1,2025-05-29 19:24:00,2025-05-29 20:44:00,31.6,reservee,terminee
session_4025,hub_tanger,hub_tanger_borne_3,2025-05-29 19:43:00,2025-05-29 20:24:00,13.9,walk_in,terminee
session_4026,hub_tanger,hub_tanger_borne_3,2025-05-29 22:18:00,2025-05-29 23:28:00,30.0,reservee,terminee
session_4027,hub_tanger,hub_tanger_borne_2,2025-05-30 22:15:00,2025-05-30 23:33:00,10.5,walk_in,terminee
session_4028,hub_tanger,hub_tanger_borne_3,2025-05-30 16:57:00,2025-05-30 17:20:00,10.2,reservee,terminee
session_4029,hub_tanger,hub_tanger_borne_1,2025-05-30 18:47:00,2025-05-30 19:10:00,32.3,reservee,terminee
session_4030,hub_tanger,hub_tanger_borne_4,2025-05-31 08:10:00,2025-05-31 09:28:00,20.1,reservee,terminee
session_4031,hub_tanger,hub_tanger_borne_2,2025-05-31 12:03:00,2025-05-31 13:10:00,14.0,reservee,terminee
session_4032,hub_tanger,hub_tanger_borne_2,2025-05-31 09:37:00,2025-05-31 10:31:00,30.7,reservee,terminee
session_4033,hub_tanger,hub_tanger_borne_1,2025-05-31 14:10:00,2025-05-31 14:31:00,17.7,reservee,terminee
session_4034,hub_tanger,hub_tanger_borne_1,2025-05-31 15:23:00,2025-05-31 15:43:00,27.5,walk_in,terminee
session_4035,hub_tanger,hub_tanger_borne_4,2025-05-31 14:09:00,2025-05-31 15:29:00,29.8,reservee,terminee
session_4036,hub_tanger,hub_tanger_borne_2,2025-05-31 11:11:00,2025-05-31 12:21:00,29.6,reservee,terminee
session_4037,hub_tanger,hub_tanger_borne_2,2025-05-31 14:53:00,2025-05-31 15:46:00,24.3,walk_in,terminee
session_4038,hub_tanger,hub_tanger_borne_1,2025-05-31 14:45:00,2025-05-31 15:27:00,15.8,walk_in,terminee
session_4039,hub_tanger,hub_tanger_borne_1,2025-05-31 12:09:00,2025-05-31 12:57:00,32.9,reservee,terminee
session_4040,hub_tanger,hub_tanger_borne_2,2025-06-01 12:36:00,2025-06-01 13:38:00,14.8,reservee,terminee
session_4041,hub_tanger,hub_tanger_borne_3,2025-06-01 12:12:00,2025-06-01 12:44:00,13.6,reservee,terminee
session_4042,hub_tanger,hub_tanger_borne_2,2025-06-01 18:30:00,2025-06-01 19:14:00,30.2,reservee,terminee
session_4043,hub_tanger,hub_tanger_borne_1,2025-06-01 13:32:00,2025-06-01 14:13:00,25.0,reservee,terminee
session_4044,hub_tanger,hub_tanger_borne_2,2025-06-01 16:17:00,2025-06-01 17:25:00,13.0,reservee,terminee
session_4045,hub_tanger,hub_tanger_borne_3,2025-06-01 17:40:00,2025-06-01 18:37:00,33.5,reservee,terminee
session_4046,hub_tanger,hub_tanger_borne_4,2025-06-01 09:43:00,2025-06-01 10:33:00,18.2,walk_in,terminee
session_4047,hub_tanger,hub_tanger_borne_2,2025-06-01 11:44:00,2025-06-01 12:27:00,22.8,reservee,terminee
session_4048,hub_tanger,hub_tanger_borne_3,2025-06-01 14:13:00,2025-06-01 14:34:00,37.4,reservee,terminee
session_4049,hub_tanger,hub_tanger_borne_2,2025-06-02 13:13:00,2025-06-02 13:45:00,12.6,reservee,terminee
session_4050,hub_tanger,hub_tanger_borne_3,2025-06-02 15:41:00,2025-06-02 16:31:00,11.9,reservee,terminee
session_4051,hub_tanger,hub_tanger_borne_2,2025-06-02 17:22:00,2025-06-02 18:17:00,33.4,reservee,terminee
session_4052,hub_tanger,hub_tanger_borne_2,2025-06-03 19:04:00,2025-06-03 19:56:00,31.5,reservee,terminee
session_4053,hub_tanger,hub_tanger_borne_3,2025-06-03 16:34:00,2025-06-03 17:26:00,7.8,walk_in,terminee
session_4054,hub_tanger,hub_tanger_borne_3,2025-06-03 17:12:00,2025-06-03 17:36:00,25.0,reservee,terminee
session_4055,hub_tanger,hub_tanger_borne_2,2025-06-03 16:55:00,2025-06-03 18:23:00,12.9,reservee,terminee
session_4056,hub_tanger,hub_tanger_borne_4,2025-06-04 22:37:00,2025-06-04 23:37:00,19.8,reservee,terminee
session_4057,hub_tanger,hub_tanger_borne_3,2025-06-04 17:55:00,2025-06-04 19:13:00,18.8,reservee,terminee
session_4058,hub_tanger,hub_tanger_borne_3,2025-06-04 17:03:00,2025-06-04 18:12:00,30.6,reservee,terminee
session_4059,hub_tanger,hub_tanger_borne_3,2025-06-04 18:58:00,2025-06-04 20:14:00,37.5,reservee,terminee
session_4060,hub_tanger,hub_tanger_borne_4,2025-06-04 16:36:00,2025-06-04 17:06:00,10.3,reservee,terminee
session_4061,hub_tanger,hub_tanger_borne_1,2025-06-04 14:29:00,2025-06-04 15:44:00,31.9,reservee,terminee
session_4062,hub_tanger,hub_tanger_borne_1,2025-06-04 22:18:00,2025-06-04 23:43:00,35.4,reservee,terminee
session_4063,hub_tanger,hub_tanger_borne_2,2025-06-04 15:49:00,2025-06-04 17:09:00,24.5,walk_in,terminee
session_4064,hub_tanger,hub_tanger_borne_3,2025-06-05 11:06:00,2025-06-05 11:56:00,25.5,walk_in,terminee
session_4065,hub_tanger,hub_tanger_borne_3,2025-06-05 16:13:00,2025-06-05 17:33:00,28.2,walk_in,terminee
session_4066,hub_tanger,hub_tanger_borne_4,2025-06-06 17:17:00,2025-06-06 17:40:00,39.8,reservee,terminee
session_4067,hub_tanger,hub_tanger_borne_3,2025-06-06 17:50:00,2025-06-06 18:40:00,25.2,walk_in,terminee
session_4068,hub_tanger,hub_tanger_borne_2,2025-06-06 15:40:00,2025-06-06 16:49:00,11.8,reservee,terminee
session_4069,hub_tanger,hub_tanger_borne_4,2025-06-06 09:02:00,2025-06-06 09:43:00,36.8,reservee,terminee
session_4070,hub_tanger,hub_tanger_borne_1,2025-06-07 08:27:00,2025-06-07 09:13:00,33.0,reservee,terminee
session_4071,hub_tanger,hub_tanger_borne_1,2025-06-07 15:07:00,2025-06-07 15:45:00,32.4,walk_in,terminee
session_4072,hub_tanger,hub_tanger_borne_2,2025-06-07 17:27:00,2025-06-07 18:49:00,18.8,walk_in,terminee
session_4073,hub_tanger,hub_tanger_borne_2,2025-06-07 17:25:00,2025-06-07 18:22:00,8.7,reservee,terminee
session_4074,hub_tanger,hub_tanger_borne_3,2025-06-07 12:58:00,2025-06-07 13:24:00,36.3,reservee,terminee
session_4075,hub_tanger,hub_tanger_borne_3,2025-06-07 15:06:00,2025-06-07 16:14:00,31.4,walk_in,terminee
session_4076,hub_tanger,hub_tanger_borne_2,2025-06-07 12:46:00,2025-06-07 14:06:00,18.7,walk_in,terminee
session_4077,hub_tanger,hub_tanger_borne_4,2025-06-08 16:29:00,2025-06-08 16:52:00,7.4,reservee,terminee
session_4078,hub_tanger,hub_tanger_borne_3,2025-06-08 13:01:00,2025-06-08 14:12:00,10.1,reservee,terminee
session_4079,hub_tanger,hub_tanger_borne_3,2025-06-08 22:07:00,2025-06-08 22:57:00,8.9,reservee,terminee
session_4080,hub_tanger,hub_tanger_borne_4,2025-06-08 14:01:00,2025-06-08 14:30:00,15.3,walk_in,terminee
session_4081,hub_tanger,hub_tanger_borne_2,2025-06-08 19:36:00,2025-06-08 20:06:00,37.5,walk_in,terminee
session_4082,hub_tanger,hub_tanger_borne_1,2025-06-09 17:39:00,2025-06-09 18:29:00,22.0,reservee,terminee
session_4083,hub_tanger,hub_tanger_borne_3,2025-06-09 22:47:00,2025-06-09 23:48:00,37.2,walk_in,terminee
session_4084,hub_tanger,hub_tanger_borne_4,2025-06-09 17:10:00,2025-06-09 18:33:00,28.1,walk_in,terminee
session_4085,hub_tanger,hub_tanger_borne_1,2025-06-09 19:26:00,2025-06-09 19:55:00,18.9,reservee,terminee
session_4086,hub_tanger,hub_tanger_borne_4,2025-06-10 15:57:00,2025-06-10 17:08:00,23.4,walk_in,terminee
session_4087,hub_tanger,hub_tanger_borne_2,2025-06-10 16:56:00,2025-06-10 18:04:00,5.5,walk_in,terminee
session_4088,hub_tanger,hub_tanger_borne_1,2025-06-10 17:17:00,2025-06-10 17:51:00,27.0,reservee,terminee
session_4089,hub_tanger,hub_tanger_borne_3,2025-06-11 19:35:00,2025-06-11 19:58:00,39.9,reservee,terminee
session_4090,hub_tanger,hub_tanger_borne_1,2025-06-11 15:35:00,2025-06-11 15:55:00,15.5,reservee,terminee
session_4091,hub_tanger,hub_tanger_borne_1,2025-06-12 16:19:00,2025-06-12 16:58:00,15.4,walk_in,terminee
session_4092,hub_tanger,hub_tanger_borne_3,2025-06-12 20:37:00,2025-06-12 21:41:00,5.5,reservee,terminee
session_4093,hub_tanger,hub_tanger_borne_4,2025-06-12 11:48:00,2025-06-12 12:27:00,16.1,reservee,terminee
session_4094,hub_tanger,hub_tanger_borne_3,2025-06-12 15:22:00,2025-06-12 16:01:00,26.3,walk_in,terminee
session_4095,hub_tanger,hub_tanger_borne_3,2025-06-13 20:33:00,2025-06-13 21:08:00,30.6,walk_in,terminee
session_4096,hub_tanger,hub_tanger_borne_1,2025-06-13 11:55:00,2025-06-13 12:33:00,20.5,walk_in,terminee
session_4097,hub_tanger,hub_tanger_borne_4,2025-06-13 16:56:00,2025-06-13 17:30:00,30.3,reservee,terminee
session_4098,hub_tanger,hub_tanger_borne_2,2025-06-13 21:01:00,2025-06-13 21:37:00,14.1,reservee,terminee
session_4099,hub_tanger,hub_tanger_borne_4,2025-06-13 18:20:00,2025-06-13 18:55:00,9.7,reservee,terminee
session_4100,hub_tanger,hub_tanger_borne_4,2025-06-13 20:42:00,2025-06-13 21:05:00,6.4,reservee,terminee
session_4101,hub_tanger,hub_tanger_borne_1,2025-06-14 16:34:00,2025-06-14 17:14:00,16.0,reservee,terminee
session_4102,hub_tanger,hub_tanger_borne_3,2025-06-14 07:18:00,2025-06-14 08:43:00,12.2,reservee,terminee
session_4103,hub_tanger,hub_tanger_borne_3,2025-06-14 13:57:00,2025-06-14 14:50:00,33.0,reservee,terminee
session_4104,hub_tanger,hub_tanger_borne_4,2025-06-14 10:40:00,2025-06-14 11:43:00,23.1,walk_in,terminee
session_4105,hub_tanger,hub_tanger_borne_3,2025-06-14 10:19:00,2025-06-14 11:40:00,28.1,reservee,terminee
session_4106,hub_tanger,hub_tanger_borne_3,2025-06-14 17:24:00,2025-06-14 17:57:00,34.9,walk_in,terminee
session_4107,hub_tanger,hub_tanger_borne_3,2025-06-15 09:28:00,2025-06-15 10:37:00,10.8,reservee,terminee
session_4108,hub_tanger,hub_tanger_borne_4,2025-06-15 12:19:00,2025-06-15 12:51:00,5.8,reservee,terminee
session_4109,hub_tanger,hub_tanger_borne_2,2025-06-15 10:26:00,2025-06-15 11:06:00,32.1,walk_in,terminee
session_4110,hub_tanger,hub_tanger_borne_2,2025-06-15 12:27:00,2025-06-15 13:05:00,36.5,reservee,terminee
session_4111,hub_tanger,hub_tanger_borne_4,2025-06-15 17:36:00,2025-06-15 19:00:00,11.3,reservee,terminee
session_4112,hub_tanger,hub_tanger_borne_4,2025-06-15 17:51:00,2025-06-15 18:30:00,26.6,reservee,terminee
session_4113,hub_tanger,hub_tanger_borne_1,2025-06-15 15:30:00,2025-06-15 16:40:00,23.1,reservee,terminee
session_4114,hub_tanger,hub_tanger_borne_4,2025-06-15 14:21:00,2025-06-15 15:40:00,35.2,reservee,terminee
session_4115,hub_tanger,hub_tanger_borne_1,2025-06-15 12:55:00,2025-06-15 14:06:00,6.1,walk_in,terminee
session_4116,hub_tanger,hub_tanger_borne_4,2025-06-15 17:01:00,2025-06-15 17:29:00,33.1,reservee,terminee
session_4117,hub_tanger,hub_tanger_borne_4,2025-06-16 14:50:00,2025-06-16 15:35:00,15.8,walk_in,terminee
session_4118,hub_tanger,hub_tanger_borne_4,2025-06-16 21:25:00,2025-06-16 22:48:00,31.2,reservee,terminee
session_4119,hub_tanger,hub_tanger_borne_2,2025-06-16 22:49:00,2025-06-16 23:33:00,15.8,reservee,terminee
session_4120,hub_tanger,hub_tanger_borne_1,2025-06-17 13:11:00,2025-06-17 13:55:00,38.5,reservee,terminee
session_4121,hub_tanger,hub_tanger_borne_3,2025-06-17 21:06:00,2025-06-17 21:49:00,36.3,walk_in,terminee
session_4122,hub_tanger,hub_tanger_borne_3,2025-06-17 20:15:00,2025-06-17 21:15:00,6.8,reservee,terminee
session_4123,hub_tanger,hub_tanger_borne_3,2025-06-17 17:00:00,2025-06-17 17:36:00,10.3,reservee,terminee
session_4124,hub_tanger,hub_tanger_borne_4,2025-06-18 13:05:00,2025-06-18 14:10:00,14.3,walk_in,terminee
session_4125,hub_tanger,hub_tanger_borne_2,2025-06-18 18:10:00,2025-06-18 18:58:00,23.0,walk_in,terminee
session_4126,hub_tanger,hub_tanger_borne_2,2025-06-18 18:32:00,2025-06-18 19:07:00,35.8,walk_in,terminee
session_4127,hub_tanger,hub_tanger_borne_2,2025-06-18 18:34:00,2025-06-18 19:42:00,13.8,walk_in,terminee
session_4128,hub_tanger,hub_tanger_borne_2,2025-06-19 16:15:00,2025-06-19 17:12:00,21.4,reservee,terminee
session_4129,hub_tanger,hub_tanger_borne_3,2025-06-19 16:30:00,2025-06-19 16:50:00,18.6,reservee,terminee
session_4130,hub_tanger,hub_tanger_borne_3,2025-06-19 19:50:00,2025-06-19 21:18:00,38.3,reservee,terminee
session_4131,hub_tanger,hub_tanger_borne_1,2025-06-19 18:17:00,2025-06-19 18:41:00,34.6,walk_in,terminee
session_4132,hub_tanger,hub_tanger_borne_3,2025-06-19 17:42:00,2025-06-19 18:32:00,10.2,walk_in,terminee
session_4133,hub_tanger,hub_tanger_borne_4,2025-06-19 21:20:00,2025-06-19 21:49:00,33.0,walk_in,terminee
session_4134,hub_tanger,hub_tanger_borne_3,2025-06-20 19:39:00,2025-06-20 20:33:00,23.8,reservee,terminee
session_4135,hub_tanger,hub_tanger_borne_1,2025-06-20 15:10:00,2025-06-20 16:22:00,13.2,walk_in,terminee
session_4136,hub_tanger,hub_tanger_borne_3,2025-06-20 22:16:00,2025-06-20 23:02:00,35.8,walk_in,terminee
session_4137,hub_tanger,hub_tanger_borne_3,2025-06-20 17:02:00,2025-06-20 18:04:00,19.6,reservee,terminee
session_4138,hub_tanger,hub_tanger_borne_2,2025-06-20 18:17:00,2025-06-20 19:39:00,19.7,reservee,terminee
session_4139,hub_tanger,hub_tanger_borne_3,2025-06-20 19:21:00,2025-06-20 19:46:00,10.4,walk_in,terminee
session_4140,hub_tanger,hub_tanger_borne_3,2025-06-20 17:04:00,2025-06-20 17:35:00,18.9,reservee,terminee
session_4141,hub_tanger,hub_tanger_borne_3,2025-06-20 18:29:00,2025-06-20 19:40:00,27.2,walk_in,terminee
session_4142,hub_tanger,hub_tanger_borne_3,2025-06-20 15:35:00,2025-06-20 16:06:00,30.0,reservee,terminee
session_4143,hub_tanger,hub_tanger_borne_4,2025-06-21 15:24:00,2025-06-21 16:20:00,34.5,walk_in,terminee
session_4144,hub_tanger,hub_tanger_borne_3,2025-06-21 14:50:00,2025-06-21 15:14:00,25.7,reservee,terminee
session_4145,hub_tanger,hub_tanger_borne_1,2025-06-21 16:44:00,2025-06-21 17:59:00,35.9,reservee,terminee
session_4146,hub_tanger,hub_tanger_borne_1,2025-06-21 13:14:00,2025-06-21 14:00:00,23.4,walk_in,terminee
session_4147,hub_tanger,hub_tanger_borne_1,2025-06-21 16:11:00,2025-06-21 16:43:00,31.4,reservee,terminee
session_4148,hub_tanger,hub_tanger_borne_1,2025-06-21 11:14:00,2025-06-21 11:59:00,33.8,reservee,terminee
session_4149,hub_tanger,hub_tanger_borne_3,2025-06-22 13:41:00,2025-06-22 14:33:00,24.6,reservee,terminee
session_4150,hub_tanger,hub_tanger_borne_2,2025-06-22 12:48:00,2025-06-22 14:00:00,14.9,walk_in,terminee
session_4151,hub_tanger,hub_tanger_borne_1,2025-06-23 15:13:00,2025-06-23 16:36:00,16.5,reservee,terminee
session_4152,hub_tanger,hub_tanger_borne_1,2025-06-23 14:12:00,2025-06-23 14:41:00,17.1,reservee,terminee
session_4153,hub_tanger,hub_tanger_borne_1,2025-06-24 20:38:00,2025-06-24 21:38:00,29.2,reservee,terminee
session_4154,hub_tanger,hub_tanger_borne_4,2025-06-24 20:27:00,2025-06-24 21:32:00,36.8,reservee,terminee
session_4155,hub_tanger,hub_tanger_borne_1,2025-06-24 12:38:00,2025-06-24 13:46:00,33.6,walk_in,terminee
session_4156,hub_tanger,hub_tanger_borne_3,2025-06-25 16:17:00,2025-06-25 16:54:00,14.0,walk_in,terminee
session_4157,hub_tanger,hub_tanger_borne_2,2025-06-25 17:40:00,2025-06-25 18:27:00,38.9,walk_in,terminee
session_4158,hub_tanger,hub_tanger_borne_3,2025-06-25 17:40:00,2025-06-25 18:28:00,10.4,walk_in,terminee
session_4159,hub_tanger,hub_tanger_borne_1,2025-06-25 15:20:00,2025-06-25 16:45:00,34.9,reservee,terminee
session_4160,hub_tanger,hub_tanger_borne_1,2025-06-27 18:12:00,2025-06-27 19:15:00,22.0,reservee,terminee
session_4161,hub_tanger,hub_tanger_borne_3,2025-06-27 18:51:00,2025-06-27 19:41:00,10.2,reservee,terminee
session_4162,hub_tanger,hub_tanger_borne_4,2025-06-27 22:09:00,2025-06-27 23:08:00,16.9,walk_in,terminee
session_4163,hub_tanger,hub_tanger_borne_4,2025-06-28 13:55:00,2025-06-28 14:41:00,6.3,reservee,terminee
session_4164,hub_tanger,hub_tanger_borne_3,2025-06-28 15:06:00,2025-06-28 15:41:00,24.7,walk_in,terminee
session_4165,hub_tanger,hub_tanger_borne_1,2025-06-28 12:26:00,2025-06-28 13:25:00,6.7,reservee,terminee
session_4166,hub_tanger,hub_tanger_borne_4,2025-06-28 13:19:00,2025-06-28 14:39:00,27.1,walk_in,terminee
session_4167,hub_tanger,hub_tanger_borne_1,2025-06-28 10:36:00,2025-06-28 11:28:00,10.0,reservee,terminee
session_4168,hub_tanger,hub_tanger_borne_2,2025-06-28 13:05:00,2025-06-28 14:23:00,38.8,reservee,terminee
session_4169,hub_tanger,hub_tanger_borne_4,2025-06-28 13:47:00,2025-06-28 14:45:00,37.7,reservee,terminee
session_4170,hub_tanger,hub_tanger_borne_2,2025-06-28 18:28:00,2025-06-28 19:05:00,32.5,walk_in,terminee
session_4171,hub_tanger,hub_tanger_borne_1,2025-06-29 13:54:00,2025-06-29 14:27:00,11.6,reservee,terminee
session_4172,hub_tanger,hub_tanger_borne_2,2025-06-29 15:33:00,2025-06-29 16:24:00,11.7,reservee,terminee
session_4173,hub_tanger,hub_tanger_borne_3,2025-06-29 14:31:00,2025-06-29 15:09:00,8.9,reservee,terminee
session_4174,hub_tanger,hub_tanger_borne_3,2025-06-29 08:38:00,2025-06-29 09:55:00,22.5,reservee,terminee
session_4175,hub_tanger,hub_tanger_borne_2,2025-06-29 22:04:00,2025-06-29 23:21:00,31.7,reservee,terminee
session_4176,hub_tanger,hub_tanger_borne_2,2025-06-29 14:33:00,2025-06-29 15:03:00,31.6,reservee,terminee
session_4177,hub_tanger,hub_tanger_borne_2,2025-06-29 13:48:00,2025-06-29 14:27:00,13.9,reservee,terminee
session_4178,hub_tanger,hub_tanger_borne_4,2025-06-29 13:18:00,2025-06-29 14:24:00,6.2,reservee,terminee
session_4179,hub_tanger,hub_tanger_borne_1,2025-06-30 15:56:00,2025-06-30 16:19:00,19.5,walk_in,terminee
session_4180,hub_tanger,hub_tanger_borne_1,2025-06-30 21:25:00,2025-06-30 21:55:00,8.3,reservee,terminee
session_4181,hub_tanger,hub_tanger_borne_4,2025-06-30 15:55:00,2025-06-30 16:54:00,9.1,reservee,terminee
session_4182,hub_tanger,hub_tanger_borne_2,2025-06-30 20:04:00,2025-06-30 20:50:00,18.0,walk_in,terminee
session_4183,hub_tanger,hub_tanger_borne_4,2025-06-30 17:00:00,2025-06-30 17:21:00,29.1,walk_in,terminee
session_4184,hub_tanger,hub_tanger_borne_1,2025-07-01 22:30:00,2025-07-01 23:04:00,32.7,walk_in,terminee
session_4185,hub_tanger,hub_tanger_borne_3,2025-07-01 19:36:00,2025-07-01 20:44:00,16.2,walk_in,terminee
session_4186,hub_tanger,hub_tanger_borne_1,2025-07-01 18:58:00,2025-07-01 20:25:00,22.8,reservee,terminee
session_4187,hub_tanger,hub_tanger_borne_4,2025-07-01 21:38:00,2025-07-01 22:00:00,16.0,reservee,terminee
session_4188,hub_tanger,hub_tanger_borne_4,2025-07-01 21:57:00,2025-07-01 23:12:00,15.1,reservee,terminee
session_4189,hub_tanger,hub_tanger_borne_3,2025-07-02 17:44:00,2025-07-02 18:45:00,13.9,walk_in,terminee
session_4190,hub_tanger,hub_tanger_borne_3,2025-07-02 08:27:00,2025-07-02 09:51:00,12.4,reservee,terminee
session_4191,hub_tanger,hub_tanger_borne_4,2025-07-02 19:31:00,2025-07-02 20:59:00,15.8,walk_in,terminee
session_4192,hub_tanger,hub_tanger_borne_4,2025-07-02 18:45:00,2025-07-02 20:14:00,38.4,walk_in,terminee
session_4193,hub_tanger,hub_tanger_borne_4,2025-07-02 16:07:00,2025-07-02 16:45:00,26.0,reservee,terminee
session_4194,hub_tanger,hub_tanger_borne_3,2025-07-03 18:48:00,2025-07-03 19:20:00,12.7,walk_in,terminee
session_4195,hub_tanger,hub_tanger_borne_1,2025-07-03 16:47:00,2025-07-03 17:19:00,13.9,reservee,terminee
session_4196,hub_tanger,hub_tanger_borne_1,2025-07-03 15:09:00,2025-07-03 16:21:00,6.8,reservee,terminee
session_4197,hub_tanger,hub_tanger_borne_4,2025-07-04 19:54:00,2025-07-04 20:58:00,27.8,reservee,terminee
session_4198,hub_tanger,hub_tanger_borne_3,2025-07-05 15:17:00,2025-07-05 16:02:00,28.4,reservee,terminee
session_4199,hub_tanger,hub_tanger_borne_1,2025-07-05 12:57:00,2025-07-05 13:20:00,5.5,walk_in,terminee
session_4200,hub_tanger,hub_tanger_borne_3,2025-07-05 09:50:00,2025-07-05 10:21:00,25.1,walk_in,terminee
session_4201,hub_tanger,hub_tanger_borne_4,2025-07-05 10:34:00,2025-07-05 10:58:00,17.2,reservee,terminee
session_4202,hub_tanger,hub_tanger_borne_3,2025-07-05 20:56:00,2025-07-05 22:00:00,5.1,walk_in,terminee
session_4203,hub_tanger,hub_tanger_borne_2,2025-07-05 15:42:00,2025-07-05 16:20:00,31.6,walk_in,terminee
session_4204,hub_tanger,hub_tanger_borne_1,2025-07-05 14:31:00,2025-07-05 15:11:00,17.0,walk_in,terminee
session_4205,hub_tanger,hub_tanger_borne_1,2025-07-05 12:01:00,2025-07-05 13:14:00,26.9,reservee,terminee
session_4206,hub_tanger,hub_tanger_borne_4,2025-07-06 15:00:00,2025-07-06 15:56:00,28.8,walk_in,terminee
session_4207,hub_tanger,hub_tanger_borne_3,2025-07-06 15:43:00,2025-07-06 16:09:00,13.2,reservee,terminee
session_4208,hub_tanger,hub_tanger_borne_2,2025-07-06 11:22:00,2025-07-06 12:14:00,20.3,reservee,terminee
session_4209,hub_tanger,hub_tanger_borne_2,2025-07-06 14:08:00,2025-07-06 14:52:00,5.0,reservee,terminee
session_4210,hub_tanger,hub_tanger_borne_3,2025-07-06 13:18:00,2025-07-06 14:06:00,12.3,reservee,terminee
session_4211,hub_tanger,hub_tanger_borne_2,2025-07-06 14:33:00,2025-07-06 15:42:00,35.9,reservee,terminee
session_4212,hub_tanger,hub_tanger_borne_1,2025-07-06 12:44:00,2025-07-06 13:32:00,26.6,reservee,terminee
session_4213,hub_tanger,hub_tanger_borne_4,2025-07-06 10:39:00,2025-07-06 11:16:00,16.5,reservee,terminee
session_4214,hub_tanger,hub_tanger_borne_3,2025-07-06 18:36:00,2025-07-06 19:46:00,15.2,reservee,terminee
session_4215,hub_tanger,hub_tanger_borne_4,2025-07-07 19:24:00,2025-07-07 20:30:00,21.4,walk_in,terminee
session_4216,hub_tanger,hub_tanger_borne_3,2025-07-07 13:54:00,2025-07-07 15:00:00,21.5,walk_in,terminee
session_4217,hub_tanger,hub_tanger_borne_2,2025-07-07 18:45:00,2025-07-07 19:33:00,33.2,reservee,terminee
session_4218,hub_tanger,hub_tanger_borne_4,2025-07-08 18:03:00,2025-07-08 19:11:00,10.2,reservee,terminee
session_4219,hub_tanger,hub_tanger_borne_3,2025-07-08 16:51:00,2025-07-08 17:27:00,11.0,reservee,terminee
session_4220,hub_tanger,hub_tanger_borne_2,2025-07-08 16:36:00,2025-07-08 17:59:00,30.9,reservee,terminee
session_4221,hub_tanger,hub_tanger_borne_4,2025-07-08 14:32:00,2025-07-08 15:39:00,39.3,reservee,terminee
session_4222,hub_tanger,hub_tanger_borne_3,2025-07-08 22:06:00,2025-07-08 23:34:00,21.2,walk_in,terminee
session_4223,hub_tanger,hub_tanger_borne_2,2025-07-08 20:49:00,2025-07-08 22:12:00,10.8,walk_in,terminee
session_4224,hub_tanger,hub_tanger_borne_1,2025-07-09 20:14:00,2025-07-09 20:43:00,14.1,walk_in,terminee
session_4225,hub_tanger,hub_tanger_borne_4,2025-07-09 16:53:00,2025-07-09 17:30:00,22.2,reservee,terminee
session_4226,hub_tanger,hub_tanger_borne_1,2025-07-09 18:19:00,2025-07-09 19:03:00,19.3,walk_in,terminee
session_4227,hub_tanger,hub_tanger_borne_4,2025-07-09 18:05:00,2025-07-09 18:44:00,25.2,walk_in,terminee
session_4228,hub_tanger,hub_tanger_borne_1,2025-07-10 20:42:00,2025-07-10 21:23:00,32.1,reservee,terminee
session_4229,hub_tanger,hub_tanger_borne_2,2025-07-10 16:16:00,2025-07-10 16:58:00,16.3,walk_in,terminee
session_4230,hub_tanger,hub_tanger_borne_3,2025-07-10 22:30:00,2025-07-10 23:14:00,7.4,walk_in,terminee
session_4231,hub_tanger,hub_tanger_borne_4,2025-07-11 17:04:00,2025-07-11 18:06:00,9.8,walk_in,terminee
session_4232,hub_tanger,hub_tanger_borne_3,2025-07-11 10:03:00,2025-07-11 11:02:00,13.4,reservee,terminee
session_4233,hub_tanger,hub_tanger_borne_2,2025-07-12 16:37:00,2025-07-12 18:05:00,33.2,walk_in,terminee
session_4234,hub_tanger,hub_tanger_borne_1,2025-07-12 10:18:00,2025-07-12 10:40:00,20.3,reservee,terminee
session_4235,hub_tanger,hub_tanger_borne_4,2025-07-12 14:05:00,2025-07-12 15:03:00,15.1,reservee,terminee
session_4236,hub_tanger,hub_tanger_borne_4,2025-07-12 14:19:00,2025-07-12 15:31:00,34.9,reservee,terminee
session_4237,hub_tanger,hub_tanger_borne_1,2025-07-12 11:58:00,2025-07-12 12:43:00,12.2,reservee,terminee
session_4238,hub_tanger,hub_tanger_borne_1,2025-07-13 13:41:00,2025-07-13 14:14:00,15.6,walk_in,terminee
session_4239,hub_tanger,hub_tanger_borne_1,2025-07-13 18:52:00,2025-07-13 20:10:00,22.0,walk_in,terminee
session_4240,hub_tanger,hub_tanger_borne_3,2025-07-13 12:25:00,2025-07-13 13:15:00,36.4,walk_in,terminee
session_4241,hub_tanger,hub_tanger_borne_4,2025-07-13 12:49:00,2025-07-13 13:51:00,5.6,reservee,terminee
session_4242,hub_tanger,hub_tanger_borne_4,2025-07-13 16:39:00,2025-07-13 17:38:00,25.6,reservee,terminee
session_4243,hub_tanger,hub_tanger_borne_2,2025-07-13 09:53:00,2025-07-13 10:41:00,11.7,reservee,terminee
session_4244,hub_tanger,hub_tanger_borne_3,2025-07-13 10:43:00,2025-07-13 11:19:00,25.4,walk_in,terminee
session_4245,hub_tanger,hub_tanger_borne_3,2025-07-13 12:37:00,2025-07-13 13:44:00,30.9,reservee,terminee
session_4246,hub_tanger,hub_tanger_borne_3,2025-07-13 12:23:00,2025-07-13 13:16:00,19.3,reservee,terminee
session_4247,hub_tanger,hub_tanger_borne_3,2025-07-14 10:30:00,2025-07-14 11:40:00,22.1,walk_in,terminee
session_4248,hub_tanger,hub_tanger_borne_1,2025-07-14 22:21:00,2025-07-14 23:02:00,38.0,walk_in,terminee
session_4249,hub_tanger,hub_tanger_borne_4,2025-07-14 16:03:00,2025-07-14 17:23:00,10.9,walk_in,terminee
session_4250,hub_tanger,hub_tanger_borne_2,2025-07-15 14:25:00,2025-07-15 15:49:00,13.8,walk_in,terminee
session_4251,hub_tanger,hub_tanger_borne_3,2025-07-15 14:35:00,2025-07-15 15:15:00,28.9,walk_in,terminee
session_4252,hub_tanger,hub_tanger_borne_4,2025-07-16 22:11:00,2025-07-16 23:27:00,38.8,reservee,terminee
session_4253,hub_tanger,hub_tanger_borne_4,2025-07-16 16:30:00,2025-07-16 17:20:00,19.9,reservee,terminee
session_4254,hub_tanger,hub_tanger_borne_4,2025-07-16 15:09:00,2025-07-16 15:29:00,31.7,reservee,terminee
session_4255,hub_tanger,hub_tanger_borne_4,2025-07-17 14:26:00,2025-07-17 15:25:00,13.1,reservee,terminee
session_4256,hub_tanger,hub_tanger_borne_1,2025-07-17 19:27:00,2025-07-17 20:47:00,23.5,walk_in,terminee
session_4257,hub_tanger,hub_tanger_borne_1,2025-07-17 21:02:00,2025-07-17 22:03:00,15.5,walk_in,terminee
session_4258,hub_tanger,hub_tanger_borne_2,2025-07-17 15:12:00,2025-07-17 16:19:00,7.8,reservee,terminee
session_4259,hub_tanger,hub_tanger_borne_2,2025-07-17 17:41:00,2025-07-17 18:48:00,16.2,reservee,terminee
session_4260,hub_tanger,hub_tanger_borne_1,2025-07-17 11:39:00,2025-07-17 12:25:00,34.2,reservee,terminee
session_4261,hub_tanger,hub_tanger_borne_3,2025-07-17 17:11:00,2025-07-17 18:24:00,19.3,walk_in,terminee
session_4262,hub_tanger,hub_tanger_borne_1,2025-07-17 17:47:00,2025-07-17 18:35:00,12.3,walk_in,terminee
session_4263,hub_tanger,hub_tanger_borne_4,2025-07-18 17:17:00,2025-07-18 17:52:00,27.4,walk_in,terminee
session_4264,hub_tanger,hub_tanger_borne_2,2025-07-18 15:07:00,2025-07-18 15:59:00,38.6,reservee,terminee
session_4265,hub_tanger,hub_tanger_borne_3,2025-07-18 15:01:00,2025-07-18 15:43:00,31.6,reservee,terminee
session_4266,hub_tanger,hub_tanger_borne_1,2025-07-19 14:50:00,2025-07-19 15:18:00,24.3,reservee,terminee
session_4267,hub_tanger,hub_tanger_borne_2,2025-07-19 10:13:00,2025-07-19 11:23:00,6.4,walk_in,terminee
session_4268,hub_tanger,hub_tanger_borne_2,2025-07-19 13:13:00,2025-07-19 13:56:00,30.4,reservee,terminee
session_4269,hub_tanger,hub_tanger_borne_3,2025-07-19 14:47:00,2025-07-19 15:52:00,34.3,reservee,terminee
session_4270,hub_tanger,hub_tanger_borne_3,2025-07-19 17:35:00,2025-07-19 18:36:00,30.3,walk_in,terminee
session_4271,hub_tanger,hub_tanger_borne_1,2025-07-20 12:38:00,2025-07-20 13:27:00,17.2,walk_in,terminee
session_4272,hub_tanger,hub_tanger_borne_4,2025-07-20 16:27:00,2025-07-20 17:05:00,21.1,reservee,terminee
session_4273,hub_tanger,hub_tanger_borne_3,2025-07-22 13:03:00,2025-07-22 13:58:00,18.1,reservee,terminee
session_4274,hub_tanger,hub_tanger_borne_4,2025-07-22 20:28:00,2025-07-22 21:46:00,21.8,reservee,terminee
session_4275,hub_tanger,hub_tanger_borne_3,2025-07-22 18:18:00,2025-07-22 19:09:00,39.0,reservee,terminee
session_4276,hub_tanger,hub_tanger_borne_1,2025-07-22 18:52:00,2025-07-22 19:13:00,36.8,reservee,terminee
session_4277,hub_tanger,hub_tanger_borne_4,2025-07-22 18:17:00,2025-07-22 18:54:00,11.3,reservee,terminee
session_4278,hub_tanger,hub_tanger_borne_1,2025-07-23 16:45:00,2025-07-23 18:13:00,20.4,reservee,terminee
session_4279,hub_tanger,hub_tanger_borne_4,2025-07-23 21:55:00,2025-07-23 23:19:00,26.3,walk_in,terminee
session_4280,hub_tanger,hub_tanger_borne_4,2025-07-23 15:12:00,2025-07-23 16:40:00,34.5,reservee,terminee
session_4281,hub_tanger,hub_tanger_borne_1,2025-07-24 18:44:00,2025-07-24 20:12:00,22.6,reservee,terminee
session_4282,hub_tanger,hub_tanger_borne_1,2025-07-24 13:55:00,2025-07-24 14:44:00,38.2,walk_in,terminee
session_4283,hub_tanger,hub_tanger_borne_1,2025-07-24 14:01:00,2025-07-24 15:29:00,5.4,walk_in,terminee
session_4284,hub_tanger,hub_tanger_borne_2,2025-07-24 20:24:00,2025-07-24 21:08:00,29.1,reservee,terminee
session_4285,hub_tanger,hub_tanger_borne_1,2025-07-25 14:02:00,2025-07-25 15:20:00,18.4,walk_in,terminee
session_4286,hub_tanger,hub_tanger_borne_2,2025-07-25 18:31:00,2025-07-25 19:32:00,20.8,walk_in,terminee
session_4287,hub_tanger,hub_tanger_borne_1,2025-07-25 18:21:00,2025-07-25 19:31:00,16.2,walk_in,terminee
session_4288,hub_tanger,hub_tanger_borne_2,2025-07-25 19:24:00,2025-07-25 19:51:00,27.0,reservee,terminee
session_4289,hub_tanger,hub_tanger_borne_2,2025-07-25 17:31:00,2025-07-25 17:53:00,12.2,walk_in,terminee
session_4290,hub_tanger,hub_tanger_borne_2,2025-07-25 22:00:00,2025-07-25 22:41:00,28.4,walk_in,terminee
session_4291,hub_tanger,hub_tanger_borne_1,2025-07-25 14:31:00,2025-07-25 15:23:00,28.7,walk_in,terminee
session_4292,hub_tanger,hub_tanger_borne_1,2025-07-26 12:16:00,2025-07-26 12:44:00,8.0,reservee,terminee
session_4293,hub_tanger,hub_tanger_borne_4,2025-07-26 12:20:00,2025-07-26 13:37:00,24.4,reservee,terminee
session_4294,hub_tanger,hub_tanger_borne_2,2025-07-26 16:10:00,2025-07-26 16:56:00,16.8,reservee,terminee
session_4295,hub_tanger,hub_tanger_borne_2,2025-07-27 14:40:00,2025-07-27 15:46:00,37.0,reservee,terminee
session_4296,hub_tanger,hub_tanger_borne_1,2025-07-27 11:09:00,2025-07-27 12:15:00,19.0,reservee,terminee
session_4297,hub_tanger,hub_tanger_borne_3,2025-07-27 12:23:00,2025-07-27 13:24:00,11.0,reservee,terminee
session_4298,hub_tanger,hub_tanger_borne_2,2025-07-28 18:50:00,2025-07-28 19:44:00,5.1,reservee,terminee
session_4299,hub_tanger,hub_tanger_borne_3,2025-07-28 18:25:00,2025-07-28 19:32:00,33.3,walk_in,terminee
session_4300,hub_tanger,hub_tanger_borne_4,2025-07-28 16:39:00,2025-07-28 18:01:00,15.8,walk_in,terminee
session_4301,hub_tanger,hub_tanger_borne_1,2025-07-28 15:37:00,2025-07-28 16:08:00,14.1,walk_in,terminee
session_4302,hub_tanger,hub_tanger_borne_4,2025-07-28 16:19:00,2025-07-28 16:55:00,19.8,walk_in,terminee
session_4303,hub_tanger,hub_tanger_borne_4,2025-07-28 17:30:00,2025-07-28 18:32:00,23.0,walk_in,terminee
session_4304,hub_tanger,hub_tanger_borne_1,2025-07-29 19:26:00,2025-07-29 20:31:00,9.3,reservee,terminee
session_4305,hub_tanger,hub_tanger_borne_2,2025-07-29 21:50:00,2025-07-29 22:49:00,33.4,walk_in,terminee
session_4306,hub_tanger,hub_tanger_borne_4,2025-07-30 16:06:00,2025-07-30 17:20:00,33.4,reservee,terminee
session_4307,hub_tanger,hub_tanger_borne_1,2025-07-30 17:38:00,2025-07-30 19:02:00,10.5,reservee,terminee
session_4308,hub_tanger,hub_tanger_borne_3,2025-07-30 21:38:00,2025-07-30 22:39:00,8.0,reservee,terminee
session_4309,hub_tanger,hub_tanger_borne_4,2025-07-30 18:21:00,2025-07-30 19:07:00,17.5,reservee,terminee
session_4310,hub_tanger,hub_tanger_borne_2,2025-07-30 19:26:00,2025-07-30 20:28:00,20.5,walk_in,terminee
session_4311,hub_tanger,hub_tanger_borne_3,2025-07-30 17:07:00,2025-07-30 17:55:00,39.1,walk_in,terminee
session_4312,hub_tanger,hub_tanger_borne_3,2025-07-30 18:17:00,2025-07-30 19:43:00,19.9,walk_in,terminee
session_4313,hub_tanger,hub_tanger_borne_4,2025-07-31 19:49:00,2025-07-31 20:37:00,36.2,reservee,terminee
session_4314,hub_tanger,hub_tanger_borne_1,2025-07-31 17:52:00,2025-07-31 18:23:00,7.4,reservee,terminee
session_4315,hub_tanger,hub_tanger_borne_2,2025-07-31 17:29:00,2025-07-31 18:05:00,33.2,walk_in,terminee
session_4316,hub_tanger,hub_tanger_borne_2,2025-07-31 20:48:00,2025-07-31 22:10:00,7.1,walk_in,terminee
session_4317,hub_tanger,hub_tanger_borne_1,2025-08-01 12:47:00,2025-08-01 13:50:00,22.2,reservee,terminee
session_4318,hub_tanger,hub_tanger_borne_4,2025-08-01 19:48:00,2025-08-01 20:56:00,7.4,reservee,terminee
session_4319,hub_tanger,hub_tanger_borne_2,2025-08-02 10:23:00,2025-08-02 11:50:00,15.8,walk_in,terminee
session_4320,hub_tanger,hub_tanger_borne_1,2025-08-02 10:34:00,2025-08-02 11:57:00,30.1,reservee,terminee
session_4321,hub_tanger,hub_tanger_borne_1,2025-08-02 15:00:00,2025-08-02 15:36:00,39.0,reservee,terminee
session_4322,hub_tanger,hub_tanger_borne_4,2025-08-02 14:51:00,2025-08-02 16:13:00,27.9,reservee,terminee
session_4323,hub_tanger,hub_tanger_borne_3,2025-08-02 14:53:00,2025-08-02 15:27:00,37.9,walk_in,terminee
session_4324,hub_tanger,hub_tanger_borne_1,2025-08-02 13:19:00,2025-08-02 14:13:00,36.1,walk_in,terminee
session_4325,hub_tanger,hub_tanger_borne_4,2025-08-03 13:19:00,2025-08-03 14:10:00,39.1,walk_in,terminee
session_4326,hub_tanger,hub_tanger_borne_3,2025-08-03 12:37:00,2025-08-03 13:41:00,19.4,reservee,terminee
session_4327,hub_tanger,hub_tanger_borne_2,2025-08-03 18:29:00,2025-08-03 19:55:00,30.5,reservee,terminee
session_4328,hub_tanger,hub_tanger_borne_2,2025-08-03 14:26:00,2025-08-03 14:46:00,37.7,walk_in,terminee
session_4329,hub_tanger,hub_tanger_borne_1,2025-08-03 17:25:00,2025-08-03 18:43:00,29.8,reservee,terminee
session_4330,hub_tanger,hub_tanger_borne_1,2025-08-03 12:14:00,2025-08-03 13:36:00,28.3,walk_in,terminee
session_4331,hub_tanger,hub_tanger_borne_1,2025-08-03 12:04:00,2025-08-03 12:57:00,8.9,walk_in,terminee
session_4332,hub_tanger,hub_tanger_borne_2,2025-08-04 11:02:00,2025-08-04 12:04:00,26.6,reservee,terminee
session_4333,hub_tanger,hub_tanger_borne_3,2025-08-04 16:00:00,2025-08-04 16:39:00,26.7,reservee,terminee
session_4334,hub_tanger,hub_tanger_borne_1,2025-08-04 15:43:00,2025-08-04 17:03:00,35.6,reservee,terminee
session_4335,hub_tanger,hub_tanger_borne_3,2025-08-04 19:34:00,2025-08-04 20:49:00,21.6,walk_in,terminee
session_4336,hub_tanger,hub_tanger_borne_3,2025-08-05 20:36:00,2025-08-05 21:02:00,30.3,reservee,terminee
session_4337,hub_tanger,hub_tanger_borne_4,2025-08-05 17:05:00,2025-08-05 18:21:00,35.1,reservee,terminee
session_4338,hub_tanger,hub_tanger_borne_4,2025-08-05 16:05:00,2025-08-05 17:34:00,5.2,walk_in,terminee
session_4339,hub_tanger,hub_tanger_borne_3,2025-08-05 16:56:00,2025-08-05 17:39:00,17.6,walk_in,terminee
session_4340,hub_tanger,hub_tanger_borne_3,2025-08-06 22:10:00,2025-08-06 22:42:00,34.5,reservee,terminee
session_4341,hub_tanger,hub_tanger_borne_2,2025-08-06 21:05:00,2025-08-06 22:25:00,5.4,reservee,terminee
session_4342,hub_tanger,hub_tanger_borne_4,2025-08-06 18:46:00,2025-08-06 19:30:00,32.2,reservee,terminee
session_4343,hub_tanger,hub_tanger_borne_1,2025-08-07 18:46:00,2025-08-07 20:11:00,6.7,reservee,terminee
session_4344,hub_tanger,hub_tanger_borne_4,2025-08-07 17:38:00,2025-08-07 18:30:00,31.9,reservee,terminee
session_4345,hub_tanger,hub_tanger_borne_3,2025-08-07 22:50:00,2025-08-08 00:12:00,34.9,walk_in,terminee
session_4346,hub_tanger,hub_tanger_borne_1,2025-08-07 16:14:00,2025-08-07 16:59:00,18.0,reservee,terminee
session_4347,hub_tanger,hub_tanger_borne_4,2025-08-07 19:29:00,2025-08-07 19:59:00,17.6,reservee,terminee
session_4348,hub_tanger,hub_tanger_borne_3,2025-08-08 12:52:00,2025-08-08 13:18:00,39.2,reservee,terminee
session_4349,hub_tanger,hub_tanger_borne_2,2025-08-08 20:16:00,2025-08-08 21:39:00,33.8,reservee,terminee
session_4350,hub_tanger,hub_tanger_borne_1,2025-08-08 16:08:00,2025-08-08 16:28:00,38.9,walk_in,terminee
session_4351,hub_tanger,hub_tanger_borne_2,2025-08-08 18:28:00,2025-08-08 18:59:00,33.2,reservee,terminee
session_4352,hub_tanger,hub_tanger_borne_2,2025-08-08 21:42:00,2025-08-08 22:35:00,33.6,reservee,terminee
session_4353,hub_tanger,hub_tanger_borne_3,2025-08-08 15:56:00,2025-08-08 16:30:00,13.5,walk_in,terminee
session_4354,hub_tanger,hub_tanger_borne_2,2025-08-09 16:06:00,2025-08-09 16:56:00,5.6,reservee,terminee
session_4355,hub_tanger,hub_tanger_borne_2,2025-08-09 13:53:00,2025-08-09 14:39:00,14.6,walk_in,terminee
session_4356,hub_tanger,hub_tanger_borne_3,2025-08-09 12:17:00,2025-08-09 12:58:00,11.5,reservee,terminee
session_4357,hub_tanger,hub_tanger_borne_3,2025-08-09 12:37:00,2025-08-09 13:59:00,13.9,reservee,terminee
session_4358,hub_tanger,hub_tanger_borne_4,2025-08-09 17:43:00,2025-08-09 19:05:00,28.3,walk_in,terminee
session_4359,hub_tanger,hub_tanger_borne_2,2025-08-09 13:55:00,2025-08-09 15:04:00,7.5,reservee,terminee
session_4360,hub_tanger,hub_tanger_borne_1,2025-08-09 12:05:00,2025-08-09 13:08:00,21.0,reservee,terminee
session_4361,hub_tanger,hub_tanger_borne_3,2025-08-09 15:14:00,2025-08-09 15:56:00,21.9,reservee,terminee
session_4362,hub_tanger,hub_tanger_borne_4,2025-08-10 13:10:00,2025-08-10 14:10:00,39.7,walk_in,terminee
session_4363,hub_tanger,hub_tanger_borne_2,2025-08-10 07:52:00,2025-08-10 09:09:00,38.3,walk_in,terminee
session_4364,hub_tanger,hub_tanger_borne_4,2025-08-10 10:09:00,2025-08-10 10:32:00,28.1,walk_in,terminee
session_4365,hub_tanger,hub_tanger_borne_3,2025-08-10 11:50:00,2025-08-10 13:08:00,23.2,reservee,terminee
session_4366,hub_tanger,hub_tanger_borne_3,2025-08-10 14:46:00,2025-08-10 15:52:00,11.0,walk_in,terminee
session_4367,hub_tanger,hub_tanger_borne_2,2025-08-10 15:46:00,2025-08-10 17:04:00,13.9,walk_in,terminee
session_4368,hub_tanger,hub_tanger_borne_1,2025-08-10 13:29:00,2025-08-10 14:45:00,36.5,reservee,terminee
session_4369,hub_tanger,hub_tanger_borne_3,2025-08-10 11:51:00,2025-08-10 13:17:00,14.4,reservee,terminee
session_4370,hub_tanger,hub_tanger_borne_2,2025-08-11 17:16:00,2025-08-11 18:19:00,10.7,reservee,terminee
session_4371,hub_tanger,hub_tanger_borne_1,2025-08-11 18:31:00,2025-08-11 19:50:00,23.5,walk_in,terminee
session_4372,hub_tanger,hub_tanger_borne_4,2025-08-11 11:37:00,2025-08-11 11:57:00,20.7,reservee,terminee
session_4373,hub_tanger,hub_tanger_borne_2,2025-08-11 18:56:00,2025-08-11 19:38:00,10.6,walk_in,terminee
session_4374,hub_tanger,hub_tanger_borne_4,2025-08-11 19:08:00,2025-08-11 20:06:00,19.2,walk_in,terminee
session_4375,hub_tanger,hub_tanger_borne_3,2025-08-11 18:47:00,2025-08-11 19:23:00,38.8,reservee,terminee
session_4376,hub_tanger,hub_tanger_borne_1,2025-08-11 13:27:00,2025-08-11 14:21:00,16.2,reservee,terminee
session_4377,hub_tanger,hub_tanger_borne_3,2025-08-12 17:54:00,2025-08-12 18:43:00,8.4,reservee,terminee
session_4378,hub_tanger,hub_tanger_borne_1,2025-08-12 19:58:00,2025-08-12 21:05:00,12.4,reservee,terminee
session_4379,hub_tanger,hub_tanger_borne_1,2025-08-12 12:08:00,2025-08-12 13:07:00,32.4,walk_in,terminee
session_4380,hub_tanger,hub_tanger_borne_3,2025-08-12 15:10:00,2025-08-12 16:14:00,19.7,reservee,terminee
session_4381,hub_tanger,hub_tanger_borne_1,2025-08-12 16:22:00,2025-08-12 16:53:00,21.9,reservee,terminee
session_4382,hub_tanger,hub_tanger_borne_3,2025-08-12 16:50:00,2025-08-12 17:42:00,5.6,reservee,terminee
session_4383,hub_tanger,hub_tanger_borne_3,2025-08-12 15:31:00,2025-08-12 16:44:00,35.9,reservee,terminee
session_4384,hub_tanger,hub_tanger_borne_3,2025-08-13 20:10:00,2025-08-13 21:33:00,13.2,walk_in,terminee
session_4385,hub_tanger,hub_tanger_borne_2,2025-08-13 14:11:00,2025-08-13 14:53:00,32.4,reservee,terminee
session_4386,hub_tanger,hub_tanger_borne_4,2025-08-13 19:58:00,2025-08-13 21:05:00,27.3,walk_in,terminee
session_4387,hub_tanger,hub_tanger_borne_2,2025-08-13 21:30:00,2025-08-13 22:49:00,5.7,reservee,terminee
session_4388,hub_tanger,hub_tanger_borne_3,2025-08-13 20:18:00,2025-08-13 21:39:00,16.8,reservee,terminee
session_4389,hub_tanger,hub_tanger_borne_4,2025-08-13 18:24:00,2025-08-13 19:25:00,37.7,reservee,terminee
session_4390,hub_tanger,hub_tanger_borne_1,2025-08-14 13:48:00,2025-08-14 15:17:00,38.6,walk_in,terminee
session_4391,hub_tanger,hub_tanger_borne_3,2025-08-14 18:30:00,2025-08-14 19:04:00,26.5,walk_in,terminee
session_4392,hub_tanger,hub_tanger_borne_4,2025-08-14 14:21:00,2025-08-14 15:16:00,14.9,reservee,terminee
session_4393,hub_tanger,hub_tanger_borne_4,2025-08-14 18:47:00,2025-08-14 19:39:00,29.5,walk_in,terminee
session_4394,hub_tanger,hub_tanger_borne_2,2025-08-14 22:49:00,2025-08-15 00:15:00,10.7,walk_in,terminee
session_4395,hub_tanger,hub_tanger_borne_3,2025-08-14 15:16:00,2025-08-14 15:47:00,25.5,reservee,terminee
session_4396,hub_tanger,hub_tanger_borne_3,2025-08-14 16:00:00,2025-08-14 17:13:00,10.6,reservee,terminee
session_4397,hub_tanger,hub_tanger_borne_4,2025-08-15 20:49:00,2025-08-15 21:26:00,12.7,reservee,terminee
session_4398,hub_tanger,hub_tanger_borne_4,2025-08-15 22:20:00,2025-08-15 22:40:00,32.5,reservee,terminee
session_4399,hub_tanger,hub_tanger_borne_2,2025-08-15 15:49:00,2025-08-15 16:26:00,18.3,walk_in,terminee
session_4400,hub_tanger,hub_tanger_borne_3,2025-08-15 21:25:00,2025-08-15 22:14:00,22.0,reservee,terminee
session_4401,hub_tanger,hub_tanger_borne_2,2025-08-15 18:18:00,2025-08-15 19:11:00,18.4,reservee,terminee
session_4402,hub_tanger,hub_tanger_borne_3,2025-08-16 21:27:00,2025-08-16 22:11:00,33.0,reservee,terminee
session_4403,hub_tanger,hub_tanger_borne_2,2025-08-16 15:04:00,2025-08-16 15:41:00,30.4,walk_in,terminee
session_4404,hub_tanger,hub_tanger_borne_4,2025-08-16 19:39:00,2025-08-16 21:05:00,23.8,walk_in,terminee
session_4405,hub_tanger,hub_tanger_borne_4,2025-08-16 08:45:00,2025-08-16 09:58:00,23.8,reservee,terminee
session_4406,hub_tanger,hub_tanger_borne_3,2025-08-16 10:32:00,2025-08-16 11:04:00,13.7,reservee,terminee
session_4407,hub_tanger,hub_tanger_borne_4,2025-08-16 10:24:00,2025-08-16 10:54:00,10.1,walk_in,terminee
session_4408,hub_tanger,hub_tanger_borne_3,2025-08-16 12:00:00,2025-08-16 12:39:00,5.6,reservee,terminee
session_4409,hub_tanger,hub_tanger_borne_2,2025-08-16 12:30:00,2025-08-16 12:56:00,32.9,reservee,terminee
session_4410,hub_tanger,hub_tanger_borne_1,2025-08-16 16:30:00,2025-08-16 17:14:00,24.9,walk_in,terminee
session_4411,hub_tanger,hub_tanger_borne_4,2025-08-16 11:55:00,2025-08-16 12:39:00,19.3,walk_in,terminee
session_4412,hub_tanger,hub_tanger_borne_3,2025-08-17 13:39:00,2025-08-17 15:04:00,7.8,reservee,terminee
session_4413,hub_tanger,hub_tanger_borne_3,2025-08-17 14:31:00,2025-08-17 14:59:00,22.2,walk_in,terminee
session_4414,hub_tanger,hub_tanger_borne_2,2025-08-17 15:15:00,2025-08-17 16:00:00,36.8,reservee,terminee
session_4415,hub_tanger,hub_tanger_borne_3,2025-08-17 13:55:00,2025-08-17 14:25:00,18.9,reservee,terminee
session_4416,hub_tanger,hub_tanger_borne_3,2025-08-17 17:36:00,2025-08-17 19:01:00,18.7,reservee,terminee
session_4417,hub_tanger,hub_tanger_borne_4,2025-08-17 10:07:00,2025-08-17 11:33:00,38.2,walk_in,terminee
session_4418,hub_tanger,hub_tanger_borne_1,2025-08-17 15:49:00,2025-08-17 16:30:00,25.7,reservee,terminee
session_4419,hub_tanger,hub_tanger_borne_3,2025-08-18 21:34:00,2025-08-18 22:00:00,27.1,walk_in,terminee
session_4420,hub_tanger,hub_tanger_borne_2,2025-08-18 17:06:00,2025-08-18 17:47:00,33.3,reservee,terminee
session_4421,hub_tanger,hub_tanger_borne_2,2025-08-18 19:36:00,2025-08-18 20:13:00,21.8,walk_in,terminee
session_4422,hub_tanger,hub_tanger_borne_2,2025-08-19 14:20:00,2025-08-19 15:40:00,8.1,walk_in,terminee
session_4423,hub_tanger,hub_tanger_borne_2,2025-08-20 20:29:00,2025-08-20 21:37:00,21.8,walk_in,terminee
session_4424,hub_tanger,hub_tanger_borne_3,2025-08-20 13:23:00,2025-08-20 14:23:00,20.1,reservee,terminee
session_4425,hub_tanger,hub_tanger_borne_3,2025-08-20 16:39:00,2025-08-20 17:24:00,14.9,reservee,terminee
session_4426,hub_tanger,hub_tanger_borne_2,2025-08-20 22:45:00,2025-08-20 23:49:00,15.0,walk_in,terminee
session_4427,hub_tanger,hub_tanger_borne_4,2025-08-20 18:08:00,2025-08-20 19:26:00,31.4,reservee,terminee
session_4428,hub_tanger,hub_tanger_borne_1,2025-08-21 18:19:00,2025-08-21 19:38:00,30.2,walk_in,terminee
session_4429,hub_tanger,hub_tanger_borne_4,2025-08-21 15:55:00,2025-08-21 16:31:00,16.6,walk_in,terminee
session_4430,hub_tanger,hub_tanger_borne_2,2025-08-21 18:32:00,2025-08-21 19:52:00,10.5,reservee,terminee
session_4431,hub_tanger,hub_tanger_borne_2,2025-08-21 18:49:00,2025-08-21 20:13:00,19.0,walk_in,terminee
session_4432,hub_tanger,hub_tanger_borne_2,2025-08-21 21:01:00,2025-08-21 21:38:00,11.0,reservee,terminee
session_4433,hub_tanger,hub_tanger_borne_2,2025-08-22 12:18:00,2025-08-22 12:39:00,29.8,walk_in,terminee
session_4434,hub_tanger,hub_tanger_borne_2,2025-08-22 16:42:00,2025-08-22 17:31:00,6.9,walk_in,terminee
session_4435,hub_tanger,hub_tanger_borne_2,2025-08-22 22:37:00,2025-08-22 23:50:00,22.7,reservee,terminee
session_4436,hub_tanger,hub_tanger_borne_4,2025-08-22 14:32:00,2025-08-22 15:39:00,22.9,reservee,terminee
session_4437,hub_tanger,hub_tanger_borne_3,2025-08-22 19:00:00,2025-08-22 19:35:00,10.5,reservee,terminee
session_4438,hub_tanger,hub_tanger_borne_4,2025-08-23 16:45:00,2025-08-23 17:50:00,32.0,walk_in,terminee
session_4439,hub_tanger,hub_tanger_borne_1,2025-08-23 10:09:00,2025-08-23 10:51:00,24.6,reservee,terminee
session_4440,hub_tanger,hub_tanger_borne_4,2025-08-23 06:05:00,2025-08-23 07:11:00,11.8,reservee,terminee
session_4441,hub_tanger,hub_tanger_borne_2,2025-08-23 21:09:00,2025-08-23 22:20:00,18.6,reservee,terminee
session_4442,hub_tanger,hub_tanger_borne_1,2025-08-23 17:24:00,2025-08-23 17:47:00,30.4,reservee,terminee
session_4443,hub_tanger,hub_tanger_borne_1,2025-08-23 10:47:00,2025-08-23 11:46:00,6.5,walk_in,terminee
session_4444,hub_tanger,hub_tanger_borne_3,2025-08-23 08:34:00,2025-08-23 08:54:00,33.5,walk_in,terminee
session_4445,hub_tanger,hub_tanger_borne_1,2025-08-23 17:40:00,2025-08-23 18:36:00,25.6,walk_in,terminee
session_4446,hub_tanger,hub_tanger_borne_1,2025-08-23 13:12:00,2025-08-23 14:36:00,12.4,walk_in,terminee
session_4447,hub_tanger,hub_tanger_borne_2,2025-08-24 08:31:00,2025-08-24 08:55:00,5.9,walk_in,terminee
session_4448,hub_tanger,hub_tanger_borne_4,2025-08-24 13:21:00,2025-08-24 14:30:00,5.8,walk_in,terminee
session_4449,hub_tanger,hub_tanger_borne_3,2025-08-24 14:11:00,2025-08-24 14:52:00,7.2,reservee,terminee
session_4450,hub_tanger,hub_tanger_borne_3,2025-08-25 20:10:00,2025-08-25 21:26:00,8.2,reservee,terminee
session_4451,hub_tanger,hub_tanger_borne_2,2025-08-25 16:00:00,2025-08-25 16:53:00,17.1,reservee,terminee
session_4452,hub_tanger,hub_tanger_borne_3,2025-08-25 18:07:00,2025-08-25 18:43:00,17.8,walk_in,terminee
session_4453,hub_tanger,hub_tanger_borne_3,2025-08-25 17:19:00,2025-08-25 18:46:00,20.9,reservee,terminee
session_4454,hub_tanger,hub_tanger_borne_4,2025-08-26 15:58:00,2025-08-26 16:23:00,8.9,reservee,terminee
session_4455,hub_tanger,hub_tanger_borne_3,2025-08-26 19:40:00,2025-08-26 20:25:00,34.6,walk_in,terminee
session_4456,hub_tanger,hub_tanger_borne_2,2025-08-26 13:05:00,2025-08-26 14:05:00,26.2,reservee,terminee
session_4457,hub_tanger,hub_tanger_borne_3,2025-08-26 18:31:00,2025-08-26 19:26:00,27.9,reservee,terminee
session_4458,hub_tanger,hub_tanger_borne_1,2025-08-26 13:06:00,2025-08-26 14:35:00,30.2,walk_in,terminee
session_4459,hub_tanger,hub_tanger_borne_3,2025-08-27 10:00:00,2025-08-27 10:54:00,17.8,walk_in,terminee
session_4460,hub_tanger,hub_tanger_borne_3,2025-08-27 17:04:00,2025-08-27 17:40:00,8.3,walk_in,terminee
session_4461,hub_tanger,hub_tanger_borne_4,2025-08-27 17:57:00,2025-08-27 18:24:00,35.2,reservee,terminee
session_4462,hub_tanger,hub_tanger_borne_4,2025-08-27 18:45:00,2025-08-27 19:56:00,14.1,walk_in,terminee
session_4463,hub_tanger,hub_tanger_borne_2,2025-08-27 18:11:00,2025-08-27 18:52:00,23.7,walk_in,terminee
session_4464,hub_tanger,hub_tanger_borne_4,2025-08-27 16:40:00,2025-08-27 17:00:00,16.6,walk_in,terminee
session_4465,hub_tanger,hub_tanger_borne_4,2025-08-28 19:08:00,2025-08-28 19:35:00,22.1,walk_in,terminee
session_4466,hub_tanger,hub_tanger_borne_1,2025-08-28 13:39:00,2025-08-28 14:10:00,15.1,reservee,terminee
session_4467,hub_tanger,hub_tanger_borne_1,2025-08-29 17:37:00,2025-08-29 18:03:00,23.8,walk_in,terminee
session_4468,hub_tanger,hub_tanger_borne_3,2025-08-29 18:27:00,2025-08-29 19:19:00,34.2,reservee,terminee
session_4469,hub_tanger,hub_tanger_borne_4,2025-08-29 19:07:00,2025-08-29 20:15:00,26.7,walk_in,terminee
session_4470,hub_tanger,hub_tanger_borne_3,2025-08-30 16:29:00,2025-08-30 16:49:00,11.8,reservee,terminee
session_4471,hub_tanger,hub_tanger_borne_3,2025-08-30 15:55:00,2025-08-30 17:22:00,36.2,walk_in,terminee
session_4472,hub_tanger,hub_tanger_borne_4,2025-08-30 16:11:00,2025-08-30 16:48:00,35.2,reservee,terminee
session_4473,hub_tanger,hub_tanger_borne_4,2025-08-30 16:33:00,2025-08-30 17:14:00,15.0,walk_in,terminee
session_4474,hub_tanger,hub_tanger_borne_3,2025-08-30 20:36:00,2025-08-30 21:25:00,21.6,walk_in,terminee
session_4475,hub_tanger,hub_tanger_borne_1,2025-08-30 10:56:00,2025-08-30 11:49:00,38.7,walk_in,terminee
session_4476,hub_tanger,hub_tanger_borne_4,2025-08-30 14:35:00,2025-08-30 15:32:00,24.3,reservee,terminee
session_4477,hub_tanger,hub_tanger_borne_1,2025-08-30 16:02:00,2025-08-30 17:14:00,9.4,reservee,terminee
session_4478,hub_tanger,hub_tanger_borne_1,2025-08-30 14:31:00,2025-08-30 15:52:00,17.5,walk_in,terminee
session_4479,hub_tanger,hub_tanger_borne_4,2025-08-31 16:01:00,2025-08-31 16:23:00,29.9,walk_in,terminee
session_4480,hub_tanger,hub_tanger_borne_1,2025-08-31 13:40:00,2025-08-31 14:23:00,19.3,reservee,terminee
session_4481,hub_tanger,hub_tanger_borne_3,2025-09-01 16:23:00,2025-09-01 17:24:00,38.7,reservee,terminee
session_4482,hub_tanger,hub_tanger_borne_2,2025-09-01 16:21:00,2025-09-01 17:28:00,38.7,walk_in,terminee
session_4483,hub_tanger,hub_tanger_borne_1,2025-09-01 22:52:00,2025-09-02 00:10:00,11.6,walk_in,terminee
session_4484,hub_tanger,hub_tanger_borne_3,2025-09-02 22:43:00,2025-09-02 23:43:00,20.2,walk_in,terminee
session_4485,hub_tanger,hub_tanger_borne_3,2025-09-02 13:34:00,2025-09-02 14:16:00,26.7,reservee,terminee
session_4486,hub_tanger,hub_tanger_borne_4,2025-09-02 19:29:00,2025-09-02 19:50:00,10.8,reservee,terminee
session_4487,hub_tanger,hub_tanger_borne_3,2025-09-02 15:46:00,2025-09-02 17:13:00,26.0,walk_in,terminee
session_4488,hub_tanger,hub_tanger_borne_3,2025-09-02 19:35:00,2025-09-02 20:23:00,20.9,walk_in,terminee
session_4489,hub_tanger,hub_tanger_borne_3,2025-09-02 14:05:00,2025-09-02 15:01:00,38.4,reservee,terminee
session_4490,hub_tanger,hub_tanger_borne_4,2025-09-03 18:22:00,2025-09-03 19:36:00,38.0,reservee,terminee
session_4491,hub_tanger,hub_tanger_borne_4,2025-09-03 22:29:00,2025-09-03 23:15:00,23.9,walk_in,terminee
session_4492,hub_tanger,hub_tanger_borne_2,2025-09-03 17:39:00,2025-09-03 18:01:00,37.9,walk_in,terminee
session_4493,hub_tanger,hub_tanger_borne_1,2025-09-04 14:13:00,2025-09-04 15:09:00,9.0,reservee,terminee
session_4494,hub_tanger,hub_tanger_borne_4,2025-09-04 21:36:00,2025-09-04 22:03:00,34.8,reservee,terminee
session_4495,hub_tanger,hub_tanger_borne_1,2025-09-04 17:13:00,2025-09-04 18:09:00,24.7,reservee,terminee
session_4496,hub_tanger,hub_tanger_borne_3,2025-09-04 16:41:00,2025-09-04 17:39:00,35.7,reservee,terminee
session_4497,hub_tanger,hub_tanger_borne_1,2025-09-05 10:31:00,2025-09-05 11:05:00,5.6,reservee,terminee
session_4498,hub_tanger,hub_tanger_borne_3,2025-09-06 11:42:00,2025-09-06 12:40:00,23.6,reservee,terminee
session_4499,hub_tanger,hub_tanger_borne_2,2025-09-06 12:53:00,2025-09-06 14:08:00,9.7,reservee,terminee
session_4500,hub_tanger,hub_tanger_borne_2,2025-09-06 13:29:00,2025-09-06 14:34:00,5.2,walk_in,terminee
session_4501,hub_tanger,hub_tanger_borne_3,2025-09-06 12:18:00,2025-09-06 13:44:00,30.7,reservee,terminee
session_4502,hub_tanger,hub_tanger_borne_4,2025-09-06 17:04:00,2025-09-06 17:34:00,14.3,walk_in,terminee
session_4503,hub_tanger,hub_tanger_borne_2,2025-09-06 13:25:00,2025-09-06 14:39:00,16.1,reservee,terminee
session_4504,hub_tanger,hub_tanger_borne_2,2025-09-06 14:27:00,2025-09-06 15:55:00,35.0,walk_in,terminee
session_4505,hub_tanger,hub_tanger_borne_2,2025-09-07 15:10:00,2025-09-07 16:03:00,27.9,reservee,terminee
session_4506,hub_tanger,hub_tanger_borne_2,2025-09-07 15:16:00,2025-09-07 15:37:00,12.5,walk_in,terminee
session_4507,hub_tanger,hub_tanger_borne_1,2025-09-07 15:00:00,2025-09-07 15:49:00,28.9,walk_in,terminee
session_4508,hub_tanger,hub_tanger_borne_2,2025-09-07 12:43:00,2025-09-07 14:05:00,27.4,walk_in,terminee
session_4509,hub_tanger,hub_tanger_borne_1,2025-09-07 08:24:00,2025-09-07 09:46:00,10.6,reservee,terminee
session_4510,hub_tanger,hub_tanger_borne_3,2025-09-07 13:03:00,2025-09-07 14:23:00,12.7,walk_in,terminee
session_4511,hub_tanger,hub_tanger_borne_3,2025-09-07 14:45:00,2025-09-07 16:09:00,38.6,walk_in,terminee
session_4512,hub_tanger,hub_tanger_borne_3,2025-09-07 20:06:00,2025-09-07 20:41:00,27.8,reservee,terminee
session_4513,hub_tanger,hub_tanger_borne_2,2025-09-07 17:13:00,2025-09-07 17:39:00,13.2,reservee,terminee
session_4514,hub_tanger,hub_tanger_borne_1,2025-09-07 09:17:00,2025-09-07 10:33:00,19.2,walk_in,terminee
session_4515,hub_tanger,hub_tanger_borne_4,2025-09-08 21:41:00,2025-09-08 22:13:00,28.8,reservee,terminee
session_4516,hub_tanger,hub_tanger_borne_1,2025-09-08 14:44:00,2025-09-08 15:31:00,24.1,reservee,terminee
session_4517,hub_tanger,hub_tanger_borne_2,2025-09-09 16:45:00,2025-09-09 17:16:00,7.5,reservee,terminee
session_4518,hub_tanger,hub_tanger_borne_4,2025-09-09 17:47:00,2025-09-09 18:32:00,25.7,reservee,terminee
session_4519,hub_tanger,hub_tanger_borne_2,2025-09-10 12:55:00,2025-09-10 13:54:00,22.1,reservee,terminee
session_4520,hub_tanger,hub_tanger_borne_4,2025-09-10 17:57:00,2025-09-10 18:31:00,37.2,reservee,terminee
session_4521,hub_tanger,hub_tanger_borne_4,2025-09-10 11:13:00,2025-09-10 11:50:00,26.7,reservee,terminee
session_4522,hub_tanger,hub_tanger_borne_4,2025-09-10 17:51:00,2025-09-10 18:43:00,9.7,reservee,terminee
session_4523,hub_tanger,hub_tanger_borne_2,2025-09-10 17:48:00,2025-09-10 18:10:00,19.4,reservee,terminee
session_4524,hub_tanger,hub_tanger_borne_3,2025-09-11 13:55:00,2025-09-11 14:53:00,12.7,walk_in,terminee
session_4525,hub_tanger,hub_tanger_borne_1,2025-09-11 14:21:00,2025-09-11 14:42:00,32.4,walk_in,terminee
session_4526,hub_tanger,hub_tanger_borne_2,2025-09-11 17:16:00,2025-09-11 18:22:00,15.3,reservee,terminee
session_4527,hub_tanger,hub_tanger_borne_1,2025-09-12 22:19:00,2025-09-12 23:33:00,27.9,reservee,terminee
session_4528,hub_tanger,hub_tanger_borne_3,2025-09-12 20:40:00,2025-09-12 21:17:00,17.2,reservee,terminee
session_4529,hub_tanger,hub_tanger_borne_2,2025-09-12 22:11:00,2025-09-12 23:22:00,29.3,reservee,terminee
session_4530,hub_tanger,hub_tanger_borne_2,2025-09-12 17:52:00,2025-09-12 18:54:00,28.0,walk_in,terminee
session_4531,hub_tanger,hub_tanger_borne_3,2025-09-12 20:13:00,2025-09-12 21:08:00,10.3,walk_in,terminee
session_4532,hub_tanger,hub_tanger_borne_3,2025-09-12 15:08:00,2025-09-12 16:03:00,30.3,walk_in,terminee
session_4533,hub_tanger,hub_tanger_borne_1,2025-09-12 09:11:00,2025-09-12 10:39:00,39.3,walk_in,terminee
session_4534,hub_tanger,hub_tanger_borne_3,2025-09-12 14:04:00,2025-09-12 14:41:00,8.2,reservee,terminee
session_4535,hub_tanger,hub_tanger_borne_1,2025-09-13 16:53:00,2025-09-13 17:42:00,34.7,walk_in,terminee
session_4536,hub_tanger,hub_tanger_borne_1,2025-09-13 18:12:00,2025-09-13 18:42:00,13.2,walk_in,terminee
session_4537,hub_tanger,hub_tanger_borne_3,2025-09-13 13:31:00,2025-09-13 14:25:00,18.6,walk_in,terminee
session_4538,hub_tanger,hub_tanger_borne_4,2025-09-13 13:17:00,2025-09-13 14:40:00,33.7,reservee,terminee
session_4539,hub_tanger,hub_tanger_borne_4,2025-09-13 16:19:00,2025-09-13 17:30:00,23.3,reservee,terminee
session_4540,hub_tanger,hub_tanger_borne_1,2025-09-13 09:39:00,2025-09-13 10:34:00,14.1,walk_in,terminee
session_4541,hub_tanger,hub_tanger_borne_1,2025-09-13 08:10:00,2025-09-13 09:06:00,18.1,reservee,terminee
session_4542,hub_tanger,hub_tanger_borne_4,2025-09-13 12:20:00,2025-09-13 13:04:00,8.2,walk_in,terminee
session_4543,hub_tanger,hub_tanger_borne_1,2025-09-13 12:29:00,2025-09-13 12:59:00,28.5,walk_in,terminee
session_4544,hub_tanger,hub_tanger_borne_1,2025-09-13 15:49:00,2025-09-13 16:21:00,37.3,walk_in,terminee
session_4545,hub_tanger,hub_tanger_borne_3,2025-09-13 14:39:00,2025-09-13 15:19:00,5.9,reservee,terminee
session_4546,hub_tanger,hub_tanger_borne_3,2025-09-14 14:13:00,2025-09-14 15:07:00,17.2,walk_in,terminee
session_4547,hub_tanger,hub_tanger_borne_3,2025-09-14 15:06:00,2025-09-14 16:09:00,18.6,walk_in,terminee
session_4548,hub_tanger,hub_tanger_borne_4,2025-09-14 08:34:00,2025-09-14 09:19:00,20.2,reservee,terminee
session_4549,hub_tanger,hub_tanger_borne_4,2025-09-14 12:01:00,2025-09-14 12:38:00,39.6,walk_in,terminee
session_4550,hub_tanger,hub_tanger_borne_1,2025-09-14 18:46:00,2025-09-14 19:06:00,37.0,walk_in,terminee
session_4551,hub_tanger,hub_tanger_borne_4,2025-09-14 14:46:00,2025-09-14 15:29:00,25.0,walk_in,terminee
session_4552,hub_tanger,hub_tanger_borne_3,2025-09-14 11:38:00,2025-09-14 12:56:00,34.3,reservee,terminee
session_4553,hub_tanger,hub_tanger_borne_1,2025-09-15 17:14:00,2025-09-15 18:39:00,26.6,reservee,terminee
session_4554,hub_tanger,hub_tanger_borne_3,2025-09-16 21:52:00,2025-09-16 22:27:00,31.6,reservee,terminee
session_4555,hub_tanger,hub_tanger_borne_3,2025-09-16 22:38:00,2025-09-16 23:55:00,38.0,walk_in,terminee
session_4556,hub_tanger,hub_tanger_borne_2,2025-09-17 16:34:00,2025-09-17 17:17:00,13.7,reservee,terminee
session_4557,hub_tanger,hub_tanger_borne_4,2025-09-18 18:16:00,2025-09-18 18:49:00,39.2,walk_in,terminee
session_4558,hub_tanger,hub_tanger_borne_2,2025-09-18 18:31:00,2025-09-18 19:33:00,8.6,reservee,terminee
session_4559,hub_tanger,hub_tanger_borne_3,2025-09-18 16:54:00,2025-09-18 17:42:00,30.4,walk_in,terminee
session_4560,hub_tanger,hub_tanger_borne_2,2025-09-18 22:19:00,2025-09-18 23:25:00,22.5,reservee,terminee
session_4561,hub_tanger,hub_tanger_borne_2,2025-09-18 12:41:00,2025-09-18 13:52:00,8.8,walk_in,terminee
session_4562,hub_tanger,hub_tanger_borne_2,2025-09-19 19:28:00,2025-09-19 20:07:00,19.6,reservee,terminee
session_4563,hub_tanger,hub_tanger_borne_2,2025-09-19 18:28:00,2025-09-19 19:19:00,8.6,reservee,terminee
session_4564,hub_tanger,hub_tanger_borne_1,2025-09-20 18:45:00,2025-09-20 19:14:00,11.1,reservee,terminee
session_4565,hub_tanger,hub_tanger_borne_2,2025-09-20 15:54:00,2025-09-20 17:23:00,19.8,reservee,terminee
session_4566,hub_tanger,hub_tanger_borne_2,2025-09-20 16:27:00,2025-09-20 16:48:00,9.5,reservee,terminee
session_4567,hub_tanger,hub_tanger_borne_1,2025-09-20 16:34:00,2025-09-20 17:55:00,12.8,walk_in,terminee
session_4568,hub_tanger,hub_tanger_borne_1,2025-09-20 14:38:00,2025-09-20 15:13:00,37.2,walk_in,terminee
session_4569,hub_tanger,hub_tanger_borne_2,2025-09-21 13:16:00,2025-09-21 14:16:00,11.2,walk_in,terminee
session_4570,hub_tanger,hub_tanger_borne_3,2025-09-21 14:13:00,2025-09-21 15:05:00,23.6,walk_in,terminee
session_4571,hub_tanger,hub_tanger_borne_3,2025-09-21 14:54:00,2025-09-21 15:27:00,35.0,walk_in,terminee
session_4572,hub_tanger,hub_tanger_borne_3,2025-09-21 17:24:00,2025-09-21 18:32:00,5.4,reservee,terminee
session_4573,hub_tanger,hub_tanger_borne_3,2025-09-22 22:28:00,2025-09-22 23:43:00,25.5,walk_in,terminee
session_4574,hub_tanger,hub_tanger_borne_4,2025-09-22 17:46:00,2025-09-22 18:45:00,26.9,reservee,terminee
session_4575,hub_tanger,hub_tanger_borne_4,2025-09-22 12:48:00,2025-09-22 14:00:00,16.5,reservee,terminee
session_4576,hub_tanger,hub_tanger_borne_4,2025-09-22 13:58:00,2025-09-22 15:09:00,30.6,reservee,terminee
session_4577,hub_tanger,hub_tanger_borne_4,2025-09-22 18:20:00,2025-09-22 19:40:00,5.4,walk_in,terminee
session_4578,hub_tanger,hub_tanger_borne_2,2025-09-22 18:35:00,2025-09-22 19:43:00,32.3,walk_in,terminee
session_4579,hub_tanger,hub_tanger_borne_1,2025-09-22 21:04:00,2025-09-22 22:24:00,39.4,walk_in,terminee
session_4580,hub_tanger,hub_tanger_borne_1,2025-09-23 13:10:00,2025-09-23 14:22:00,27.8,walk_in,terminee
session_4581,hub_tanger,hub_tanger_borne_1,2025-09-23 22:51:00,2025-09-23 23:42:00,9.7,walk_in,terminee
session_4582,hub_tanger,hub_tanger_borne_3,2025-09-23 14:22:00,2025-09-23 15:31:00,6.2,reservee,terminee
session_4583,hub_tanger,hub_tanger_borne_4,2025-09-24 13:12:00,2025-09-24 14:19:00,16.6,reservee,terminee
session_4584,hub_tanger,hub_tanger_borne_3,2025-09-24 17:41:00,2025-09-24 18:46:00,31.5,reservee,terminee
session_4585,hub_tanger,hub_tanger_borne_4,2025-09-24 13:11:00,2025-09-24 14:01:00,35.6,reservee,terminee
session_4586,hub_tanger,hub_tanger_borne_1,2025-09-24 20:33:00,2025-09-24 21:57:00,6.0,walk_in,terminee
session_4587,hub_tanger,hub_tanger_borne_2,2025-09-25 17:09:00,2025-09-25 17:44:00,14.7,walk_in,terminee
session_4588,hub_tanger,hub_tanger_borne_2,2025-09-25 20:44:00,2025-09-25 22:06:00,32.7,reservee,terminee
session_4589,hub_tanger,hub_tanger_borne_4,2025-09-25 17:09:00,2025-09-25 17:46:00,19.5,reservee,terminee
session_4590,hub_tanger,hub_tanger_borne_3,2025-09-25 16:42:00,2025-09-25 17:05:00,39.8,walk_in,terminee
session_4591,hub_tanger,hub_tanger_borne_1,2025-09-26 13:38:00,2025-09-26 14:46:00,14.6,walk_in,terminee
session_4592,hub_tanger,hub_tanger_borne_3,2025-09-26 21:43:00,2025-09-26 22:29:00,20.0,walk_in,terminee
session_4593,hub_tanger,hub_tanger_borne_4,2025-09-26 18:57:00,2025-09-26 19:56:00,16.2,reservee,terminee
session_4594,hub_tanger,hub_tanger_borne_3,2025-09-26 15:34:00,2025-09-26 16:21:00,17.3,reservee,terminee
session_4595,hub_tanger,hub_tanger_borne_1,2025-09-26 22:02:00,2025-09-26 23:04:00,15.0,walk_in,terminee
session_4596,hub_tanger,hub_tanger_borne_3,2025-09-27 14:37:00,2025-09-27 15:40:00,33.6,walk_in,terminee
session_4597,hub_tanger,hub_tanger_borne_4,2025-09-27 12:04:00,2025-09-27 12:51:00,18.0,walk_in,terminee
session_4598,hub_tanger,hub_tanger_borne_3,2025-09-27 17:29:00,2025-09-27 18:09:00,22.6,reservee,terminee
session_4599,hub_tanger,hub_tanger_borne_4,2025-09-27 14:29:00,2025-09-27 15:17:00,6.1,walk_in,terminee
session_4600,hub_tanger,hub_tanger_borne_3,2025-09-27 16:41:00,2025-09-27 17:06:00,23.1,walk_in,terminee
session_4601,hub_tanger,hub_tanger_borne_2,2025-09-27 17:44:00,2025-09-27 18:30:00,12.5,reservee,terminee
session_4602,hub_tanger,hub_tanger_borne_2,2025-09-27 13:27:00,2025-09-27 14:01:00,21.5,reservee,terminee
session_4603,hub_tanger,hub_tanger_borne_2,2025-09-27 16:50:00,2025-09-27 17:56:00,36.3,reservee,terminee
session_4604,hub_tanger,hub_tanger_borne_3,2025-09-27 14:48:00,2025-09-27 16:00:00,36.6,reservee,terminee
session_4605,hub_tanger,hub_tanger_borne_3,2025-09-27 16:23:00,2025-09-27 16:47:00,11.4,reservee,terminee
session_4606,hub_tanger,hub_tanger_borne_1,2025-09-28 13:38:00,2025-09-28 14:15:00,39.9,walk_in,terminee
session_4607,hub_tanger,hub_tanger_borne_1,2025-09-28 22:31:00,2025-09-28 23:51:00,33.8,walk_in,terminee
session_4608,hub_tanger,hub_tanger_borne_4,2025-09-28 09:09:00,2025-09-28 09:31:00,10.3,reservee,terminee
session_4609,hub_tanger,hub_tanger_borne_3,2025-09-28 11:26:00,2025-09-28 12:40:00,5.1,walk_in,terminee
session_4610,hub_tanger,hub_tanger_borne_4,2025-09-28 15:01:00,2025-09-28 15:54:00,35.4,walk_in,terminee
session_4611,hub_tanger,hub_tanger_borne_2,2025-09-29 16:29:00,2025-09-29 17:03:00,36.6,reservee,terminee
session_4612,hub_tanger,hub_tanger_borne_4,2025-09-29 15:13:00,2025-09-29 16:22:00,5.9,reservee,terminee
session_4613,hub_tanger,hub_tanger_borne_2,2025-09-29 16:52:00,2025-09-29 18:16:00,14.5,reservee,terminee
session_4614,hub_tanger,hub_tanger_borne_4,2025-09-30 16:18:00,2025-09-30 17:14:00,30.8,walk_in,terminee
session_4615,hub_tanger,hub_tanger_borne_1,2025-09-30 20:43:00,2025-09-30 21:40:00,31.9,reservee,terminee
session_4616,hub_tanger,hub_tanger_borne_2,2025-10-01 22:39:00,2025-10-01 23:52:00,34.8,walk_in,terminee
session_4617,hub_tanger,hub_tanger_borne_4,2025-10-01 16:49:00,2025-10-01 17:32:00,28.3,walk_in,terminee
session_4618,hub_tanger,hub_tanger_borne_2,2025-10-01 17:10:00,2025-10-01 18:38:00,19.9,walk_in,terminee
session_4619,hub_tanger,hub_tanger_borne_1,2025-10-01 18:10:00,2025-10-01 18:34:00,33.5,reservee,terminee
session_4620,hub_tanger,hub_tanger_borne_4,2025-10-01 16:53:00,2025-10-01 17:41:00,23.4,reservee,terminee
session_4621,hub_tanger,hub_tanger_borne_1,2025-10-02 18:36:00,2025-10-02 19:30:00,13.4,walk_in,terminee
session_4622,hub_tanger,hub_tanger_borne_1,2025-10-02 13:06:00,2025-10-02 13:29:00,22.1,walk_in,terminee
session_4623,hub_tanger,hub_tanger_borne_4,2025-10-02 19:17:00,2025-10-02 19:38:00,37.9,reservee,terminee
session_4624,hub_tanger,hub_tanger_borne_3,2025-10-02 18:05:00,2025-10-02 18:36:00,8.9,reservee,terminee
session_4625,hub_tanger,hub_tanger_borne_4,2025-10-03 19:13:00,2025-10-03 19:39:00,5.4,reservee,terminee
session_4626,hub_tanger,hub_tanger_borne_2,2025-10-03 15:23:00,2025-10-03 16:13:00,20.6,reservee,terminee
session_4627,hub_tanger,hub_tanger_borne_4,2025-10-03 22:23:00,2025-10-03 23:52:00,6.6,reservee,terminee
session_4628,hub_tanger,hub_tanger_borne_4,2025-10-04 13:15:00,2025-10-04 14:28:00,18.5,reservee,terminee
session_4629,hub_tanger,hub_tanger_borne_3,2025-10-04 17:58:00,2025-10-04 18:26:00,24.5,walk_in,terminee
session_4630,hub_tanger,hub_tanger_borne_4,2025-10-04 16:42:00,2025-10-04 17:50:00,6.9,reservee,terminee
session_4631,hub_tanger,hub_tanger_borne_4,2025-10-04 19:41:00,2025-10-04 20:41:00,19.3,reservee,terminee
session_4632,hub_tanger,hub_tanger_borne_4,2025-10-04 11:46:00,2025-10-04 12:48:00,20.5,reservee,terminee
session_4633,hub_tanger,hub_tanger_borne_3,2025-10-05 17:08:00,2025-10-05 17:35:00,8.6,walk_in,terminee
session_4634,hub_tanger,hub_tanger_borne_3,2025-10-05 09:33:00,2025-10-05 10:36:00,35.8,reservee,terminee
session_4635,hub_tanger,hub_tanger_borne_2,2025-10-05 17:53:00,2025-10-05 19:18:00,20.5,walk_in,terminee
session_4636,hub_tanger,hub_tanger_borne_3,2025-10-05 14:14:00,2025-10-05 15:05:00,14.0,reservee,terminee
session_4637,hub_tanger,hub_tanger_borne_2,2025-10-05 12:50:00,2025-10-05 14:11:00,35.6,reservee,terminee
session_4638,hub_tanger,hub_tanger_borne_4,2025-10-05 18:27:00,2025-10-05 19:20:00,13.9,walk_in,terminee
session_4639,hub_tanger,hub_tanger_borne_3,2025-10-06 14:12:00,2025-10-06 15:41:00,24.6,reservee,terminee
session_4640,hub_tanger,hub_tanger_borne_3,2025-10-06 19:12:00,2025-10-06 19:59:00,15.0,walk_in,terminee
session_4641,hub_tanger,hub_tanger_borne_2,2025-10-06 20:15:00,2025-10-06 21:18:00,29.8,reservee,terminee
session_4642,hub_tanger,hub_tanger_borne_2,2025-10-07 22:44:00,2025-10-07 23:31:00,38.1,reservee,terminee
session_4643,hub_tanger,hub_tanger_borne_1,2025-10-07 21:35:00,2025-10-07 22:33:00,38.1,reservee,terminee
session_4644,hub_tanger,hub_tanger_borne_2,2025-10-07 12:35:00,2025-10-07 13:50:00,32.8,reservee,terminee
session_4645,hub_tanger,hub_tanger_borne_4,2025-10-08 15:41:00,2025-10-08 17:05:00,22.2,walk_in,terminee
session_4646,hub_tanger,hub_tanger_borne_2,2025-10-08 17:40:00,2025-10-08 18:03:00,9.9,walk_in,terminee
session_4647,hub_tanger,hub_tanger_borne_1,2025-10-08 21:10:00,2025-10-08 21:36:00,12.9,reservee,terminee
session_4648,hub_tanger,hub_tanger_borne_2,2025-10-08 19:38:00,2025-10-08 20:46:00,9.6,reservee,terminee
session_4649,hub_tanger,hub_tanger_borne_4,2025-10-08 18:37:00,2025-10-08 19:53:00,17.5,reservee,terminee
session_4650,hub_tanger,hub_tanger_borne_3,2025-10-08 19:48:00,2025-10-08 20:31:00,21.3,reservee,terminee
session_4651,hub_tanger,hub_tanger_borne_2,2025-10-09 19:48:00,2025-10-09 21:06:00,25.6,walk_in,terminee
session_4652,hub_tanger,hub_tanger_borne_2,2025-10-09 13:02:00,2025-10-09 14:07:00,28.4,walk_in,terminee
session_4653,hub_tanger,hub_tanger_borne_4,2025-10-09 16:20:00,2025-10-09 16:56:00,7.3,reservee,terminee
session_4654,hub_tanger,hub_tanger_borne_3,2025-10-09 18:53:00,2025-10-09 19:18:00,33.5,reservee,terminee
session_4655,hub_tanger,hub_tanger_borne_2,2025-10-09 20:42:00,2025-10-09 22:11:00,18.3,walk_in,terminee
session_4656,hub_tanger,hub_tanger_borne_2,2025-10-09 15:08:00,2025-10-09 15:30:00,30.3,reservee,terminee
session_4657,hub_tanger,hub_tanger_borne_2,2025-10-09 16:51:00,2025-10-09 18:10:00,15.5,reservee,terminee
session_4658,hub_tanger,hub_tanger_borne_2,2025-10-09 20:22:00,2025-10-09 21:21:00,27.6,reservee,terminee
session_4659,hub_tanger,hub_tanger_borne_1,2025-10-09 20:51:00,2025-10-09 22:17:00,27.5,reservee,terminee
session_4660,hub_tanger,hub_tanger_borne_3,2025-10-10 14:41:00,2025-10-10 15:53:00,30.9,reservee,terminee
session_4661,hub_tanger,hub_tanger_borne_3,2025-10-10 19:35:00,2025-10-10 20:45:00,22.5,reservee,terminee
session_4662,hub_tanger,hub_tanger_borne_3,2025-10-10 16:38:00,2025-10-10 17:08:00,30.4,reservee,terminee
session_4663,hub_tanger,hub_tanger_borne_1,2025-10-11 18:06:00,2025-10-11 19:21:00,14.9,reservee,terminee
session_4664,hub_tanger,hub_tanger_borne_1,2025-10-11 17:06:00,2025-10-11 18:04:00,5.1,walk_in,terminee
session_4665,hub_tanger,hub_tanger_borne_3,2025-10-11 12:37:00,2025-10-11 13:17:00,13.9,walk_in,terminee
session_4666,hub_tanger,hub_tanger_borne_4,2025-10-11 12:44:00,2025-10-11 13:16:00,37.7,reservee,terminee
session_4667,hub_tanger,hub_tanger_borne_2,2025-10-11 18:43:00,2025-10-11 19:23:00,24.9,walk_in,terminee
session_4668,hub_tanger,hub_tanger_borne_1,2025-10-12 16:05:00,2025-10-12 16:55:00,26.9,reservee,terminee
session_4669,hub_tanger,hub_tanger_borne_2,2025-10-12 15:40:00,2025-10-12 16:44:00,27.0,walk_in,terminee
session_4670,hub_tanger,hub_tanger_borne_4,2025-10-12 18:53:00,2025-10-12 20:19:00,35.1,reservee,terminee
session_4671,hub_tanger,hub_tanger_borne_3,2025-10-12 13:22:00,2025-10-12 13:48:00,24.7,reservee,terminee
session_4672,hub_tanger,hub_tanger_borne_3,2025-10-12 16:23:00,2025-10-12 17:49:00,31.8,walk_in,terminee
session_4673,hub_tanger,hub_tanger_borne_2,2025-10-12 15:55:00,2025-10-12 16:17:00,34.5,reservee,terminee
session_4674,hub_tanger,hub_tanger_borne_1,2025-10-12 16:43:00,2025-10-12 18:05:00,28.3,walk_in,terminee
session_4675,hub_tanger,hub_tanger_borne_4,2025-10-12 16:57:00,2025-10-12 17:45:00,37.0,walk_in,terminee
session_4676,hub_tanger,hub_tanger_borne_2,2025-10-13 20:47:00,2025-10-13 21:25:00,29.7,reservee,terminee
session_4677,hub_tanger,hub_tanger_borne_1,2025-10-13 20:30:00,2025-10-13 21:31:00,11.3,walk_in,terminee
session_4678,hub_tanger,hub_tanger_borne_2,2025-10-13 16:49:00,2025-10-13 17:42:00,14.6,reservee,terminee
session_4679,hub_tanger,hub_tanger_borne_2,2025-10-13 14:17:00,2025-10-13 15:00:00,13.2,reservee,terminee
session_4680,hub_tanger,hub_tanger_borne_2,2025-10-13 16:34:00,2025-10-13 17:35:00,17.9,walk_in,terminee
session_4681,hub_tanger,hub_tanger_borne_4,2025-10-13 17:49:00,2025-10-13 18:48:00,18.0,walk_in,terminee
session_4682,hub_tanger,hub_tanger_borne_1,2025-10-13 22:33:00,2025-10-13 23:00:00,19.7,walk_in,terminee
session_4683,hub_tanger,hub_tanger_borne_1,2025-10-13 20:15:00,2025-10-13 21:39:00,17.5,reservee,terminee
session_4684,hub_tanger,hub_tanger_borne_1,2025-10-14 22:13:00,2025-10-14 23:02:00,9.2,reservee,terminee
session_4685,hub_tanger,hub_tanger_borne_2,2025-10-14 20:09:00,2025-10-14 21:33:00,36.9,reservee,terminee
session_4686,hub_tanger,hub_tanger_borne_4,2025-10-14 22:21:00,2025-10-14 23:20:00,9.1,reservee,terminee
session_4687,hub_tanger,hub_tanger_borne_2,2025-10-14 20:34:00,2025-10-14 21:20:00,28.2,walk_in,terminee
session_4688,hub_tanger,hub_tanger_borne_1,2025-10-15 16:29:00,2025-10-15 16:53:00,35.3,walk_in,terminee
session_4689,hub_tanger,hub_tanger_borne_3,2025-10-15 17:56:00,2025-10-15 18:27:00,5.0,reservee,terminee
session_4690,hub_tanger,hub_tanger_borne_1,2025-10-15 21:18:00,2025-10-15 21:50:00,39.5,reservee,terminee
session_4691,hub_tanger,hub_tanger_borne_4,2025-10-15 18:17:00,2025-10-15 19:35:00,11.9,reservee,terminee
session_4692,hub_tanger,hub_tanger_borne_4,2025-10-16 22:17:00,2025-10-16 22:41:00,31.8,reservee,terminee
session_4693,hub_tanger,hub_tanger_borne_4,2025-10-16 20:35:00,2025-10-16 20:59:00,12.1,reservee,terminee
session_4694,hub_tanger,hub_tanger_borne_2,2025-10-16 21:42:00,2025-10-16 22:26:00,19.2,reservee,terminee
session_4695,hub_tanger,hub_tanger_borne_3,2025-10-16 14:03:00,2025-10-16 15:03:00,11.0,walk_in,terminee
session_4696,hub_tanger,hub_tanger_borne_1,2025-10-17 19:40:00,2025-10-17 20:48:00,39.1,reservee,terminee
session_4697,hub_tanger,hub_tanger_borne_4,2025-10-18 19:20:00,2025-10-18 20:21:00,12.7,walk_in,terminee
session_4698,hub_tanger,hub_tanger_borne_3,2025-10-18 14:07:00,2025-10-18 15:10:00,35.3,reservee,terminee
session_4699,hub_tanger,hub_tanger_borne_2,2025-10-18 15:14:00,2025-10-18 16:07:00,33.6,walk_in,terminee
session_4700,hub_tanger,hub_tanger_borne_4,2025-10-18 10:49:00,2025-10-18 11:51:00,7.4,walk_in,terminee
session_4701,hub_tanger,hub_tanger_borne_2,2025-10-19 11:00:00,2025-10-19 11:26:00,5.6,walk_in,terminee
session_4702,hub_tanger,hub_tanger_borne_1,2025-10-20 18:45:00,2025-10-20 20:06:00,30.2,reservee,terminee
session_4703,hub_tanger,hub_tanger_borne_3,2025-10-20 16:31:00,2025-10-20 17:15:00,27.5,reservee,terminee
session_4704,hub_tanger,hub_tanger_borne_3,2025-10-20 19:27:00,2025-10-20 20:55:00,12.5,reservee,terminee
session_4705,hub_tanger,hub_tanger_borne_3,2025-10-21 19:54:00,2025-10-21 20:51:00,10.7,walk_in,terminee
session_4706,hub_tanger,hub_tanger_borne_3,2025-10-21 19:43:00,2025-10-21 20:19:00,11.6,reservee,terminee
session_4707,hub_tanger,hub_tanger_borne_2,2025-10-21 20:17:00,2025-10-21 20:39:00,18.6,reservee,terminee
session_4708,hub_tanger,hub_tanger_borne_3,2025-10-21 21:04:00,2025-10-21 21:41:00,14.9,reservee,terminee
session_4709,hub_tanger,hub_tanger_borne_4,2025-10-21 22:12:00,2025-10-21 22:43:00,5.0,walk_in,terminee
session_4710,hub_tanger,hub_tanger_borne_2,2025-10-21 16:40:00,2025-10-21 17:03:00,19.6,walk_in,terminee
session_4711,hub_tanger,hub_tanger_borne_1,2025-10-22 18:13:00,2025-10-22 19:14:00,37.1,reservee,terminee
session_4712,hub_tanger,hub_tanger_borne_3,2025-10-22 17:36:00,2025-10-22 18:24:00,20.2,walk_in,terminee
session_4713,hub_tanger,hub_tanger_borne_1,2025-10-22 19:11:00,2025-10-22 20:40:00,14.0,walk_in,terminee
session_4714,hub_tanger,hub_tanger_borne_3,2025-10-22 21:23:00,2025-10-22 22:31:00,26.9,reservee,terminee
session_4715,hub_tanger,hub_tanger_borne_2,2025-10-23 14:20:00,2025-10-23 15:09:00,28.9,walk_in,terminee
session_4716,hub_tanger,hub_tanger_borne_3,2025-10-23 21:19:00,2025-10-23 22:31:00,36.8,walk_in,terminee
session_4717,hub_tanger,hub_tanger_borne_3,2025-10-23 16:22:00,2025-10-23 17:15:00,20.1,reservee,terminee
session_4718,hub_tanger,hub_tanger_borne_1,2025-10-23 22:30:00,2025-10-23 23:07:00,36.2,reservee,terminee
session_4719,hub_tanger,hub_tanger_borne_2,2025-10-24 16:08:00,2025-10-24 17:14:00,18.2,reservee,terminee
session_4720,hub_tanger,hub_tanger_borne_2,2025-10-24 20:53:00,2025-10-24 21:13:00,10.9,walk_in,terminee
session_4721,hub_tanger,hub_tanger_borne_1,2025-10-24 14:18:00,2025-10-24 15:23:00,35.4,reservee,terminee
session_4722,hub_tanger,hub_tanger_borne_2,2025-10-24 16:55:00,2025-10-24 18:11:00,22.7,walk_in,terminee
session_4723,hub_tanger,hub_tanger_borne_3,2025-10-24 12:43:00,2025-10-24 13:56:00,34.1,walk_in,terminee
session_4724,hub_tanger,hub_tanger_borne_1,2025-10-24 16:10:00,2025-10-24 17:30:00,19.1,reservee,terminee
session_4725,hub_tanger,hub_tanger_borne_2,2025-10-24 19:28:00,2025-10-24 20:16:00,23.7,reservee,terminee
session_4726,hub_tanger,hub_tanger_borne_1,2025-10-24 16:56:00,2025-10-24 17:58:00,27.5,walk_in,terminee
session_4727,hub_tanger,hub_tanger_borne_4,2025-10-24 17:36:00,2025-10-24 18:32:00,11.2,reservee,terminee
session_4728,hub_tanger,hub_tanger_borne_4,2025-10-24 20:12:00,2025-10-24 21:29:00,8.1,walk_in,terminee
session_4729,hub_tanger,hub_tanger_borne_1,2025-10-25 11:36:00,2025-10-25 12:45:00,5.3,reservee,terminee
session_4730,hub_tanger,hub_tanger_borne_1,2025-10-25 16:40:00,2025-10-25 18:06:00,8.1,reservee,terminee
session_4731,hub_tanger,hub_tanger_borne_1,2025-10-25 09:23:00,2025-10-25 09:47:00,15.1,reservee,terminee
session_4732,hub_tanger,hub_tanger_borne_3,2025-10-25 14:37:00,2025-10-25 15:33:00,17.0,reservee,terminee
session_4733,hub_tanger,hub_tanger_borne_2,2025-10-25 14:08:00,2025-10-25 14:43:00,39.1,walk_in,terminee
session_4734,hub_tanger,hub_tanger_borne_4,2025-10-25 17:39:00,2025-10-25 18:41:00,27.6,reservee,terminee
session_4735,hub_tanger,hub_tanger_borne_1,2025-10-25 07:44:00,2025-10-25 08:20:00,23.0,walk_in,terminee
session_4736,hub_tanger,hub_tanger_borne_4,2025-10-26 15:27:00,2025-10-26 16:41:00,23.3,reservee,terminee
session_4737,hub_tanger,hub_tanger_borne_4,2025-10-26 11:46:00,2025-10-26 12:39:00,24.4,reservee,terminee
session_4738,hub_tanger,hub_tanger_borne_1,2025-10-26 10:15:00,2025-10-26 10:59:00,9.0,reservee,terminee
session_4739,hub_tanger,hub_tanger_borne_4,2025-10-26 16:40:00,2025-10-26 17:59:00,15.0,reservee,terminee
session_4740,hub_tanger,hub_tanger_borne_4,2025-10-26 12:49:00,2025-10-26 13:51:00,11.3,walk_in,terminee
session_4741,hub_tanger,hub_tanger_borne_3,2025-10-27 18:58:00,2025-10-27 19:27:00,20.5,reservee,terminee
session_4742,hub_tanger,hub_tanger_borne_3,2025-10-27 22:33:00,2025-10-27 23:41:00,31.7,walk_in,terminee
session_4743,hub_tanger,hub_tanger_borne_2,2025-10-27 12:19:00,2025-10-27 13:29:00,7.7,reservee,terminee
session_4744,hub_tanger,hub_tanger_borne_2,2025-10-27 20:29:00,2025-10-27 21:22:00,27.4,walk_in,terminee
session_4745,hub_tanger,hub_tanger_borne_1,2025-10-28 16:58:00,2025-10-28 17:20:00,12.5,reservee,terminee
session_4746,hub_tanger,hub_tanger_borne_2,2025-10-28 19:58:00,2025-10-28 21:07:00,19.2,walk_in,terminee
session_4747,hub_tanger,hub_tanger_borne_4,2025-10-29 12:46:00,2025-10-29 13:54:00,11.9,reservee,terminee
session_4748,hub_tanger,hub_tanger_borne_3,2025-10-29 17:58:00,2025-10-29 18:49:00,13.0,walk_in,terminee
session_4749,hub_tanger,hub_tanger_borne_1,2025-10-29 22:30:00,2025-10-29 23:42:00,15.9,reservee,terminee
session_4750,hub_tanger,hub_tanger_borne_1,2025-10-29 17:38:00,2025-10-29 18:16:00,35.9,reservee,terminee
session_4751,hub_tanger,hub_tanger_borne_4,2025-10-29 19:31:00,2025-10-29 20:05:00,24.5,walk_in,terminee
session_4752,hub_tanger,hub_tanger_borne_4,2025-10-30 13:54:00,2025-10-30 14:58:00,11.5,walk_in,terminee
session_4753,hub_tanger,hub_tanger_borne_4,2025-10-30 14:07:00,2025-10-30 15:22:00,24.5,reservee,terminee
session_4754,hub_tanger,hub_tanger_borne_1,2025-10-30 19:09:00,2025-10-30 20:25:00,14.6,reservee,terminee
session_4755,hub_tanger,hub_tanger_borne_2,2025-10-31 21:26:00,2025-10-31 22:04:00,16.5,reservee,terminee
session_4756,hub_tanger,hub_tanger_borne_3,2025-10-31 19:15:00,2025-10-31 20:17:00,14.7,reservee,terminee
session_4757,hub_tanger,hub_tanger_borne_1,2025-10-31 22:40:00,2025-10-31 23:59:00,7.9,walk_in,terminee
session_4758,hub_tanger,hub_tanger_borne_4,2025-10-31 22:48:00,2025-10-31 23:46:00,7.5,reservee,terminee
session_4759,hub_tanger,hub_tanger_borne_4,2025-10-31 16:26:00,2025-10-31 17:52:00,11.1,reservee,terminee
session_4760,hub_tanger,hub_tanger_borne_4,2025-10-31 18:02:00,2025-10-31 18:40:00,12.9,reservee,terminee
session_4761,hub_tanger,hub_tanger_borne_2,2025-10-31 19:34:00,2025-10-31 20:04:00,29.0,reservee,terminee
session_4762,hub_tanger,hub_tanger_borne_2,2025-11-01 14:48:00,2025-11-01 16:16:00,9.4,reservee,terminee
session_4763,hub_tanger,hub_tanger_borne_2,2025-11-01 13:44:00,2025-11-01 14:06:00,24.1,walk_in,terminee
session_4764,hub_tanger,hub_tanger_borne_2,2025-11-01 09:08:00,2025-11-01 10:32:00,32.7,reservee,terminee
session_4765,hub_tanger,hub_tanger_borne_4,2025-11-01 13:30:00,2025-11-01 14:36:00,9.5,walk_in,terminee
session_4766,hub_tanger,hub_tanger_borne_4,2025-11-02 13:39:00,2025-11-02 14:09:00,9.7,reservee,terminee
session_4767,hub_tanger,hub_tanger_borne_2,2025-11-02 15:45:00,2025-11-02 16:45:00,12.1,reservee,terminee
session_4768,hub_tanger,hub_tanger_borne_3,2025-11-02 14:08:00,2025-11-02 15:32:00,8.4,reservee,terminee
session_4769,hub_tanger,hub_tanger_borne_1,2025-11-02 15:52:00,2025-11-02 16:47:00,38.5,walk_in,terminee
session_4770,hub_tanger,hub_tanger_borne_4,2025-11-02 12:20:00,2025-11-02 13:37:00,39.4,walk_in,terminee
session_4771,hub_tanger,hub_tanger_borne_1,2025-11-03 14:05:00,2025-11-03 14:31:00,15.9,walk_in,terminee
session_4772,hub_tanger,hub_tanger_borne_3,2025-11-03 19:44:00,2025-11-03 20:33:00,20.5,reservee,terminee
session_4773,hub_tanger,hub_tanger_borne_2,2025-11-03 14:34:00,2025-11-03 15:46:00,14.2,walk_in,terminee
session_4774,hub_tanger,hub_tanger_borne_2,2025-11-03 17:51:00,2025-11-03 19:02:00,25.2,walk_in,terminee
session_4775,hub_tanger,hub_tanger_borne_1,2025-11-03 21:41:00,2025-11-03 22:43:00,8.0,reservee,terminee
session_4776,hub_tanger,hub_tanger_borne_4,2025-11-04 14:36:00,2025-11-04 15:30:00,17.2,reservee,terminee
session_4777,hub_tanger,hub_tanger_borne_3,2025-11-04 21:23:00,2025-11-04 22:21:00,18.3,reservee,terminee
session_4778,hub_tanger,hub_tanger_borne_2,2025-11-04 22:44:00,2025-11-05 00:12:00,6.0,reservee,terminee
session_4779,hub_tanger,hub_tanger_borne_4,2025-11-05 19:33:00,2025-11-05 20:39:00,12.6,reservee,terminee
session_4780,hub_tanger,hub_tanger_borne_4,2025-11-05 16:47:00,2025-11-05 17:15:00,33.6,reservee,terminee
session_4781,hub_tanger,hub_tanger_borne_2,2025-11-05 22:39:00,2025-11-05 23:28:00,21.8,walk_in,terminee
session_4782,hub_tanger,hub_tanger_borne_4,2025-11-05 20:08:00,2025-11-05 21:12:00,13.1,reservee,terminee
session_4783,hub_tanger,hub_tanger_borne_1,2025-11-05 15:11:00,2025-11-05 16:04:00,38.8,walk_in,terminee
session_4784,hub_tanger,hub_tanger_borne_3,2025-11-06 15:11:00,2025-11-06 16:29:00,32.3,reservee,terminee
session_4785,hub_tanger,hub_tanger_borne_2,2025-11-06 13:09:00,2025-11-06 13:30:00,31.7,walk_in,terminee
session_4786,hub_tanger,hub_tanger_borne_1,2025-11-06 16:07:00,2025-11-06 16:38:00,21.1,reservee,terminee
session_4787,hub_tanger,hub_tanger_borne_1,2025-11-06 17:35:00,2025-11-06 18:45:00,38.1,reservee,terminee
session_4788,hub_tanger,hub_tanger_borne_1,2025-11-07 15:56:00,2025-11-07 16:33:00,5.3,walk_in,terminee
session_4789,hub_tanger,hub_tanger_borne_4,2025-11-07 18:02:00,2025-11-07 19:05:00,13.5,walk_in,terminee
session_4790,hub_tanger,hub_tanger_borne_3,2025-11-07 22:15:00,2025-11-07 23:17:00,25.4,walk_in,terminee
session_4791,hub_tanger,hub_tanger_borne_3,2025-11-08 15:02:00,2025-11-08 16:26:00,29.1,walk_in,terminee
session_4792,hub_tanger,hub_tanger_borne_4,2025-11-08 12:30:00,2025-11-08 13:23:00,31.1,walk_in,terminee
session_4793,hub_tanger,hub_tanger_borne_2,2025-11-08 18:29:00,2025-11-08 19:43:00,21.7,reservee,terminee
session_4794,hub_tanger,hub_tanger_borne_2,2025-11-08 16:11:00,2025-11-08 17:22:00,11.0,walk_in,terminee
session_4795,hub_tanger,hub_tanger_borne_4,2025-11-08 11:03:00,2025-11-08 11:56:00,12.8,reservee,terminee
session_4796,hub_tanger,hub_tanger_borne_1,2025-11-08 12:15:00,2025-11-08 13:13:00,10.2,reservee,terminee
session_4797,hub_tanger,hub_tanger_borne_2,2025-11-08 13:06:00,2025-11-08 14:21:00,20.7,walk_in,terminee
session_4798,hub_tanger,hub_tanger_borne_4,2025-11-09 18:07:00,2025-11-09 19:35:00,21.3,reservee,terminee
session_4799,hub_tanger,hub_tanger_borne_2,2025-11-09 14:35:00,2025-11-09 15:05:00,11.4,walk_in,terminee
session_4800,hub_tanger,hub_tanger_borne_1,2025-11-09 15:39:00,2025-11-09 16:14:00,11.4,reservee,terminee
session_4801,hub_tanger,hub_tanger_borne_2,2025-11-09 15:25:00,2025-11-09 16:39:00,33.5,walk_in,terminee
session_4802,hub_tanger,hub_tanger_borne_3,2025-11-09 10:00:00,2025-11-09 10:55:00,9.5,reservee,terminee
session_4803,hub_tanger,hub_tanger_borne_3,2025-11-09 10:00:00,2025-11-09 10:41:00,10.4,reservee,terminee
session_4804,hub_tanger,hub_tanger_borne_4,2025-11-09 13:49:00,2025-11-09 14:39:00,36.8,walk_in,terminee
session_4805,hub_tanger,hub_tanger_borne_2,2025-11-09 11:52:00,2025-11-09 12:25:00,22.2,reservee,terminee
session_4806,hub_tanger,hub_tanger_borne_2,2025-11-10 20:01:00,2025-11-10 20:40:00,17.4,reservee,terminee
session_4807,hub_tanger,hub_tanger_borne_1,2025-11-10 22:06:00,2025-11-10 22:26:00,32.1,reservee,terminee
session_4808,hub_tanger,hub_tanger_borne_1,2025-11-10 19:16:00,2025-11-10 20:00:00,21.1,reservee,terminee
session_4809,hub_tanger,hub_tanger_borne_4,2025-11-10 13:15:00,2025-11-10 14:05:00,29.8,reservee,terminee
session_4810,hub_tanger,hub_tanger_borne_1,2025-11-10 18:32:00,2025-11-10 19:50:00,17.9,walk_in,terminee
session_4811,hub_tanger,hub_tanger_borne_3,2025-11-10 15:42:00,2025-11-10 16:04:00,36.4,reservee,terminee
session_4812,hub_tanger,hub_tanger_borne_2,2025-11-10 17:56:00,2025-11-10 18:40:00,12.7,walk_in,terminee
session_4813,hub_tanger,hub_tanger_borne_4,2025-11-11 18:35:00,2025-11-11 20:02:00,24.5,reservee,terminee
session_4814,hub_tanger,hub_tanger_borne_4,2025-11-11 22:53:00,2025-11-11 23:33:00,17.1,walk_in,terminee
session_4815,hub_tanger,hub_tanger_borne_1,2025-11-11 13:00:00,2025-11-11 13:29:00,8.0,reservee,terminee
session_4816,hub_tanger,hub_tanger_borne_2,2025-11-11 16:39:00,2025-11-11 17:02:00,26.3,reservee,terminee
session_4817,hub_tanger,hub_tanger_borne_2,2025-11-11 17:52:00,2025-11-11 18:16:00,39.3,reservee,terminee
session_4818,hub_tanger,hub_tanger_borne_3,2025-11-12 18:03:00,2025-11-12 18:26:00,24.7,reservee,terminee
session_4819,hub_tanger,hub_tanger_borne_3,2025-11-12 17:41:00,2025-11-12 18:02:00,27.4,walk_in,terminee
session_4820,hub_tanger,hub_tanger_borne_3,2025-11-12 22:43:00,2025-11-12 23:40:00,22.8,walk_in,terminee
session_4821,hub_tanger,hub_tanger_borne_3,2025-11-12 16:21:00,2025-11-12 17:10:00,33.0,reservee,terminee
session_4822,hub_tanger,hub_tanger_borne_3,2025-11-13 16:48:00,2025-11-13 17:30:00,38.6,walk_in,terminee
session_4823,hub_tanger,hub_tanger_borne_4,2025-11-14 18:02:00,2025-11-14 19:14:00,33.1,reservee,terminee
session_4824,hub_tanger,hub_tanger_borne_2,2025-11-14 20:43:00,2025-11-14 22:10:00,12.0,reservee,terminee
session_4825,hub_tanger,hub_tanger_borne_1,2025-11-14 12:05:00,2025-11-14 13:20:00,9.7,reservee,terminee
session_4826,hub_tanger,hub_tanger_borne_3,2025-11-14 18:06:00,2025-11-14 19:23:00,34.8,walk_in,terminee
session_4827,hub_tanger,hub_tanger_borne_1,2025-11-15 17:15:00,2025-11-15 18:03:00,36.8,walk_in,terminee
session_4828,hub_tanger,hub_tanger_borne_3,2025-11-15 20:49:00,2025-11-15 22:09:00,35.4,reservee,terminee
session_4829,hub_tanger,hub_tanger_borne_1,2025-11-15 13:09:00,2025-11-15 13:34:00,13.5,reservee,terminee
session_4830,hub_tanger,hub_tanger_borne_2,2025-11-15 15:08:00,2025-11-15 15:50:00,12.8,reservee,terminee
session_4831,hub_tanger,hub_tanger_borne_2,2025-11-15 11:52:00,2025-11-15 13:02:00,28.9,walk_in,terminee
session_4832,hub_tanger,hub_tanger_borne_3,2025-11-15 12:12:00,2025-11-15 13:16:00,27.4,walk_in,terminee
session_4833,hub_tanger,hub_tanger_borne_4,2025-11-15 11:57:00,2025-11-15 12:53:00,37.2,reservee,terminee
session_4834,hub_tanger,hub_tanger_borne_1,2025-11-15 14:13:00,2025-11-15 14:51:00,36.2,reservee,terminee
session_4835,hub_tanger,hub_tanger_borne_2,2025-11-15 17:21:00,2025-11-15 18:24:00,12.0,reservee,terminee
session_4836,hub_tanger,hub_tanger_borne_4,2025-11-15 19:55:00,2025-11-15 20:18:00,27.8,walk_in,terminee
session_4837,hub_tanger,hub_tanger_borne_4,2025-11-15 12:39:00,2025-11-15 13:26:00,18.4,walk_in,terminee
session_4838,hub_tanger,hub_tanger_borne_4,2025-11-16 13:37:00,2025-11-16 14:47:00,22.7,walk_in,terminee
session_4839,hub_tanger,hub_tanger_borne_1,2025-11-16 13:09:00,2025-11-16 13:43:00,25.9,reservee,terminee
session_4840,hub_tanger,hub_tanger_borne_1,2025-11-16 13:24:00,2025-11-16 14:20:00,27.9,walk_in,terminee
session_4841,hub_tanger,hub_tanger_borne_2,2025-11-17 22:58:00,2025-11-17 23:23:00,16.7,walk_in,terminee
session_4842,hub_tanger,hub_tanger_borne_2,2025-11-17 16:35:00,2025-11-17 17:41:00,8.2,reservee,terminee
session_4843,hub_tanger,hub_tanger_borne_2,2025-11-17 21:14:00,2025-11-17 22:00:00,16.7,walk_in,terminee
session_4844,hub_tanger,hub_tanger_borne_3,2025-11-17 16:11:00,2025-11-17 17:00:00,11.3,walk_in,terminee
session_4845,hub_tanger,hub_tanger_borne_1,2025-11-17 15:50:00,2025-11-17 16:53:00,33.4,walk_in,terminee
session_4846,hub_tanger,hub_tanger_borne_4,2025-11-17 11:15:00,2025-11-17 12:21:00,5.2,reservee,terminee
session_4847,hub_tanger,hub_tanger_borne_4,2025-11-18 18:44:00,2025-11-18 19:14:00,7.2,walk_in,terminee
session_4848,hub_tanger,hub_tanger_borne_1,2025-11-18 15:24:00,2025-11-18 16:08:00,27.8,reservee,terminee
session_4849,hub_tanger,hub_tanger_borne_1,2025-11-18 18:37:00,2025-11-18 19:21:00,6.2,walk_in,terminee
session_4850,hub_tanger,hub_tanger_borne_3,2025-11-18 15:33:00,2025-11-18 16:35:00,12.7,walk_in,terminee
session_4851,hub_tanger,hub_tanger_borne_3,2025-11-19 20:39:00,2025-11-19 21:22:00,8.5,reservee,terminee
session_4852,hub_tanger,hub_tanger_borne_1,2025-11-19 19:29:00,2025-11-19 19:57:00,8.9,reservee,terminee
session_4853,hub_tanger,hub_tanger_borne_4,2025-11-19 20:55:00,2025-11-19 21:31:00,30.2,reservee,terminee
session_4854,hub_tanger,hub_tanger_borne_3,2025-11-19 18:49:00,2025-11-19 20:00:00,28.8,reservee,terminee
session_4855,hub_tanger,hub_tanger_borne_4,2025-11-19 14:08:00,2025-11-19 15:05:00,32.2,walk_in,terminee
session_4856,hub_tanger,hub_tanger_borne_4,2025-11-20 13:32:00,2025-11-20 14:41:00,10.3,reservee,terminee
session_4857,hub_tanger,hub_tanger_borne_3,2025-11-20 16:12:00,2025-11-20 16:42:00,31.1,reservee,terminee
session_4858,hub_tanger,hub_tanger_borne_2,2025-11-20 20:28:00,2025-11-20 21:51:00,35.7,reservee,terminee
session_4859,hub_tanger,hub_tanger_borne_3,2025-11-20 14:17:00,2025-11-20 14:53:00,28.5,reservee,terminee
session_4860,hub_tanger,hub_tanger_borne_2,2025-11-20 22:13:00,2025-11-20 22:49:00,17.9,walk_in,terminee
session_4861,hub_tanger,hub_tanger_borne_3,2025-11-21 14:36:00,2025-11-21 15:50:00,17.5,walk_in,terminee
session_4862,hub_tanger,hub_tanger_borne_4,2025-11-21 13:53:00,2025-11-21 14:28:00,37.3,walk_in,terminee
session_4863,hub_tanger,hub_tanger_borne_2,2025-11-21 15:25:00,2025-11-21 16:24:00,34.5,walk_in,terminee
session_4864,hub_tanger,hub_tanger_borne_2,2025-11-22 13:22:00,2025-11-22 13:47:00,16.7,walk_in,terminee
session_4865,hub_tanger,hub_tanger_borne_1,2025-11-22 14:47:00,2025-11-22 16:13:00,12.8,reservee,terminee
session_4866,hub_tanger,hub_tanger_borne_1,2025-11-22 10:28:00,2025-11-22 11:29:00,32.3,walk_in,terminee
session_4867,hub_tanger,hub_tanger_borne_1,2025-11-22 13:52:00,2025-11-22 15:17:00,27.1,reservee,terminee
session_4868,hub_tanger,hub_tanger_borne_4,2025-11-22 13:32:00,2025-11-22 14:41:00,17.5,reservee,terminee
session_4869,hub_tanger,hub_tanger_borne_3,2025-11-22 12:51:00,2025-11-22 13:19:00,5.6,reservee,terminee
session_4870,hub_tanger,hub_tanger_borne_2,2025-11-22 13:00:00,2025-11-22 14:13:00,23.8,walk_in,terminee
session_4871,hub_tanger,hub_tanger_borne_4,2025-11-22 13:46:00,2025-11-22 14:36:00,17.1,walk_in,terminee
session_4872,hub_tanger,hub_tanger_borne_2,2025-11-22 15:53:00,2025-11-22 17:03:00,11.9,walk_in,terminee
session_4873,hub_tanger,hub_tanger_borne_1,2025-11-23 17:17:00,2025-11-23 17:42:00,13.7,reservee,terminee
session_4874,hub_tanger,hub_tanger_borne_3,2025-11-23 15:31:00,2025-11-23 16:23:00,14.3,walk_in,terminee
session_4875,hub_tanger,hub_tanger_borne_4,2025-11-23 12:40:00,2025-11-23 13:30:00,16.1,reservee,terminee
session_4876,hub_tanger,hub_tanger_borne_4,2025-11-23 12:39:00,2025-11-23 13:29:00,37.6,reservee,terminee
session_4877,hub_tanger,hub_tanger_borne_3,2025-11-24 15:19:00,2025-11-24 15:46:00,9.5,reservee,terminee
session_4878,hub_tanger,hub_tanger_borne_2,2025-11-24 16:36:00,2025-11-24 17:03:00,15.4,walk_in,terminee
session_4879,hub_tanger,hub_tanger_borne_3,2025-11-24 18:51:00,2025-11-24 19:12:00,36.9,walk_in,terminee
session_4880,hub_tanger,hub_tanger_borne_2,2025-11-24 17:16:00,2025-11-24 18:22:00,33.0,reservee,terminee
session_4881,hub_tanger,hub_tanger_borne_1,2025-11-24 16:24:00,2025-11-24 17:34:00,29.6,reservee,terminee
session_4882,hub_tanger,hub_tanger_borne_4,2025-11-24 22:09:00,2025-11-24 22:47:00,33.1,walk_in,terminee
session_4883,hub_tanger,hub_tanger_borne_2,2025-11-24 19:51:00,2025-11-24 20:42:00,16.2,walk_in,terminee
session_4884,hub_tanger,hub_tanger_borne_2,2025-11-25 16:58:00,2025-11-25 17:20:00,37.2,reservee,terminee
session_4885,hub_tanger,hub_tanger_borne_3,2025-11-25 15:32:00,2025-11-25 16:05:00,13.1,reservee,terminee
session_4886,hub_tanger,hub_tanger_borne_4,2025-11-25 19:14:00,2025-11-25 20:22:00,26.5,reservee,terminee
session_4887,hub_tanger,hub_tanger_borne_2,2025-11-26 22:16:00,2025-11-26 23:44:00,25.7,reservee,terminee
session_4888,hub_tanger,hub_tanger_borne_4,2025-11-26 22:45:00,2025-11-26 23:46:00,35.2,reservee,terminee
session_4889,hub_tanger,hub_tanger_borne_3,2025-11-27 18:13:00,2025-11-27 19:21:00,34.5,reservee,terminee
session_4890,hub_tanger,hub_tanger_borne_4,2025-11-27 13:58:00,2025-11-27 14:31:00,21.2,walk_in,terminee
session_4891,hub_tanger,hub_tanger_borne_1,2025-11-27 18:53:00,2025-11-27 20:15:00,13.3,reservee,terminee
session_4892,hub_tanger,hub_tanger_borne_3,2025-11-27 18:56:00,2025-11-27 20:08:00,34.0,walk_in,terminee
session_4893,hub_tanger,hub_tanger_borne_4,2025-11-27 17:24:00,2025-11-27 18:29:00,33.8,walk_in,terminee
session_4894,hub_tanger,hub_tanger_borne_1,2025-11-27 17:17:00,2025-11-27 18:05:00,39.8,reservee,terminee
session_4895,hub_tanger,hub_tanger_borne_3,2025-11-27 19:24:00,2025-11-27 20:44:00,10.7,reservee,terminee
session_4896,hub_tanger,hub_tanger_borne_2,2025-11-27 17:09:00,2025-11-27 18:25:00,34.6,reservee,terminee
session_4897,hub_tanger,hub_tanger_borne_1,2025-11-27 17:30:00,2025-11-27 18:04:00,20.6,walk_in,terminee
session_4898,hub_tanger,hub_tanger_borne_1,2025-11-29 14:46:00,2025-11-29 15:08:00,17.3,walk_in,terminee
session_4899,hub_tanger,hub_tanger_borne_1,2025-11-29 15:48:00,2025-11-29 16:41:00,8.4,reservee,terminee
session_4900,hub_tanger,hub_tanger_borne_4,2025-11-30 08:58:00,2025-11-30 09:20:00,17.2,walk_in,terminee
session_4901,hub_tanger,hub_tanger_borne_3,2025-11-30 15:57:00,2025-11-30 16:19:00,35.6,reservee,terminee
session_4902,hub_tanger,hub_tanger_borne_1,2025-11-30 15:51:00,2025-11-30 16:39:00,15.3,reservee,terminee
session_4903,hub_tanger,hub_tanger_borne_1,2025-11-30 11:49:00,2025-11-30 13:13:00,28.7,reservee,terminee
session_4904,hub_tanger,hub_tanger_borne_3,2025-12-01 16:50:00,2025-12-01 17:35:00,33.7,walk_in,terminee
session_4905,hub_tanger,hub_tanger_borne_2,2025-12-01 20:58:00,2025-12-01 21:20:00,20.3,walk_in,terminee
session_4906,hub_tanger,hub_tanger_borne_4,2025-12-02 15:23:00,2025-12-02 16:10:00,24.7,reservee,terminee
session_4907,hub_tanger,hub_tanger_borne_1,2025-12-02 19:07:00,2025-12-02 20:23:00,5.6,walk_in,terminee
session_4908,hub_tanger,hub_tanger_borne_2,2025-12-02 17:10:00,2025-12-02 18:07:00,15.5,reservee,terminee
session_4909,hub_tanger,hub_tanger_borne_4,2025-12-03 14:07:00,2025-12-03 15:25:00,16.5,reservee,terminee
session_4910,hub_tanger,hub_tanger_borne_4,2025-12-03 15:40:00,2025-12-03 16:10:00,30.1,reservee,terminee
session_4911,hub_tanger,hub_tanger_borne_1,2025-12-03 18:09:00,2025-12-03 19:12:00,39.5,walk_in,terminee
session_4912,hub_tanger,hub_tanger_borne_3,2025-12-03 15:51:00,2025-12-03 16:47:00,13.0,walk_in,terminee
session_4913,hub_tanger,hub_tanger_borne_1,2025-12-04 21:06:00,2025-12-04 22:34:00,38.3,walk_in,terminee
session_4914,hub_tanger,hub_tanger_borne_3,2025-12-04 16:25:00,2025-12-04 17:46:00,5.4,reservee,terminee
session_4915,hub_tanger,hub_tanger_borne_2,2025-12-04 14:39:00,2025-12-04 15:48:00,7.3,reservee,terminee
session_4916,hub_tanger,hub_tanger_borne_4,2025-12-05 17:01:00,2025-12-05 17:42:00,23.6,reservee,terminee
session_4917,hub_tanger,hub_tanger_borne_2,2025-12-05 22:51:00,2025-12-05 23:56:00,20.4,reservee,terminee
session_4918,hub_tanger,hub_tanger_borne_3,2025-12-06 14:26:00,2025-12-06 15:18:00,40.0,reservee,terminee
session_4919,hub_tanger,hub_tanger_borne_3,2025-12-06 10:30:00,2025-12-06 11:12:00,35.7,reservee,terminee
session_4920,hub_tanger,hub_tanger_borne_4,2025-12-06 13:11:00,2025-12-06 13:59:00,22.2,reservee,terminee
session_4921,hub_tanger,hub_tanger_borne_1,2025-12-06 12:34:00,2025-12-06 13:44:00,22.7,walk_in,terminee
session_4922,hub_tanger,hub_tanger_borne_4,2025-12-06 18:24:00,2025-12-06 19:01:00,9.6,reservee,terminee
session_4923,hub_tanger,hub_tanger_borne_1,2025-12-06 14:45:00,2025-12-06 15:20:00,29.6,reservee,terminee
session_4924,hub_tanger,hub_tanger_borne_1,2025-12-07 15:24:00,2025-12-07 16:05:00,18.0,reservee,terminee
session_4925,hub_tanger,hub_tanger_borne_4,2025-12-07 13:31:00,2025-12-07 14:27:00,36.7,walk_in,terminee
session_4926,hub_tanger,hub_tanger_borne_1,2025-12-07 16:52:00,2025-12-07 17:34:00,21.7,walk_in,terminee
session_4927,hub_tanger,hub_tanger_borne_1,2025-12-07 12:00:00,2025-12-07 12:34:00,8.5,reservee,terminee
session_4928,hub_tanger,hub_tanger_borne_1,2025-12-08 15:56:00,2025-12-08 16:26:00,13.9,reservee,terminee
session_4929,hub_tanger,hub_tanger_borne_2,2025-12-08 21:11:00,2025-12-08 21:36:00,39.3,walk_in,terminee
session_4930,hub_tanger,hub_tanger_borne_3,2025-12-09 17:06:00,2025-12-09 17:37:00,18.0,reservee,terminee
session_4931,hub_tanger,hub_tanger_borne_1,2025-12-09 14:29:00,2025-12-09 14:52:00,26.3,walk_in,terminee
session_4932,hub_tanger,hub_tanger_borne_2,2025-12-09 12:41:00,2025-12-09 13:17:00,25.9,walk_in,terminee
session_4933,hub_tanger,hub_tanger_borne_3,2025-12-09 20:52:00,2025-12-09 22:17:00,9.4,walk_in,terminee
session_4934,hub_tanger,hub_tanger_borne_3,2025-12-09 22:54:00,2025-12-10 00:14:00,32.1,reservee,terminee
session_4935,hub_tanger,hub_tanger_borne_2,2025-12-10 14:04:00,2025-12-10 15:05:00,38.9,reservee,terminee
session_4936,hub_tanger,hub_tanger_borne_3,2025-12-10 19:16:00,2025-12-10 20:04:00,24.3,walk_in,terminee
session_4937,hub_tanger,hub_tanger_borne_3,2025-12-10 19:54:00,2025-12-10 20:22:00,38.5,reservee,terminee
session_4938,hub_tanger,hub_tanger_borne_2,2025-12-10 22:17:00,2025-12-10 23:07:00,37.8,walk_in,terminee
session_4939,hub_tanger,hub_tanger_borne_2,2025-12-11 22:45:00,2025-12-11 23:20:00,6.8,reservee,terminee
session_4940,hub_tanger,hub_tanger_borne_3,2025-12-11 14:14:00,2025-12-11 15:31:00,19.1,walk_in,terminee
session_4941,hub_tanger,hub_tanger_borne_2,2025-12-12 20:41:00,2025-12-12 21:33:00,36.7,walk_in,terminee
session_4942,hub_tanger,hub_tanger_borne_3,2025-12-12 18:19:00,2025-12-12 19:13:00,13.8,walk_in,terminee
session_4943,hub_tanger,hub_tanger_borne_4,2025-12-13 15:40:00,2025-12-13 16:48:00,5.6,reservee,terminee
session_4944,hub_tanger,hub_tanger_borne_3,2025-12-13 06:56:00,2025-12-13 07:27:00,31.2,walk_in,terminee
session_4945,hub_tanger,hub_tanger_borne_3,2025-12-13 16:35:00,2025-12-13 17:02:00,26.8,walk_in,terminee
session_4946,hub_tanger,hub_tanger_borne_4,2025-12-13 15:48:00,2025-12-13 17:05:00,16.5,walk_in,terminee
session_4947,hub_tanger,hub_tanger_borne_4,2025-12-13 11:57:00,2025-12-13 13:17:00,22.9,reservee,terminee
session_4948,hub_tanger,hub_tanger_borne_4,2025-12-13 12:29:00,2025-12-13 13:23:00,18.3,reservee,terminee
session_4949,hub_tanger,hub_tanger_borne_1,2025-12-13 14:58:00,2025-12-13 16:14:00,34.3,reservee,terminee
session_4950,hub_tanger,hub_tanger_borne_3,2025-12-14 11:41:00,2025-12-14 12:55:00,13.7,reservee,terminee
session_4951,hub_tanger,hub_tanger_borne_2,2025-12-14 14:26:00,2025-12-14 14:50:00,12.7,walk_in,terminee
session_4952,hub_tanger,hub_tanger_borne_1,2025-12-14 19:37:00,2025-12-14 21:03:00,39.6,walk_in,terminee
session_4953,hub_tanger,hub_tanger_borne_1,2025-12-14 14:02:00,2025-12-14 14:41:00,21.6,reservee,terminee
session_4954,hub_tanger,hub_tanger_borne_1,2025-12-14 15:22:00,2025-12-14 16:22:00,37.7,reservee,terminee
session_4955,hub_tanger,hub_tanger_borne_1,2025-12-14 15:31:00,2025-12-14 16:16:00,36.5,reservee,terminee
session_4956,hub_tanger,hub_tanger_borne_2,2025-12-14 19:29:00,2025-12-14 20:27:00,10.3,reservee,terminee
session_4957,hub_tanger,hub_tanger_borne_2,2025-12-14 16:44:00,2025-12-14 17:21:00,9.2,reservee,terminee
session_4958,hub_tanger,hub_tanger_borne_3,2025-12-14 12:56:00,2025-12-14 14:00:00,37.4,reservee,terminee
session_4959,hub_tanger,hub_tanger_borne_2,2025-12-15 22:51:00,2025-12-16 00:10:00,8.7,reservee,terminee
session_4960,hub_tanger,hub_tanger_borne_1,2025-12-15 17:14:00,2025-12-15 18:27:00,5.2,walk_in,terminee
session_4961,hub_tanger,hub_tanger_borne_3,2025-12-15 18:02:00,2025-12-15 19:22:00,37.1,reservee,terminee
session_4962,hub_tanger,hub_tanger_borne_2,2025-12-16 18:51:00,2025-12-16 19:37:00,16.9,walk_in,terminee
session_4963,hub_tanger,hub_tanger_borne_4,2025-12-16 19:50:00,2025-12-16 20:22:00,32.7,walk_in,terminee
session_4964,hub_tanger,hub_tanger_borne_1,2025-12-16 21:17:00,2025-12-16 22:23:00,17.6,reservee,terminee
session_4965,hub_tanger,hub_tanger_borne_3,2025-12-16 19:56:00,2025-12-16 20:24:00,27.6,walk_in,terminee
session_4966,hub_tanger,hub_tanger_borne_3,2025-12-16 16:35:00,2025-12-16 17:42:00,32.7,reservee,terminee
session_4967,hub_tanger,hub_tanger_borne_1,2025-12-16 19:36:00,2025-12-16 20:04:00,20.9,walk_in,terminee
session_4968,hub_tanger,hub_tanger_borne_1,2025-12-17 17:01:00,2025-12-17 17:50:00,5.9,walk_in,terminee
session_4969,hub_tanger,hub_tanger_borne_4,2025-12-17 18:12:00,2025-12-17 18:36:00,13.8,reservee,terminee
session_4970,hub_tanger,hub_tanger_borne_3,2025-12-18 18:17:00,2025-12-18 18:54:00,10.9,reservee,terminee
session_4971,hub_tanger,hub_tanger_borne_3,2025-12-18 15:23:00,2025-12-18 16:51:00,15.6,walk_in,terminee
session_4972,hub_tanger,hub_tanger_borne_1,2025-12-18 16:09:00,2025-12-18 16:45:00,10.5,walk_in,terminee
session_4973,hub_tanger,hub_tanger_borne_2,2025-12-18 21:05:00,2025-12-18 21:43:00,28.7,reservee,terminee
session_4974,hub_tanger,hub_tanger_borne_1,2025-12-18 18:41:00,2025-12-18 19:33:00,23.5,reservee,terminee
session_4975,hub_tanger,hub_tanger_borne_1,2025-12-18 22:42:00,2025-12-18 23:56:00,16.9,walk_in,terminee
session_4976,hub_tanger,hub_tanger_borne_2,2025-12-18 14:40:00,2025-12-18 15:52:00,10.8,reservee,terminee
session_4977,hub_tanger,hub_tanger_borne_3,2025-12-19 17:16:00,2025-12-19 17:51:00,12.5,walk_in,terminee
session_4978,hub_tanger,hub_tanger_borne_1,2025-12-19 19:16:00,2025-12-19 20:17:00,37.3,walk_in,terminee
session_4979,hub_tanger,hub_tanger_borne_1,2025-12-19 20:31:00,2025-12-19 20:53:00,32.7,reservee,terminee
session_4980,hub_tanger,hub_tanger_borne_1,2025-12-19 22:25:00,2025-12-19 23:51:00,6.2,walk_in,terminee
session_4981,hub_tanger,hub_tanger_borne_2,2025-12-19 15:08:00,2025-12-19 16:19:00,23.3,walk_in,terminee
session_4982,hub_tanger,hub_tanger_borne_3,2025-12-20 16:42:00,2025-12-20 17:33:00,31.9,walk_in,terminee
session_4983,hub_tanger,hub_tanger_borne_4,2025-12-20 14:41:00,2025-12-20 15:36:00,34.4,walk_in,terminee
session_4984,hub_tanger,hub_tanger_borne_1,2025-12-20 13:11:00,2025-12-20 14:22:00,35.5,walk_in,terminee
session_4985,hub_tanger,hub_tanger_borne_2,2025-12-20 18:34:00,2025-12-20 19:29:00,39.0,reservee,terminee
session_4986,hub_tanger,hub_tanger_borne_2,2025-12-20 12:07:00,2025-12-20 13:09:00,14.2,reservee,terminee
session_4987,hub_tanger,hub_tanger_borne_3,2025-12-20 14:23:00,2025-12-20 14:57:00,36.4,reservee,terminee
session_4988,hub_tanger,hub_tanger_borne_4,2025-12-20 10:02:00,2025-12-20 11:10:00,6.7,reservee,terminee
session_4989,hub_tanger,hub_tanger_borne_2,2025-12-20 12:46:00,2025-12-20 14:08:00,12.2,walk_in,terminee
session_4990,hub_tanger,hub_tanger_borne_2,2025-12-21 16:20:00,2025-12-21 17:26:00,38.0,walk_in,terminee
session_4991,hub_tanger,hub_tanger_borne_2,2025-12-21 08:09:00,2025-12-21 08:40:00,25.1,reservee,terminee
session_4992,hub_tanger,hub_tanger_borne_1,2025-12-21 11:41:00,2025-12-21 12:07:00,6.7,reservee,terminee
session_4993,hub_tanger,hub_tanger_borne_4,2025-12-21 13:52:00,2025-12-21 14:42:00,7.9,walk_in,terminee
session_4994,hub_tanger,hub_tanger_borne_1,2025-12-21 14:24:00,2025-12-21 15:47:00,29.7,reservee,terminee
session_4995,hub_tanger,hub_tanger_borne_4,2025-12-21 22:16:00,2025-12-21 23:03:00,23.9,walk_in,terminee
session_4996,hub_tanger,hub_tanger_borne_1,2025-12-21 16:50:00,2025-12-21 17:40:00,23.2,walk_in,terminee
session_4997,hub_tanger,hub_tanger_borne_3,2025-12-21 09:30:00,2025-12-21 10:57:00,6.3,reservee,terminee
session_4998,hub_tanger,hub_tanger_borne_2,2025-12-21 13:12:00,2025-12-21 13:42:00,29.2,reservee,terminee
session_4999,hub_tanger,hub_tanger_borne_2,2025-12-22 19:08:00,2025-12-22 20:16:00,29.2,walk_in,terminee
session_5000,hub_tanger,hub_tanger_borne_3,2025-12-22 17:04:00,2025-12-22 18:29:00,7.3,reservee,terminee
session_5001,hub_tanger,hub_tanger_borne_3,2025-12-22 14:15:00,2025-12-22 15:33:00,25.8,walk_in,terminee
session_5002,hub_tanger,hub_tanger_borne_1,2025-12-22 19:11:00,2025-12-22 19:32:00,29.1,walk_in,terminee
session_5003,hub_tanger,hub_tanger_borne_3,2025-12-23 17:10:00,2025-12-23 18:24:00,13.6,walk_in,terminee
session_5004,hub_tanger,hub_tanger_borne_3,2025-12-23 15:25:00,2025-12-23 16:46:00,28.3,reservee,terminee
session_5005,hub_tanger,hub_tanger_borne_2,2025-12-23 18:23:00,2025-12-23 18:51:00,20.3,reservee,terminee
session_5006,hub_tanger,hub_tanger_borne_4,2025-12-23 12:10:00,2025-12-23 13:12:00,35.0,walk_in,terminee
session_5007,hub_tanger,hub_tanger_borne_2,2025-12-23 17:52:00,2025-12-23 18:36:00,22.7,reservee,terminee
session_5008,hub_tanger,hub_tanger_borne_4,2025-12-23 15:32:00,2025-12-23 16:09:00,34.8,reservee,terminee
session_5009,hub_tanger,hub_tanger_borne_4,2025-12-23 20:54:00,2025-12-23 21:26:00,31.4,reservee,terminee
session_5010,hub_tanger,hub_tanger_borne_2,2025-12-24 18:03:00,2025-12-24 18:42:00,38.4,reservee,terminee
session_5011,hub_tanger,hub_tanger_borne_2,2025-12-24 20:55:00,2025-12-24 21:38:00,24.6,walk_in,terminee
session_5012,hub_tanger,hub_tanger_borne_3,2025-12-24 15:45:00,2025-12-24 17:08:00,31.9,walk_in,terminee
session_5013,hub_tanger,hub_tanger_borne_4,2025-12-24 18:36:00,2025-12-24 19:13:00,36.9,reservee,terminee
session_5014,hub_tanger,hub_tanger_borne_4,2025-12-24 14:39:00,2025-12-24 15:55:00,33.0,reservee,terminee
session_5015,hub_tanger,hub_tanger_borne_4,2025-12-25 17:58:00,2025-12-25 19:26:00,25.1,walk_in,terminee
session_5016,hub_tanger,hub_tanger_borne_1,2025-12-25 22:41:00,2025-12-25 23:56:00,31.0,reservee,terminee
session_5017,hub_tanger,hub_tanger_borne_2,2025-12-26 15:18:00,2025-12-26 16:08:00,25.3,reservee,terminee
session_5018,hub_tanger,hub_tanger_borne_2,2025-12-27 09:02:00,2025-12-27 10:23:00,22.1,reservee,terminee
session_5019,hub_tanger,hub_tanger_borne_4,2025-12-27 13:24:00,2025-12-27 13:56:00,12.7,reservee,terminee
session_5020,hub_tanger,hub_tanger_borne_3,2025-12-27 09:05:00,2025-12-27 09:48:00,29.8,walk_in,terminee
session_5021,hub_tanger,hub_tanger_borne_4,2025-12-27 13:57:00,2025-12-27 15:05:00,36.5,reservee,terminee
session_5022,hub_tanger,hub_tanger_borne_2,2025-12-27 15:32:00,2025-12-27 16:54:00,36.3,reservee,terminee
session_5023,hub_tanger,hub_tanger_borne_2,2025-12-27 16:26:00,2025-12-27 17:34:00,28.9,walk_in,terminee
session_5024,hub_tanger,hub_tanger_borne_1,2025-12-27 10:19:00,2025-12-27 10:56:00,12.4,reservee,terminee
session_5025,hub_tanger,hub_tanger_borne_3,2025-12-28 11:58:00,2025-12-28 12:55:00,7.4,reservee,terminee
session_5026,hub_tanger,hub_tanger_borne_3,2025-12-28 13:19:00,2025-12-28 14:25:00,10.0,reservee,terminee
session_5027,hub_tanger,hub_tanger_borne_3,2025-12-28 19:24:00,2025-12-28 19:54:00,12.6,walk_in,terminee
session_5028,hub_tanger,hub_tanger_borne_1,2025-12-29 14:26:00,2025-12-29 14:48:00,39.0,walk_in,terminee
session_5029,hub_tanger,hub_tanger_borne_2,2025-12-29 21:11:00,2025-12-29 22:22:00,30.6,reservee,terminee
session_5030,hub_tanger,hub_tanger_borne_1,2025-12-29 15:16:00,2025-12-29 15:42:00,17.1,walk_in,terminee
session_5031,hub_tanger,hub_tanger_borne_2,2025-12-30 22:35:00,2025-12-30 23:31:00,28.6,reservee,terminee
session_5032,hub_tanger,hub_tanger_borne_2,2025-12-31 19:18:00,2025-12-31 20:30:00,37.4,walk_in,terminee
session_5033,hub_tanger,hub_tanger_borne_2,2025-12-31 15:01:00,2025-12-31 16:26:00,8.0,walk_in,terminee
session_5034,hub_tanger,hub_tanger_borne_1,2025-12-31 16:33:00,2025-12-31 17:00:00,6.0,walk_in,terminee
session_5035,hub_tanger,hub_tanger_borne_2,2025-12-31 15:17:00,2025-12-31 16:14:00,25.5,reservee,terminee
session_5036,hub_tanger,hub_tanger_borne_2,2025-12-31 18:52:00,2025-12-31 19:41:00,29.5,reservee,terminee
session_5037,hub_marrakech,hub_marrakech_borne_3,2025-01-01 17:35:00,2025-01-01 18:37:00,22.8,reservee,terminee
session_5038,hub_marrakech,hub_marrakech_borne_3,2025-01-01 16:22:00,2025-01-01 16:52:00,31.7,reservee,terminee
session_5039,hub_marrakech,hub_marrakech_borne_6,2025-01-01 14:02:00,2025-01-01 14:57:00,7.6,walk_in,terminee
session_5040,hub_marrakech,hub_marrakech_borne_4,2025-01-02 20:41:00,2025-01-02 21:11:00,12.3,walk_in,terminee
session_5041,hub_marrakech,hub_marrakech_borne_5,2025-01-02 15:30:00,2025-01-02 16:53:00,32.2,reservee,terminee
session_5042,hub_marrakech,hub_marrakech_borne_5,2025-01-02 17:53:00,2025-01-02 18:53:00,24.2,reservee,terminee
session_5043,hub_marrakech,hub_marrakech_borne_5,2025-01-02 21:30:00,2025-01-02 22:49:00,6.2,reservee,terminee
session_5044,hub_marrakech,hub_marrakech_borne_4,2025-01-02 17:29:00,2025-01-02 18:16:00,7.5,walk_in,terminee
session_5045,hub_marrakech,hub_marrakech_borne_3,2025-01-02 19:47:00,2025-01-02 20:56:00,27.2,walk_in,terminee
session_5046,hub_marrakech,hub_marrakech_borne_5,2025-01-04 15:33:00,2025-01-04 16:17:00,26.1,walk_in,terminee
session_5047,hub_marrakech,hub_marrakech_borne_4,2025-01-04 15:17:00,2025-01-04 16:25:00,37.5,walk_in,terminee
session_5048,hub_marrakech,hub_marrakech_borne_1,2025-01-04 09:47:00,2025-01-04 10:23:00,27.5,reservee,terminee
session_5049,hub_marrakech,hub_marrakech_borne_6,2025-01-04 12:01:00,2025-01-04 12:42:00,15.8,reservee,terminee
session_5050,hub_marrakech,hub_marrakech_borne_1,2025-01-04 16:31:00,2025-01-04 16:52:00,15.5,reservee,terminee
session_5051,hub_marrakech,hub_marrakech_borne_1,2025-01-04 09:07:00,2025-01-04 10:10:00,19.1,reservee,terminee
session_5052,hub_marrakech,hub_marrakech_borne_6,2025-01-04 15:36:00,2025-01-04 16:02:00,14.1,reservee,terminee
session_5053,hub_marrakech,hub_marrakech_borne_1,2025-01-05 17:21:00,2025-01-05 18:48:00,24.5,reservee,terminee
session_5054,hub_marrakech,hub_marrakech_borne_2,2025-01-05 17:01:00,2025-01-05 18:23:00,25.2,reservee,terminee
session_5055,hub_marrakech,hub_marrakech_borne_2,2025-01-05 10:11:00,2025-01-05 10:32:00,26.5,reservee,terminee
session_5056,hub_marrakech,hub_marrakech_borne_1,2025-01-05 11:46:00,2025-01-05 12:13:00,36.4,reservee,terminee
session_5057,hub_marrakech,hub_marrakech_borne_6,2025-01-05 15:24:00,2025-01-05 16:20:00,28.4,reservee,terminee
session_5058,hub_marrakech,hub_marrakech_borne_6,2025-01-06 16:03:00,2025-01-06 16:50:00,25.7,walk_in,terminee
session_5059,hub_marrakech,hub_marrakech_borne_5,2025-01-06 14:31:00,2025-01-06 15:26:00,16.4,walk_in,terminee
session_5060,hub_marrakech,hub_marrakech_borne_6,2025-01-07 14:06:00,2025-01-07 15:24:00,9.8,reservee,terminee
session_5061,hub_marrakech,hub_marrakech_borne_3,2025-01-07 19:22:00,2025-01-07 20:35:00,36.9,reservee,terminee
session_5062,hub_marrakech,hub_marrakech_borne_2,2025-01-07 22:40:00,2025-01-07 23:47:00,20.5,reservee,terminee
session_5063,hub_marrakech,hub_marrakech_borne_3,2025-01-08 16:02:00,2025-01-08 16:43:00,12.9,reservee,terminee
session_5064,hub_marrakech,hub_marrakech_borne_6,2025-01-09 13:20:00,2025-01-09 13:50:00,11.4,reservee,terminee
session_5065,hub_marrakech,hub_marrakech_borne_2,2025-01-09 15:37:00,2025-01-09 17:01:00,13.0,reservee,terminee
session_5066,hub_marrakech,hub_marrakech_borne_1,2025-01-09 17:23:00,2025-01-09 18:17:00,11.4,reservee,terminee
session_5067,hub_marrakech,hub_marrakech_borne_3,2025-01-10 17:36:00,2025-01-10 17:56:00,29.2,reservee,terminee
session_5068,hub_marrakech,hub_marrakech_borne_4,2025-01-10 19:32:00,2025-01-10 20:41:00,8.9,reservee,terminee
session_5069,hub_marrakech,hub_marrakech_borne_5,2025-01-10 12:13:00,2025-01-10 12:46:00,26.0,walk_in,terminee
session_5070,hub_marrakech,hub_marrakech_borne_5,2025-01-10 17:43:00,2025-01-10 19:05:00,9.7,walk_in,terminee
session_5071,hub_marrakech,hub_marrakech_borne_6,2025-01-11 13:50:00,2025-01-11 14:37:00,22.0,walk_in,terminee
session_5072,hub_marrakech,hub_marrakech_borne_3,2025-01-11 16:16:00,2025-01-11 16:37:00,25.8,reservee,terminee
session_5073,hub_marrakech,hub_marrakech_borne_4,2025-01-11 15:00:00,2025-01-11 15:24:00,35.1,reservee,terminee
session_5074,hub_marrakech,hub_marrakech_borne_4,2025-01-11 17:54:00,2025-01-11 19:18:00,23.1,reservee,terminee
session_5075,hub_marrakech,hub_marrakech_borne_5,2025-01-11 20:52:00,2025-01-11 21:48:00,26.9,reservee,terminee
session_5076,hub_marrakech,hub_marrakech_borne_2,2025-01-11 12:39:00,2025-01-11 13:37:00,33.5,reservee,terminee
session_5077,hub_marrakech,hub_marrakech_borne_1,2025-01-11 11:12:00,2025-01-11 12:39:00,12.2,reservee,terminee
session_5078,hub_marrakech,hub_marrakech_borne_4,2025-01-11 17:09:00,2025-01-11 18:20:00,15.8,walk_in,terminee
session_5079,hub_marrakech,hub_marrakech_borne_5,2025-01-11 15:22:00,2025-01-11 16:09:00,21.8,reservee,terminee
session_5080,hub_marrakech,hub_marrakech_borne_3,2025-01-12 22:14:00,2025-01-12 23:38:00,12.6,walk_in,terminee
session_5081,hub_marrakech,hub_marrakech_borne_1,2025-01-12 12:31:00,2025-01-12 13:11:00,37.9,reservee,terminee
session_5082,hub_marrakech,hub_marrakech_borne_5,2025-01-12 14:32:00,2025-01-12 15:43:00,21.5,walk_in,terminee
session_5083,hub_marrakech,hub_marrakech_borne_2,2025-01-13 17:08:00,2025-01-13 18:33:00,26.1,reservee,terminee
session_5084,hub_marrakech,hub_marrakech_borne_5,2025-01-13 17:05:00,2025-01-13 17:46:00,21.1,reservee,terminee
session_5085,hub_marrakech,hub_marrakech_borne_6,2025-01-13 20:20:00,2025-01-13 20:49:00,9.2,reservee,terminee
session_5086,hub_marrakech,hub_marrakech_borne_1,2025-01-13 18:09:00,2025-01-13 18:33:00,34.3,reservee,terminee
session_5087,hub_marrakech,hub_marrakech_borne_2,2025-01-13 17:58:00,2025-01-13 18:59:00,32.9,reservee,terminee
session_5088,hub_marrakech,hub_marrakech_borne_5,2025-01-14 18:58:00,2025-01-14 20:19:00,15.9,reservee,terminee
session_5089,hub_marrakech,hub_marrakech_borne_5,2025-01-14 17:31:00,2025-01-14 18:19:00,27.9,walk_in,terminee
session_5090,hub_marrakech,hub_marrakech_borne_2,2025-01-14 17:39:00,2025-01-14 18:40:00,36.7,walk_in,terminee
session_5091,hub_marrakech,hub_marrakech_borne_2,2025-01-14 18:37:00,2025-01-14 19:57:00,17.2,reservee,terminee
session_5092,hub_marrakech,hub_marrakech_borne_4,2025-01-15 13:55:00,2025-01-15 14:20:00,5.2,reservee,terminee
session_5093,hub_marrakech,hub_marrakech_borne_3,2025-01-15 11:57:00,2025-01-15 12:43:00,31.0,walk_in,terminee
session_5094,hub_marrakech,hub_marrakech_borne_1,2025-01-16 11:32:00,2025-01-16 12:05:00,12.6,reservee,terminee
session_5095,hub_marrakech,hub_marrakech_borne_6,2025-01-16 14:06:00,2025-01-16 14:55:00,19.6,reservee,terminee
session_5096,hub_marrakech,hub_marrakech_borne_5,2025-01-16 14:36:00,2025-01-16 15:34:00,35.2,walk_in,terminee
session_5097,hub_marrakech,hub_marrakech_borne_2,2025-01-17 14:54:00,2025-01-17 15:20:00,24.4,reservee,terminee
session_5098,hub_marrakech,hub_marrakech_borne_2,2025-01-17 18:18:00,2025-01-17 19:28:00,7.8,walk_in,terminee
session_5099,hub_marrakech,hub_marrakech_borne_5,2025-01-17 19:46:00,2025-01-17 20:12:00,16.6,walk_in,terminee
session_5100,hub_marrakech,hub_marrakech_borne_5,2025-01-17 21:27:00,2025-01-17 22:54:00,16.4,reservee,terminee
session_5101,hub_marrakech,hub_marrakech_borne_3,2025-01-17 15:47:00,2025-01-17 16:23:00,35.0,reservee,terminee
session_5102,hub_marrakech,hub_marrakech_borne_5,2025-01-17 18:28:00,2025-01-17 19:52:00,33.3,reservee,terminee
session_5103,hub_marrakech,hub_marrakech_borne_4,2025-01-17 21:46:00,2025-01-17 22:43:00,14.7,reservee,terminee
session_5104,hub_marrakech,hub_marrakech_borne_6,2025-01-18 16:03:00,2025-01-18 17:25:00,10.2,reservee,terminee
session_5105,hub_marrakech,hub_marrakech_borne_6,2025-01-18 12:52:00,2025-01-18 13:15:00,12.6,walk_in,terminee
session_5106,hub_marrakech,hub_marrakech_borne_4,2025-01-18 16:01:00,2025-01-18 17:21:00,25.3,walk_in,terminee
session_5107,hub_marrakech,hub_marrakech_borne_5,2025-01-18 16:43:00,2025-01-18 17:05:00,29.9,reservee,terminee
session_5108,hub_marrakech,hub_marrakech_borne_1,2025-01-19 14:34:00,2025-01-19 15:50:00,34.3,walk_in,terminee
session_5109,hub_marrakech,hub_marrakech_borne_4,2025-01-19 14:13:00,2025-01-19 14:49:00,20.6,walk_in,terminee
session_5110,hub_marrakech,hub_marrakech_borne_4,2025-01-19 11:28:00,2025-01-19 12:45:00,13.4,walk_in,terminee
session_5111,hub_marrakech,hub_marrakech_borne_4,2025-01-19 13:32:00,2025-01-19 14:41:00,12.3,walk_in,terminee
session_5112,hub_marrakech,hub_marrakech_borne_5,2025-01-19 16:52:00,2025-01-19 18:06:00,23.2,reservee,terminee
session_5113,hub_marrakech,hub_marrakech_borne_5,2025-01-19 11:19:00,2025-01-19 11:57:00,27.5,walk_in,terminee
session_5114,hub_marrakech,hub_marrakech_borne_1,2025-01-19 17:36:00,2025-01-19 18:42:00,34.6,reservee,terminee
session_5115,hub_marrakech,hub_marrakech_borne_5,2025-01-19 09:16:00,2025-01-19 09:55:00,23.0,reservee,terminee
session_5116,hub_marrakech,hub_marrakech_borne_2,2025-01-20 18:06:00,2025-01-20 18:36:00,28.4,walk_in,terminee
session_5117,hub_marrakech,hub_marrakech_borne_1,2025-01-21 15:00:00,2025-01-21 15:30:00,24.1,reservee,terminee
session_5118,hub_marrakech,hub_marrakech_borne_3,2025-01-21 14:47:00,2025-01-21 16:07:00,13.2,reservee,terminee
session_5119,hub_marrakech,hub_marrakech_borne_5,2025-01-21 17:34:00,2025-01-21 19:03:00,14.7,reservee,terminee
session_5120,hub_marrakech,hub_marrakech_borne_3,2025-01-21 17:22:00,2025-01-21 18:04:00,14.0,reservee,terminee
session_5121,hub_marrakech,hub_marrakech_borne_5,2025-01-21 15:08:00,2025-01-21 16:28:00,27.4,reservee,terminee
session_5122,hub_marrakech,hub_marrakech_borne_1,2025-01-21 15:05:00,2025-01-21 16:10:00,37.9,reservee,terminee
session_5123,hub_marrakech,hub_marrakech_borne_2,2025-01-21 16:51:00,2025-01-21 17:46:00,19.9,reservee,terminee
session_5124,hub_marrakech,hub_marrakech_borne_1,2025-01-21 12:56:00,2025-01-21 14:01:00,15.0,walk_in,terminee
session_5125,hub_marrakech,hub_marrakech_borne_3,2025-01-22 19:55:00,2025-01-22 20:25:00,35.6,walk_in,terminee
session_5126,hub_marrakech,hub_marrakech_borne_3,2025-01-22 17:54:00,2025-01-22 19:14:00,19.3,reservee,terminee
session_5127,hub_marrakech,hub_marrakech_borne_1,2025-01-22 15:07:00,2025-01-22 16:30:00,39.3,reservee,terminee
session_5128,hub_marrakech,hub_marrakech_borne_5,2025-01-22 20:35:00,2025-01-22 20:58:00,5.5,reservee,terminee
session_5129,hub_marrakech,hub_marrakech_borne_1,2025-01-22 14:16:00,2025-01-22 15:00:00,32.9,walk_in,terminee
session_5130,hub_marrakech,hub_marrakech_borne_6,2025-01-23 21:02:00,2025-01-23 22:24:00,5.4,reservee,terminee
session_5131,hub_marrakech,hub_marrakech_borne_6,2025-01-23 22:42:00,2025-01-23 23:05:00,15.1,walk_in,terminee
session_5132,hub_marrakech,hub_marrakech_borne_6,2025-01-23 20:15:00,2025-01-23 20:51:00,24.2,reservee,terminee
session_5133,hub_marrakech,hub_marrakech_borne_2,2025-01-23 17:23:00,2025-01-23 18:21:00,27.2,reservee,terminee
session_5134,hub_marrakech,hub_marrakech_borne_2,2025-01-23 17:36:00,2025-01-23 18:15:00,37.1,reservee,terminee
session_5135,hub_marrakech,hub_marrakech_borne_5,2025-01-24 17:30:00,2025-01-24 18:53:00,25.9,walk_in,terminee
session_5136,hub_marrakech,hub_marrakech_borne_2,2025-01-24 13:43:00,2025-01-24 14:12:00,9.3,reservee,terminee
session_5137,hub_marrakech,hub_marrakech_borne_2,2025-01-24 20:56:00,2025-01-24 21:27:00,8.7,reservee,terminee
session_5138,hub_marrakech,hub_marrakech_borne_2,2025-01-24 15:11:00,2025-01-24 15:37:00,9.8,walk_in,terminee
session_5139,hub_marrakech,hub_marrakech_borne_1,2025-01-24 17:44:00,2025-01-24 18:16:00,15.7,walk_in,terminee
session_5140,hub_marrakech,hub_marrakech_borne_1,2025-01-25 12:32:00,2025-01-25 13:14:00,21.5,reservee,terminee
session_5141,hub_marrakech,hub_marrakech_borne_1,2025-01-25 18:50:00,2025-01-25 19:59:00,14.8,reservee,terminee
session_5142,hub_marrakech,hub_marrakech_borne_5,2025-01-26 12:44:00,2025-01-26 13:38:00,34.5,reservee,terminee
session_5143,hub_marrakech,hub_marrakech_borne_5,2025-01-26 18:56:00,2025-01-26 20:13:00,20.1,reservee,terminee
session_5144,hub_marrakech,hub_marrakech_borne_6,2025-01-26 12:55:00,2025-01-26 13:37:00,9.4,reservee,terminee
session_5145,hub_marrakech,hub_marrakech_borne_5,2025-01-26 13:07:00,2025-01-26 13:53:00,36.7,reservee,terminee
session_5146,hub_marrakech,hub_marrakech_borne_4,2025-01-26 14:38:00,2025-01-26 15:32:00,35.7,reservee,terminee
session_5147,hub_marrakech,hub_marrakech_borne_3,2025-01-26 14:07:00,2025-01-26 15:01:00,9.0,reservee,terminee
session_5148,hub_marrakech,hub_marrakech_borne_3,2025-01-27 19:56:00,2025-01-27 20:47:00,5.3,walk_in,terminee
session_5149,hub_marrakech,hub_marrakech_borne_2,2025-01-27 17:27:00,2025-01-27 17:49:00,20.5,walk_in,terminee
session_5150,hub_marrakech,hub_marrakech_borne_1,2025-01-27 14:14:00,2025-01-27 14:52:00,27.5,walk_in,terminee
session_5151,hub_marrakech,hub_marrakech_borne_3,2025-01-28 15:34:00,2025-01-28 16:45:00,31.5,walk_in,terminee
session_5152,hub_marrakech,hub_marrakech_borne_1,2025-01-28 11:57:00,2025-01-28 12:19:00,16.0,walk_in,terminee
session_5153,hub_marrakech,hub_marrakech_borne_4,2025-01-29 21:34:00,2025-01-29 22:55:00,34.0,walk_in,terminee
session_5154,hub_marrakech,hub_marrakech_borne_3,2025-01-30 16:40:00,2025-01-30 17:22:00,16.5,walk_in,terminee
session_5155,hub_marrakech,hub_marrakech_borne_1,2025-01-30 19:23:00,2025-01-30 19:59:00,5.9,reservee,terminee
session_5156,hub_marrakech,hub_marrakech_borne_2,2025-01-30 17:25:00,2025-01-30 18:18:00,35.7,reservee,terminee
session_5157,hub_marrakech,hub_marrakech_borne_2,2025-01-30 17:38:00,2025-01-30 18:34:00,15.7,walk_in,terminee
session_5158,hub_marrakech,hub_marrakech_borne_3,2025-01-30 20:32:00,2025-01-30 21:49:00,23.7,reservee,terminee
session_5159,hub_marrakech,hub_marrakech_borne_3,2025-01-30 20:46:00,2025-01-30 21:29:00,37.7,walk_in,terminee
session_5160,hub_marrakech,hub_marrakech_borne_1,2025-01-31 20:28:00,2025-01-31 21:40:00,28.1,reservee,terminee
session_5161,hub_marrakech,hub_marrakech_borne_5,2025-01-31 17:19:00,2025-01-31 18:23:00,19.2,walk_in,terminee
session_5162,hub_marrakech,hub_marrakech_borne_5,2025-01-31 16:30:00,2025-01-31 17:31:00,20.5,walk_in,terminee
session_5163,hub_marrakech,hub_marrakech_borne_1,2025-01-31 18:58:00,2025-01-31 19:59:00,28.9,reservee,terminee
session_5164,hub_marrakech,hub_marrakech_borne_1,2025-02-01 16:55:00,2025-02-01 18:05:00,14.1,reservee,terminee
session_5165,hub_marrakech,hub_marrakech_borne_1,2025-02-01 09:42:00,2025-02-01 10:12:00,23.4,walk_in,terminee
session_5166,hub_marrakech,hub_marrakech_borne_1,2025-02-01 10:51:00,2025-02-01 12:06:00,37.6,walk_in,terminee
session_5167,hub_marrakech,hub_marrakech_borne_6,2025-02-01 14:28:00,2025-02-01 14:50:00,5.7,walk_in,terminee
session_5168,hub_marrakech,hub_marrakech_borne_2,2025-02-01 11:47:00,2025-02-01 12:14:00,14.9,walk_in,terminee
session_5169,hub_marrakech,hub_marrakech_borne_6,2025-02-01 14:30:00,2025-02-01 14:55:00,31.7,walk_in,terminee
session_5170,hub_marrakech,hub_marrakech_borne_4,2025-02-01 18:42:00,2025-02-01 19:23:00,25.0,reservee,terminee
session_5171,hub_marrakech,hub_marrakech_borne_4,2025-02-01 11:11:00,2025-02-01 11:46:00,9.4,reservee,terminee
session_5172,hub_marrakech,hub_marrakech_borne_6,2025-02-01 12:36:00,2025-02-01 13:16:00,6.9,walk_in,terminee
session_5173,hub_marrakech,hub_marrakech_borne_2,2025-02-01 17:48:00,2025-02-01 18:54:00,19.3,walk_in,terminee
session_5174,hub_marrakech,hub_marrakech_borne_5,2025-02-02 17:14:00,2025-02-02 18:34:00,39.2,reservee,terminee
session_5175,hub_marrakech,hub_marrakech_borne_1,2025-02-02 09:27:00,2025-02-02 09:49:00,8.3,walk_in,terminee
session_5176,hub_marrakech,hub_marrakech_borne_1,2025-02-02 17:24:00,2025-02-02 17:45:00,33.4,walk_in,terminee
session_5177,hub_marrakech,hub_marrakech_borne_3,2025-02-02 14:11:00,2025-02-02 15:33:00,28.7,reservee,terminee
session_5178,hub_marrakech,hub_marrakech_borne_3,2025-02-02 14:14:00,2025-02-02 15:05:00,29.0,reservee,terminee
session_5179,hub_marrakech,hub_marrakech_borne_2,2025-02-03 18:55:00,2025-02-03 20:01:00,8.9,walk_in,terminee
session_5180,hub_marrakech,hub_marrakech_borne_3,2025-02-03 19:02:00,2025-02-03 20:12:00,24.8,reservee,terminee
session_5181,hub_marrakech,hub_marrakech_borne_1,2025-02-03 17:24:00,2025-02-03 18:15:00,21.7,reservee,terminee
session_5182,hub_marrakech,hub_marrakech_borne_3,2025-02-03 17:45:00,2025-02-03 18:41:00,33.0,reservee,terminee
session_5183,hub_marrakech,hub_marrakech_borne_2,2025-02-03 17:17:00,2025-02-03 17:53:00,20.4,walk_in,terminee
session_5184,hub_marrakech,hub_marrakech_borne_1,2025-02-03 18:05:00,2025-02-03 18:52:00,25.4,reservee,terminee
session_5185,hub_marrakech,hub_marrakech_borne_6,2025-02-03 20:43:00,2025-02-03 21:31:00,17.3,walk_in,terminee
session_5186,hub_marrakech,hub_marrakech_borne_1,2025-02-04 16:17:00,2025-02-04 17:31:00,39.4,reservee,terminee
session_5187,hub_marrakech,hub_marrakech_borne_4,2025-02-04 22:32:00,2025-02-04 23:30:00,10.5,reservee,terminee
session_5188,hub_marrakech,hub_marrakech_borne_5,2025-02-04 16:42:00,2025-02-04 17:44:00,13.2,reservee,terminee
session_5189,hub_marrakech,hub_marrakech_borne_4,2025-02-04 18:36:00,2025-02-04 19:54:00,20.6,reservee,terminee
session_5190,hub_marrakech,hub_marrakech_borne_2,2025-02-04 13:18:00,2025-02-04 13:50:00,8.8,reservee,terminee
session_5191,hub_marrakech,hub_marrakech_borne_1,2025-02-04 22:56:00,2025-02-05 00:15:00,11.4,walk_in,terminee
session_5192,hub_marrakech,hub_marrakech_borne_3,2025-02-05 20:32:00,2025-02-05 21:45:00,21.6,reservee,terminee
session_5193,hub_marrakech,hub_marrakech_borne_1,2025-02-05 21:33:00,2025-02-05 22:17:00,33.5,walk_in,terminee
session_5194,hub_marrakech,hub_marrakech_borne_2,2025-02-05 17:42:00,2025-02-05 18:43:00,9.6,reservee,terminee
session_5195,hub_marrakech,hub_marrakech_borne_3,2025-02-05 11:38:00,2025-02-05 12:39:00,6.2,reservee,terminee
session_5196,hub_marrakech,hub_marrakech_borne_3,2025-02-05 17:50:00,2025-02-05 18:42:00,14.6,reservee,terminee
session_5197,hub_marrakech,hub_marrakech_borne_4,2025-02-05 18:08:00,2025-02-05 18:49:00,31.8,reservee,terminee
session_5198,hub_marrakech,hub_marrakech_borne_6,2025-02-06 15:16:00,2025-02-06 15:43:00,28.2,walk_in,terminee
session_5199,hub_marrakech,hub_marrakech_borne_2,2025-02-06 18:33:00,2025-02-06 19:47:00,32.0,walk_in,terminee
session_5200,hub_marrakech,hub_marrakech_borne_5,2025-02-06 13:30:00,2025-02-06 14:24:00,8.8,walk_in,terminee
session_5201,hub_marrakech,hub_marrakech_borne_2,2025-02-07 19:37:00,2025-02-07 20:49:00,36.7,reservee,terminee
session_5202,hub_marrakech,hub_marrakech_borne_3,2025-02-07 16:15:00,2025-02-07 17:10:00,20.5,reservee,terminee
session_5203,hub_marrakech,hub_marrakech_borne_6,2025-02-07 21:06:00,2025-02-07 21:59:00,38.6,reservee,terminee
session_5204,hub_marrakech,hub_marrakech_borne_5,2025-02-07 19:14:00,2025-02-07 19:39:00,7.6,reservee,terminee
session_5205,hub_marrakech,hub_marrakech_borne_2,2025-02-08 13:41:00,2025-02-08 14:23:00,9.7,walk_in,terminee
session_5206,hub_marrakech,hub_marrakech_borne_5,2025-02-08 15:42:00,2025-02-08 16:31:00,15.4,reservee,terminee
session_5207,hub_marrakech,hub_marrakech_borne_4,2025-02-08 11:56:00,2025-02-08 12:58:00,18.2,walk_in,terminee
session_5208,hub_marrakech,hub_marrakech_borne_5,2025-02-08 19:25:00,2025-02-08 19:54:00,19.1,walk_in,terminee
session_5209,hub_marrakech,hub_marrakech_borne_6,2025-02-08 11:37:00,2025-02-08 12:19:00,10.1,walk_in,terminee
session_5210,hub_marrakech,hub_marrakech_borne_4,2025-02-09 14:43:00,2025-02-09 15:21:00,27.9,walk_in,terminee
session_5211,hub_marrakech,hub_marrakech_borne_2,2025-02-09 16:34:00,2025-02-09 17:56:00,9.4,reservee,terminee
session_5212,hub_marrakech,hub_marrakech_borne_4,2025-02-09 10:46:00,2025-02-09 11:50:00,25.2,reservee,terminee
session_5213,hub_marrakech,hub_marrakech_borne_3,2025-02-09 18:34:00,2025-02-09 19:04:00,39.9,reservee,terminee
session_5214,hub_marrakech,hub_marrakech_borne_1,2025-02-09 13:05:00,2025-02-09 13:53:00,37.5,walk_in,terminee
session_5215,hub_marrakech,hub_marrakech_borne_5,2025-02-09 08:14:00,2025-02-09 09:15:00,22.0,reservee,terminee
session_5216,hub_marrakech,hub_marrakech_borne_1,2025-02-09 12:20:00,2025-02-09 13:35:00,11.6,reservee,terminee
session_5217,hub_marrakech,hub_marrakech_borne_4,2025-02-09 13:19:00,2025-02-09 14:21:00,9.4,walk_in,terminee
session_5218,hub_marrakech,hub_marrakech_borne_5,2025-02-10 14:12:00,2025-02-10 15:20:00,20.3,reservee,terminee
session_5219,hub_marrakech,hub_marrakech_borne_4,2025-02-10 22:32:00,2025-02-10 23:13:00,29.6,reservee,terminee
session_5220,hub_marrakech,hub_marrakech_borne_1,2025-02-10 17:57:00,2025-02-10 18:32:00,35.2,walk_in,terminee
session_5221,hub_marrakech,hub_marrakech_borne_4,2025-02-10 14:43:00,2025-02-10 15:33:00,32.8,walk_in,terminee
session_5222,hub_marrakech,hub_marrakech_borne_1,2025-02-10 17:20:00,2025-02-10 18:13:00,37.6,walk_in,terminee
session_5223,hub_marrakech,hub_marrakech_borne_5,2025-02-10 19:31:00,2025-02-10 19:57:00,31.1,reservee,terminee
session_5224,hub_marrakech,hub_marrakech_borne_1,2025-02-11 20:46:00,2025-02-11 21:48:00,9.4,reservee,terminee
session_5225,hub_marrakech,hub_marrakech_borne_2,2025-02-11 16:37:00,2025-02-11 17:38:00,14.7,reservee,terminee
session_5226,hub_marrakech,hub_marrakech_borne_4,2025-02-11 22:07:00,2025-02-11 23:17:00,39.8,walk_in,terminee
session_5227,hub_marrakech,hub_marrakech_borne_3,2025-02-12 18:06:00,2025-02-12 18:28:00,30.0,reservee,terminee
session_5228,hub_marrakech,hub_marrakech_borne_5,2025-02-12 16:30:00,2025-02-12 16:54:00,15.7,reservee,terminee
session_5229,hub_marrakech,hub_marrakech_borne_1,2025-02-12 19:18:00,2025-02-12 19:44:00,5.1,walk_in,terminee
session_5230,hub_marrakech,hub_marrakech_borne_4,2025-02-12 21:17:00,2025-02-12 21:40:00,32.3,reservee,terminee
session_5231,hub_marrakech,hub_marrakech_borne_4,2025-02-13 17:13:00,2025-02-13 17:36:00,19.3,walk_in,terminee
session_5232,hub_marrakech,hub_marrakech_borne_6,2025-02-13 20:54:00,2025-02-13 21:42:00,15.6,reservee,terminee
session_5233,hub_marrakech,hub_marrakech_borne_1,2025-02-13 17:19:00,2025-02-13 17:46:00,37.6,reservee,terminee
session_5234,hub_marrakech,hub_marrakech_borne_5,2025-02-13 20:31:00,2025-02-13 21:38:00,13.2,reservee,terminee
session_5235,hub_marrakech,hub_marrakech_borne_6,2025-02-13 12:35:00,2025-02-13 13:16:00,18.2,reservee,terminee
session_5236,hub_marrakech,hub_marrakech_borne_2,2025-02-14 21:37:00,2025-02-14 22:10:00,6.1,walk_in,terminee
session_5237,hub_marrakech,hub_marrakech_borne_1,2025-02-14 15:03:00,2025-02-14 16:03:00,18.2,reservee,terminee
session_5238,hub_marrakech,hub_marrakech_borne_2,2025-02-14 14:33:00,2025-02-14 15:21:00,8.7,walk_in,terminee
session_5239,hub_marrakech,hub_marrakech_borne_4,2025-02-14 14:29:00,2025-02-14 14:53:00,8.6,walk_in,terminee
session_5240,hub_marrakech,hub_marrakech_borne_2,2025-02-14 20:40:00,2025-02-14 21:55:00,36.9,reservee,terminee
session_5241,hub_marrakech,hub_marrakech_borne_1,2025-02-15 10:02:00,2025-02-15 11:11:00,9.1,reservee,terminee
session_5242,hub_marrakech,hub_marrakech_borne_2,2025-02-15 11:23:00,2025-02-15 12:20:00,12.3,reservee,terminee
session_5243,hub_marrakech,hub_marrakech_borne_5,2025-02-15 13:11:00,2025-02-15 14:19:00,20.7,walk_in,terminee
session_5244,hub_marrakech,hub_marrakech_borne_2,2025-02-15 14:54:00,2025-02-15 16:16:00,21.9,reservee,terminee
session_5245,hub_marrakech,hub_marrakech_borne_3,2025-02-15 12:34:00,2025-02-15 13:11:00,11.7,reservee,terminee
session_5246,hub_marrakech,hub_marrakech_borne_2,2025-02-15 15:58:00,2025-02-15 16:55:00,39.4,walk_in,terminee
session_5247,hub_marrakech,hub_marrakech_borne_6,2025-02-15 13:13:00,2025-02-15 13:40:00,30.5,reservee,terminee
session_5248,hub_marrakech,hub_marrakech_borne_5,2025-02-15 09:24:00,2025-02-15 10:30:00,36.3,walk_in,terminee
session_5249,hub_marrakech,hub_marrakech_borne_5,2025-02-16 13:08:00,2025-02-16 14:31:00,13.0,reservee,terminee
session_5250,hub_marrakech,hub_marrakech_borne_4,2025-02-16 16:22:00,2025-02-16 17:22:00,24.9,reservee,terminee
session_5251,hub_marrakech,hub_marrakech_borne_2,2025-02-16 12:42:00,2025-02-16 13:28:00,39.9,reservee,terminee
session_5252,hub_marrakech,hub_marrakech_borne_3,2025-02-16 11:32:00,2025-02-16 11:54:00,23.0,walk_in,terminee
session_5253,hub_marrakech,hub_marrakech_borne_6,2025-02-16 12:06:00,2025-02-16 12:27:00,19.4,reservee,terminee
session_5254,hub_marrakech,hub_marrakech_borne_6,2025-02-16 11:55:00,2025-02-16 12:41:00,20.9,reservee,terminee
session_5255,hub_marrakech,hub_marrakech_borne_2,2025-02-17 17:50:00,2025-02-17 19:05:00,37.4,reservee,terminee
session_5256,hub_marrakech,hub_marrakech_borne_6,2025-02-17 18:04:00,2025-02-17 18:56:00,24.4,reservee,terminee
session_5257,hub_marrakech,hub_marrakech_borne_3,2025-02-18 14:32:00,2025-02-18 15:53:00,29.2,reservee,terminee
session_5258,hub_marrakech,hub_marrakech_borne_5,2025-02-18 17:00:00,2025-02-18 17:48:00,6.4,reservee,terminee
session_5259,hub_marrakech,hub_marrakech_borne_2,2025-02-18 15:55:00,2025-02-18 17:02:00,17.8,reservee,terminee
session_5260,hub_marrakech,hub_marrakech_borne_1,2025-02-18 21:46:00,2025-02-18 22:42:00,21.7,reservee,terminee
session_5261,hub_marrakech,hub_marrakech_borne_3,2025-02-19 13:36:00,2025-02-19 14:37:00,7.4,walk_in,terminee
session_5262,hub_marrakech,hub_marrakech_borne_5,2025-02-19 18:09:00,2025-02-19 19:34:00,30.3,reservee,terminee
session_5263,hub_marrakech,hub_marrakech_borne_6,2025-02-19 18:14:00,2025-02-19 19:32:00,18.3,walk_in,terminee
session_5264,hub_marrakech,hub_marrakech_borne_5,2025-02-19 20:22:00,2025-02-19 21:45:00,15.2,walk_in,terminee
session_5265,hub_marrakech,hub_marrakech_borne_2,2025-02-20 17:07:00,2025-02-20 18:15:00,13.4,reservee,terminee
session_5266,hub_marrakech,hub_marrakech_borne_5,2025-02-20 20:04:00,2025-02-20 20:53:00,24.9,walk_in,terminee
session_5267,hub_marrakech,hub_marrakech_borne_1,2025-02-20 16:26:00,2025-02-20 17:11:00,20.7,reservee,terminee
session_5268,hub_marrakech,hub_marrakech_borne_2,2025-02-20 18:07:00,2025-02-20 19:34:00,39.8,reservee,terminee
session_5269,hub_marrakech,hub_marrakech_borne_1,2025-02-21 21:35:00,2025-02-21 22:06:00,23.7,walk_in,terminee
session_5270,hub_marrakech,hub_marrakech_borne_1,2025-02-21 15:15:00,2025-02-21 16:27:00,25.2,reservee,terminee
session_5271,hub_marrakech,hub_marrakech_borne_4,2025-02-21 16:57:00,2025-02-21 17:30:00,33.4,reservee,terminee
session_5272,hub_marrakech,hub_marrakech_borne_1,2025-02-21 18:23:00,2025-02-21 19:45:00,21.7,walk_in,terminee
session_5273,hub_marrakech,hub_marrakech_borne_4,2025-02-21 19:03:00,2025-02-21 20:28:00,34.3,reservee,terminee
session_5274,hub_marrakech,hub_marrakech_borne_2,2025-02-22 19:40:00,2025-02-22 21:05:00,9.1,walk_in,terminee
session_5275,hub_marrakech,hub_marrakech_borne_3,2025-02-22 09:40:00,2025-02-22 10:06:00,35.3,walk_in,terminee
session_5276,hub_marrakech,hub_marrakech_borne_6,2025-02-23 13:45:00,2025-02-23 14:45:00,26.7,reservee,terminee
session_5277,hub_marrakech,hub_marrakech_borne_4,2025-02-23 06:26:00,2025-02-23 07:40:00,33.4,reservee,terminee
session_5278,hub_marrakech,hub_marrakech_borne_1,2025-02-23 22:49:00,2025-02-24 00:13:00,14.3,walk_in,terminee
session_5279,hub_marrakech,hub_marrakech_borne_6,2025-02-23 14:54:00,2025-02-23 16:19:00,22.7,walk_in,terminee
session_5280,hub_marrakech,hub_marrakech_borne_4,2025-02-23 14:47:00,2025-02-23 15:14:00,12.6,reservee,terminee
session_5281,hub_marrakech,hub_marrakech_borne_5,2025-02-23 16:41:00,2025-02-23 17:59:00,36.5,walk_in,terminee
session_5282,hub_marrakech,hub_marrakech_borne_5,2025-02-23 12:16:00,2025-02-23 13:26:00,7.7,reservee,terminee
session_5283,hub_marrakech,hub_marrakech_borne_2,2025-02-24 18:28:00,2025-02-24 19:36:00,16.3,walk_in,terminee
session_5284,hub_marrakech,hub_marrakech_borne_1,2025-02-24 15:56:00,2025-02-24 17:11:00,34.0,reservee,terminee
session_5285,hub_marrakech,hub_marrakech_borne_1,2025-02-24 15:08:00,2025-02-24 15:54:00,5.3,walk_in,terminee
session_5286,hub_marrakech,hub_marrakech_borne_6,2025-02-25 13:53:00,2025-02-25 14:39:00,15.1,reservee,terminee
session_5287,hub_marrakech,hub_marrakech_borne_2,2025-02-25 13:12:00,2025-02-25 14:16:00,17.8,walk_in,terminee
session_5288,hub_marrakech,hub_marrakech_borne_6,2025-02-25 12:46:00,2025-02-25 13:16:00,9.9,reservee,terminee
session_5289,hub_marrakech,hub_marrakech_borne_6,2025-02-25 19:58:00,2025-02-25 21:14:00,36.2,reservee,terminee
session_5290,hub_marrakech,hub_marrakech_borne_5,2025-02-25 22:05:00,2025-02-25 23:20:00,34.9,walk_in,terminee
session_5291,hub_marrakech,hub_marrakech_borne_6,2025-02-26 18:05:00,2025-02-26 18:25:00,37.2,walk_in,terminee
session_5292,hub_marrakech,hub_marrakech_borne_6,2025-02-26 18:36:00,2025-02-26 19:30:00,22.4,reservee,terminee
session_5293,hub_marrakech,hub_marrakech_borne_1,2025-02-26 15:46:00,2025-02-26 17:05:00,6.2,reservee,terminee
session_5294,hub_marrakech,hub_marrakech_borne_4,2025-02-26 19:52:00,2025-02-26 20:23:00,8.2,walk_in,terminee
session_5295,hub_marrakech,hub_marrakech_borne_6,2025-02-26 18:31:00,2025-02-26 19:53:00,31.2,walk_in,terminee
session_5296,hub_marrakech,hub_marrakech_borne_2,2025-02-27 21:27:00,2025-02-27 22:22:00,8.5,walk_in,terminee
session_5297,hub_marrakech,hub_marrakech_borne_3,2025-02-27 20:28:00,2025-02-27 21:34:00,30.2,reservee,terminee
session_5298,hub_marrakech,hub_marrakech_borne_1,2025-02-27 20:09:00,2025-02-27 20:46:00,26.1,reservee,terminee
session_5299,hub_marrakech,hub_marrakech_borne_3,2025-02-27 18:40:00,2025-02-27 19:04:00,36.8,reservee,terminee
session_5300,hub_marrakech,hub_marrakech_borne_4,2025-02-28 20:46:00,2025-02-28 21:44:00,24.8,walk_in,terminee
session_5301,hub_marrakech,hub_marrakech_borne_6,2025-02-28 18:00:00,2025-02-28 19:24:00,6.2,walk_in,terminee
session_5302,hub_marrakech,hub_marrakech_borne_1,2025-02-28 17:20:00,2025-02-28 18:40:00,6.3,reservee,terminee
session_5303,hub_marrakech,hub_marrakech_borne_3,2025-02-28 19:05:00,2025-02-28 19:31:00,36.8,walk_in,terminee
session_5304,hub_marrakech,hub_marrakech_borne_2,2025-03-01 15:13:00,2025-03-01 16:01:00,28.9,reservee,terminee
session_5305,hub_marrakech,hub_marrakech_borne_5,2025-03-01 14:42:00,2025-03-01 15:04:00,35.0,reservee,terminee
session_5306,hub_marrakech,hub_marrakech_borne_1,2025-03-01 12:44:00,2025-03-01 13:08:00,17.4,walk_in,terminee
session_5307,hub_marrakech,hub_marrakech_borne_5,2025-03-02 12:43:00,2025-03-02 13:54:00,26.2,reservee,terminee
session_5308,hub_marrakech,hub_marrakech_borne_3,2025-03-02 09:54:00,2025-03-02 11:13:00,35.5,walk_in,terminee
session_5309,hub_marrakech,hub_marrakech_borne_2,2025-03-02 11:30:00,2025-03-02 12:27:00,22.0,walk_in,terminee
session_5310,hub_marrakech,hub_marrakech_borne_2,2025-03-02 14:16:00,2025-03-02 14:46:00,19.2,reservee,terminee
session_5311,hub_marrakech,hub_marrakech_borne_5,2025-03-02 11:26:00,2025-03-02 12:28:00,26.3,reservee,terminee
session_5312,hub_marrakech,hub_marrakech_borne_6,2025-03-02 08:38:00,2025-03-02 10:00:00,36.0,reservee,terminee
session_5313,hub_marrakech,hub_marrakech_borne_3,2025-03-03 15:38:00,2025-03-03 16:43:00,22.2,reservee,terminee
session_5314,hub_marrakech,hub_marrakech_borne_4,2025-03-03 17:44:00,2025-03-03 19:07:00,10.8,walk_in,terminee
session_5315,hub_marrakech,hub_marrakech_borne_5,2025-03-03 18:29:00,2025-03-03 19:54:00,7.9,reservee,terminee
session_5316,hub_marrakech,hub_marrakech_borne_6,2025-03-03 18:20:00,2025-03-03 19:12:00,5.2,reservee,terminee
session_5317,hub_marrakech,hub_marrakech_borne_5,2025-03-03 22:30:00,2025-03-03 23:17:00,28.9,reservee,terminee
session_5318,hub_marrakech,hub_marrakech_borne_3,2025-03-03 16:31:00,2025-03-03 17:50:00,26.0,reservee,terminee
session_5319,hub_marrakech,hub_marrakech_borne_3,2025-03-03 20:10:00,2025-03-03 21:37:00,27.8,reservee,terminee
session_5320,hub_marrakech,hub_marrakech_borne_3,2025-03-03 19:21:00,2025-03-03 20:33:00,34.2,walk_in,terminee
session_5321,hub_marrakech,hub_marrakech_borne_2,2025-03-03 20:45:00,2025-03-03 21:27:00,38.0,reservee,terminee
session_5322,hub_marrakech,hub_marrakech_borne_4,2025-03-04 22:20:00,2025-03-04 23:02:00,8.7,walk_in,terminee
session_5323,hub_marrakech,hub_marrakech_borne_2,2025-03-04 18:40:00,2025-03-04 20:02:00,34.5,reservee,terminee
session_5324,hub_marrakech,hub_marrakech_borne_1,2025-03-04 14:38:00,2025-03-04 15:01:00,36.5,reservee,terminee
session_5325,hub_marrakech,hub_marrakech_borne_5,2025-03-05 17:58:00,2025-03-05 18:48:00,18.9,walk_in,terminee
session_5326,hub_marrakech,hub_marrakech_borne_4,2025-03-05 15:10:00,2025-03-05 16:15:00,21.3,reservee,terminee
session_5327,hub_marrakech,hub_marrakech_borne_5,2025-03-05 20:55:00,2025-03-05 22:07:00,24.6,reservee,terminee
session_5328,hub_marrakech,hub_marrakech_borne_3,2025-03-05 12:38:00,2025-03-05 13:17:00,30.8,reservee,terminee
session_5329,hub_marrakech,hub_marrakech_borne_1,2025-03-06 15:11:00,2025-03-06 15:36:00,34.8,walk_in,terminee
session_5330,hub_marrakech,hub_marrakech_borne_2,2025-03-06 21:42:00,2025-03-06 22:12:00,26.8,walk_in,terminee
session_5331,hub_marrakech,hub_marrakech_borne_6,2025-03-06 22:25:00,2025-03-06 23:42:00,37.5,walk_in,terminee
session_5332,hub_marrakech,hub_marrakech_borne_3,2025-03-06 10:26:00,2025-03-06 10:54:00,11.4,reservee,terminee
session_5333,hub_marrakech,hub_marrakech_borne_3,2025-03-06 20:45:00,2025-03-06 21:05:00,19.2,walk_in,terminee
session_5334,hub_marrakech,hub_marrakech_borne_1,2025-03-07 18:40:00,2025-03-07 19:29:00,38.2,walk_in,terminee
session_5335,hub_marrakech,hub_marrakech_borne_2,2025-03-07 14:53:00,2025-03-07 15:22:00,32.4,walk_in,terminee
session_5336,hub_marrakech,hub_marrakech_borne_5,2025-03-07 17:07:00,2025-03-07 18:23:00,27.2,walk_in,terminee
session_5337,hub_marrakech,hub_marrakech_borne_5,2025-03-08 14:12:00,2025-03-08 15:10:00,14.8,walk_in,terminee
session_5338,hub_marrakech,hub_marrakech_borne_6,2025-03-08 13:24:00,2025-03-08 14:52:00,32.0,walk_in,terminee
session_5339,hub_marrakech,hub_marrakech_borne_6,2025-03-08 10:40:00,2025-03-08 11:04:00,13.2,reservee,terminee
session_5340,hub_marrakech,hub_marrakech_borne_5,2025-03-08 15:26:00,2025-03-08 16:31:00,15.7,reservee,terminee
session_5341,hub_marrakech,hub_marrakech_borne_3,2025-03-09 10:45:00,2025-03-09 11:46:00,19.2,walk_in,terminee
session_5342,hub_marrakech,hub_marrakech_borne_4,2025-03-09 16:21:00,2025-03-09 17:12:00,7.6,reservee,terminee
session_5343,hub_marrakech,hub_marrakech_borne_1,2025-03-09 12:01:00,2025-03-09 12:38:00,22.2,reservee,terminee
session_5344,hub_marrakech,hub_marrakech_borne_1,2025-03-09 15:08:00,2025-03-09 15:34:00,38.6,reservee,terminee
session_5345,hub_marrakech,hub_marrakech_borne_2,2025-03-09 15:10:00,2025-03-09 16:02:00,8.1,reservee,terminee
session_5346,hub_marrakech,hub_marrakech_borne_5,2025-03-09 13:30:00,2025-03-09 14:10:00,30.7,walk_in,terminee
session_5347,hub_marrakech,hub_marrakech_borne_1,2025-03-09 17:28:00,2025-03-09 18:22:00,16.9,reservee,terminee
session_5348,hub_marrakech,hub_marrakech_borne_1,2025-03-09 11:29:00,2025-03-09 12:18:00,16.3,walk_in,terminee
session_5349,hub_marrakech,hub_marrakech_borne_5,2025-03-10 15:22:00,2025-03-10 16:19:00,18.7,reservee,terminee
session_5350,hub_marrakech,hub_marrakech_borne_2,2025-03-10 17:04:00,2025-03-10 18:33:00,24.4,walk_in,terminee
session_5351,hub_marrakech,hub_marrakech_borne_1,2025-03-11 14:09:00,2025-03-11 15:27:00,38.8,reservee,terminee
session_5352,hub_marrakech,hub_marrakech_borne_6,2025-03-11 20:36:00,2025-03-11 21:20:00,17.8,reservee,terminee
session_5353,hub_marrakech,hub_marrakech_borne_3,2025-03-11 20:36:00,2025-03-11 21:15:00,18.4,reservee,terminee
session_5354,hub_marrakech,hub_marrakech_borne_4,2025-03-11 22:24:00,2025-03-11 23:52:00,39.6,reservee,terminee
session_5355,hub_marrakech,hub_marrakech_borne_1,2025-03-11 22:34:00,2025-03-11 23:28:00,6.5,walk_in,terminee
session_5356,hub_marrakech,hub_marrakech_borne_2,2025-03-12 18:31:00,2025-03-12 19:49:00,11.8,reservee,terminee
session_5357,hub_marrakech,hub_marrakech_borne_3,2025-03-12 20:37:00,2025-03-12 21:04:00,14.7,reservee,terminee
session_5358,hub_marrakech,hub_marrakech_borne_2,2025-03-12 22:24:00,2025-03-12 22:44:00,22.9,walk_in,terminee
session_5359,hub_marrakech,hub_marrakech_borne_3,2025-03-12 19:16:00,2025-03-12 19:53:00,23.0,reservee,terminee
session_5360,hub_marrakech,hub_marrakech_borne_6,2025-03-12 18:23:00,2025-03-12 19:10:00,24.2,reservee,terminee
session_5361,hub_marrakech,hub_marrakech_borne_1,2025-03-12 16:16:00,2025-03-12 17:12:00,24.1,walk_in,terminee
session_5362,hub_marrakech,hub_marrakech_borne_2,2025-03-12 18:31:00,2025-03-12 19:41:00,26.4,walk_in,terminee
session_5363,hub_marrakech,hub_marrakech_borne_6,2025-03-13 18:55:00,2025-03-13 19:46:00,34.0,walk_in,terminee
session_5364,hub_marrakech,hub_marrakech_borne_2,2025-03-14 12:48:00,2025-03-14 13:39:00,11.1,walk_in,terminee
session_5365,hub_marrakech,hub_marrakech_borne_2,2025-03-14 15:38:00,2025-03-14 16:22:00,17.9,reservee,terminee
session_5366,hub_marrakech,hub_marrakech_borne_2,2025-03-15 11:52:00,2025-03-15 12:57:00,13.5,reservee,terminee
session_5367,hub_marrakech,hub_marrakech_borne_5,2025-03-15 10:32:00,2025-03-15 11:04:00,22.0,reservee,terminee
session_5368,hub_marrakech,hub_marrakech_borne_1,2025-03-15 12:32:00,2025-03-15 13:09:00,35.8,walk_in,terminee
session_5369,hub_marrakech,hub_marrakech_borne_5,2025-03-15 14:44:00,2025-03-15 16:11:00,11.9,walk_in,terminee
session_5370,hub_marrakech,hub_marrakech_borne_3,2025-03-15 12:01:00,2025-03-15 12:34:00,32.3,walk_in,terminee
session_5371,hub_marrakech,hub_marrakech_borne_1,2025-03-15 14:49:00,2025-03-15 16:01:00,6.8,walk_in,terminee
session_5372,hub_marrakech,hub_marrakech_borne_1,2025-03-15 14:31:00,2025-03-15 15:54:00,8.7,reservee,terminee
session_5373,hub_marrakech,hub_marrakech_borne_6,2025-03-16 13:55:00,2025-03-16 15:18:00,20.8,walk_in,terminee
session_5374,hub_marrakech,hub_marrakech_borne_6,2025-03-16 11:35:00,2025-03-16 12:12:00,33.0,reservee,terminee
session_5375,hub_marrakech,hub_marrakech_borne_1,2025-03-16 16:11:00,2025-03-16 17:02:00,33.5,reservee,terminee
session_5376,hub_marrakech,hub_marrakech_borne_6,2025-03-16 17:29:00,2025-03-16 18:40:00,9.3,walk_in,terminee
session_5377,hub_marrakech,hub_marrakech_borne_6,2025-03-16 13:34:00,2025-03-16 14:40:00,19.7,reservee,terminee
session_5378,hub_marrakech,hub_marrakech_borne_2,2025-03-16 18:23:00,2025-03-16 19:02:00,6.8,walk_in,terminee
session_5379,hub_marrakech,hub_marrakech_borne_2,2025-03-16 13:11:00,2025-03-16 14:33:00,37.7,walk_in,terminee
session_5380,hub_marrakech,hub_marrakech_borne_4,2025-03-16 08:09:00,2025-03-16 08:55:00,26.4,reservee,terminee
session_5381,hub_marrakech,hub_marrakech_borne_3,2025-03-16 12:33:00,2025-03-16 13:44:00,8.2,walk_in,terminee
session_5382,hub_marrakech,hub_marrakech_borne_3,2025-03-16 16:55:00,2025-03-16 17:26:00,36.0,walk_in,terminee
session_5383,hub_marrakech,hub_marrakech_borne_6,2025-03-17 17:08:00,2025-03-17 17:49:00,39.6,reservee,terminee
session_5384,hub_marrakech,hub_marrakech_borne_2,2025-03-17 17:16:00,2025-03-17 18:13:00,10.5,reservee,terminee
session_5385,hub_marrakech,hub_marrakech_borne_2,2025-03-17 13:45:00,2025-03-17 14:30:00,16.2,walk_in,terminee
session_5386,hub_marrakech,hub_marrakech_borne_5,2025-03-18 20:08:00,2025-03-18 20:38:00,30.6,reservee,terminee
session_5387,hub_marrakech,hub_marrakech_borne_4,2025-03-18 16:22:00,2025-03-18 17:09:00,21.4,walk_in,terminee
session_5388,hub_marrakech,hub_marrakech_borne_4,2025-03-18 13:02:00,2025-03-18 13:44:00,38.8,reservee,terminee
session_5389,hub_marrakech,hub_marrakech_borne_6,2025-03-18 15:58:00,2025-03-18 16:46:00,21.8,reservee,terminee
session_5390,hub_marrakech,hub_marrakech_borne_4,2025-03-18 13:35:00,2025-03-18 14:48:00,27.8,reservee,terminee
session_5391,hub_marrakech,hub_marrakech_borne_5,2025-03-18 15:49:00,2025-03-18 17:12:00,9.7,reservee,terminee
session_5392,hub_marrakech,hub_marrakech_borne_4,2025-03-19 22:09:00,2025-03-19 22:50:00,35.4,reservee,terminee
session_5393,hub_marrakech,hub_marrakech_borne_4,2025-03-19 17:05:00,2025-03-19 17:45:00,25.4,reservee,terminee
session_5394,hub_marrakech,hub_marrakech_borne_5,2025-03-19 21:44:00,2025-03-19 23:12:00,19.6,reservee,terminee
session_5395,hub_marrakech,hub_marrakech_borne_5,2025-03-19 22:16:00,2025-03-19 22:46:00,35.8,reservee,terminee
session_5396,hub_marrakech,hub_marrakech_borne_4,2025-03-19 17:42:00,2025-03-19 18:47:00,22.8,reservee,terminee
session_5397,hub_marrakech,hub_marrakech_borne_5,2025-03-19 14:01:00,2025-03-19 15:17:00,36.1,walk_in,terminee
session_5398,hub_marrakech,hub_marrakech_borne_5,2025-03-20 16:13:00,2025-03-20 16:58:00,31.2,reservee,terminee
session_5399,hub_marrakech,hub_marrakech_borne_2,2025-03-20 15:57:00,2025-03-20 17:21:00,34.0,walk_in,terminee
session_5400,hub_marrakech,hub_marrakech_borne_3,2025-03-20 10:39:00,2025-03-20 12:07:00,25.1,reservee,terminee
session_5401,hub_marrakech,hub_marrakech_borne_4,2025-03-21 21:35:00,2025-03-21 22:55:00,17.5,reservee,terminee
session_5402,hub_marrakech,hub_marrakech_borne_3,2025-03-21 17:49:00,2025-03-21 18:53:00,20.5,reservee,terminee
session_5403,hub_marrakech,hub_marrakech_borne_3,2025-03-21 14:08:00,2025-03-21 14:42:00,26.9,walk_in,terminee
session_5404,hub_marrakech,hub_marrakech_borne_3,2025-03-21 18:30:00,2025-03-21 19:00:00,7.0,reservee,terminee
session_5405,hub_marrakech,hub_marrakech_borne_2,2025-03-21 18:25:00,2025-03-21 19:38:00,6.6,reservee,terminee
session_5406,hub_marrakech,hub_marrakech_borne_3,2025-03-23 13:36:00,2025-03-23 14:46:00,28.2,walk_in,terminee
session_5407,hub_marrakech,hub_marrakech_borne_4,2025-03-23 16:11:00,2025-03-23 17:34:00,8.7,walk_in,terminee
session_5408,hub_marrakech,hub_marrakech_borne_2,2025-03-23 14:24:00,2025-03-23 14:56:00,34.0,reservee,terminee
session_5409,hub_marrakech,hub_marrakech_borne_3,2025-03-23 16:53:00,2025-03-23 17:57:00,26.3,walk_in,terminee
session_5410,hub_marrakech,hub_marrakech_borne_1,2025-03-23 12:07:00,2025-03-23 12:39:00,12.6,walk_in,terminee
session_5411,hub_marrakech,hub_marrakech_borne_5,2025-03-23 14:39:00,2025-03-23 15:50:00,19.1,reservee,terminee
session_5412,hub_marrakech,hub_marrakech_borne_1,2025-03-23 14:24:00,2025-03-23 15:42:00,23.4,walk_in,terminee
session_5413,hub_marrakech,hub_marrakech_borne_1,2025-03-24 16:53:00,2025-03-24 18:17:00,13.5,reservee,terminee
session_5414,hub_marrakech,hub_marrakech_borne_4,2025-03-24 20:13:00,2025-03-24 21:08:00,26.5,reservee,terminee
session_5415,hub_marrakech,hub_marrakech_borne_4,2025-03-24 17:10:00,2025-03-24 17:40:00,10.7,walk_in,terminee
session_5416,hub_marrakech,hub_marrakech_borne_6,2025-03-24 16:42:00,2025-03-24 17:07:00,7.6,reservee,terminee
session_5417,hub_marrakech,hub_marrakech_borne_4,2025-03-24 16:25:00,2025-03-24 17:23:00,6.1,walk_in,terminee
session_5418,hub_marrakech,hub_marrakech_borne_6,2025-03-25 13:37:00,2025-03-25 14:30:00,7.8,walk_in,terminee
session_5419,hub_marrakech,hub_marrakech_borne_5,2025-03-25 12:28:00,2025-03-25 13:24:00,22.2,reservee,terminee
session_5420,hub_marrakech,hub_marrakech_borne_1,2025-03-25 19:26:00,2025-03-25 20:55:00,6.7,reservee,terminee
session_5421,hub_marrakech,hub_marrakech_borne_3,2025-03-25 20:49:00,2025-03-25 21:41:00,15.2,reservee,terminee
session_5422,hub_marrakech,hub_marrakech_borne_2,2025-03-25 19:40:00,2025-03-25 20:37:00,26.3,reservee,terminee
session_5423,hub_marrakech,hub_marrakech_borne_3,2025-03-26 20:02:00,2025-03-26 20:59:00,26.7,walk_in,terminee
session_5424,hub_marrakech,hub_marrakech_borne_2,2025-03-26 18:09:00,2025-03-26 19:21:00,14.6,reservee,terminee
session_5425,hub_marrakech,hub_marrakech_borne_5,2025-03-26 15:21:00,2025-03-26 16:31:00,39.9,reservee,terminee
session_5426,hub_marrakech,hub_marrakech_borne_3,2025-03-26 21:36:00,2025-03-26 22:27:00,32.0,walk_in,terminee
session_5427,hub_marrakech,hub_marrakech_borne_1,2025-03-26 18:56:00,2025-03-26 19:16:00,29.1,reservee,terminee
session_5428,hub_marrakech,hub_marrakech_borne_1,2025-03-26 10:38:00,2025-03-26 11:08:00,35.0,reservee,terminee
session_5429,hub_marrakech,hub_marrakech_borne_2,2025-03-26 12:38:00,2025-03-26 13:13:00,5.2,reservee,terminee
session_5430,hub_marrakech,hub_marrakech_borne_4,2025-03-26 18:27:00,2025-03-26 19:33:00,34.6,reservee,terminee
session_5431,hub_marrakech,hub_marrakech_borne_5,2025-03-27 14:05:00,2025-03-27 14:34:00,15.3,reservee,terminee
session_5432,hub_marrakech,hub_marrakech_borne_3,2025-03-27 16:13:00,2025-03-27 17:16:00,18.2,reservee,terminee
session_5433,hub_marrakech,hub_marrakech_borne_4,2025-03-27 22:33:00,2025-03-27 23:35:00,33.0,reservee,terminee
session_5434,hub_marrakech,hub_marrakech_borne_4,2025-03-28 11:16:00,2025-03-28 12:08:00,24.3,reservee,terminee
session_5435,hub_marrakech,hub_marrakech_borne_1,2025-03-28 22:06:00,2025-03-28 22:37:00,15.2,walk_in,terminee
session_5436,hub_marrakech,hub_marrakech_borne_6,2025-03-28 22:31:00,2025-03-28 23:05:00,19.6,walk_in,terminee
session_5437,hub_marrakech,hub_marrakech_borne_5,2025-03-28 19:41:00,2025-03-28 20:20:00,31.7,walk_in,terminee
session_5438,hub_marrakech,hub_marrakech_borne_6,2025-03-28 21:09:00,2025-03-28 22:36:00,23.9,reservee,terminee
session_5439,hub_marrakech,hub_marrakech_borne_6,2025-03-29 12:45:00,2025-03-29 14:09:00,34.4,walk_in,terminee
session_5440,hub_marrakech,hub_marrakech_borne_4,2025-03-29 15:19:00,2025-03-29 16:32:00,31.4,reservee,terminee
session_5441,hub_marrakech,hub_marrakech_borne_3,2025-03-29 15:15:00,2025-03-29 16:36:00,25.6,reservee,terminee
session_5442,hub_marrakech,hub_marrakech_borne_6,2025-03-29 18:19:00,2025-03-29 19:32:00,17.4,reservee,terminee
session_5443,hub_marrakech,hub_marrakech_borne_5,2025-03-29 09:25:00,2025-03-29 10:07:00,5.5,walk_in,terminee
session_5444,hub_marrakech,hub_marrakech_borne_4,2025-03-29 18:36:00,2025-03-29 19:10:00,17.7,reservee,terminee
session_5445,hub_marrakech,hub_marrakech_borne_6,2025-03-29 07:32:00,2025-03-29 08:36:00,31.4,reservee,terminee
session_5446,hub_marrakech,hub_marrakech_borne_6,2025-03-29 11:39:00,2025-03-29 12:14:00,13.2,walk_in,terminee
session_5447,hub_marrakech,hub_marrakech_borne_1,2025-03-30 16:56:00,2025-03-30 17:49:00,38.3,reservee,terminee
session_5448,hub_marrakech,hub_marrakech_borne_4,2025-03-30 16:26:00,2025-03-30 17:50:00,29.3,walk_in,terminee
session_5449,hub_marrakech,hub_marrakech_borne_4,2025-03-30 15:58:00,2025-03-30 17:07:00,9.6,reservee,terminee
session_5450,hub_marrakech,hub_marrakech_borne_2,2025-03-30 19:54:00,2025-03-30 21:21:00,5.5,reservee,terminee
session_5451,hub_marrakech,hub_marrakech_borne_1,2025-03-30 12:50:00,2025-03-30 13:52:00,24.8,reservee,terminee
session_5452,hub_marrakech,hub_marrakech_borne_6,2025-03-30 15:07:00,2025-03-30 16:09:00,38.9,walk_in,terminee
session_5453,hub_marrakech,hub_marrakech_borne_4,2025-03-30 14:52:00,2025-03-30 15:27:00,29.0,walk_in,terminee
session_5454,hub_marrakech,hub_marrakech_borne_1,2025-03-30 13:16:00,2025-03-30 14:33:00,12.8,reservee,terminee
session_5455,hub_marrakech,hub_marrakech_borne_6,2025-03-30 11:32:00,2025-03-30 12:00:00,12.9,walk_in,terminee
session_5456,hub_marrakech,hub_marrakech_borne_6,2025-03-30 10:00:00,2025-03-30 11:12:00,27.5,reservee,terminee
session_5457,hub_marrakech,hub_marrakech_borne_6,2025-03-31 17:19:00,2025-03-31 18:15:00,23.4,walk_in,terminee
session_5458,hub_marrakech,hub_marrakech_borne_4,2025-03-31 18:09:00,2025-03-31 18:30:00,25.2,reservee,terminee
session_5459,hub_marrakech,hub_marrakech_borne_3,2025-04-01 19:30:00,2025-04-01 20:32:00,9.5,walk_in,terminee
session_5460,hub_marrakech,hub_marrakech_borne_3,2025-04-01 20:27:00,2025-04-01 21:19:00,32.3,reservee,terminee
session_5461,hub_marrakech,hub_marrakech_borne_5,2025-04-01 20:05:00,2025-04-01 21:34:00,37.5,walk_in,terminee
session_5462,hub_marrakech,hub_marrakech_borne_3,2025-04-02 16:49:00,2025-04-02 17:27:00,34.6,walk_in,terminee
session_5463,hub_marrakech,hub_marrakech_borne_3,2025-04-02 12:39:00,2025-04-02 13:23:00,27.9,walk_in,terminee
session_5464,hub_marrakech,hub_marrakech_borne_5,2025-04-03 14:29:00,2025-04-03 15:46:00,9.4,reservee,terminee
session_5465,hub_marrakech,hub_marrakech_borne_2,2025-04-03 18:23:00,2025-04-03 19:52:00,23.9,reservee,terminee
session_5466,hub_marrakech,hub_marrakech_borne_6,2025-04-03 17:16:00,2025-04-03 17:55:00,37.7,walk_in,terminee
session_5467,hub_marrakech,hub_marrakech_borne_2,2025-04-03 12:18:00,2025-04-03 13:10:00,25.0,reservee,terminee
session_5468,hub_marrakech,hub_marrakech_borne_2,2025-04-03 17:53:00,2025-04-03 18:57:00,10.1,walk_in,terminee
session_5469,hub_marrakech,hub_marrakech_borne_1,2025-04-03 18:43:00,2025-04-03 19:15:00,37.6,reservee,terminee
session_5470,hub_marrakech,hub_marrakech_borne_6,2025-04-03 21:13:00,2025-04-03 21:45:00,34.3,reservee,terminee
session_5471,hub_marrakech,hub_marrakech_borne_6,2025-04-04 19:33:00,2025-04-04 19:54:00,18.2,reservee,terminee
session_5472,hub_marrakech,hub_marrakech_borne_6,2025-04-04 14:40:00,2025-04-04 15:47:00,32.0,reservee,terminee
session_5473,hub_marrakech,hub_marrakech_borne_6,2025-04-05 20:30:00,2025-04-05 21:28:00,9.4,walk_in,terminee
session_5474,hub_marrakech,hub_marrakech_borne_4,2025-04-05 12:03:00,2025-04-05 13:17:00,34.4,reservee,terminee
session_5475,hub_marrakech,hub_marrakech_borne_1,2025-04-05 14:37:00,2025-04-05 15:26:00,17.0,reservee,terminee
session_5476,hub_marrakech,hub_marrakech_borne_4,2025-04-05 14:22:00,2025-04-05 14:46:00,5.2,walk_in,terminee
session_5477,hub_marrakech,hub_marrakech_borne_4,2025-04-05 13:02:00,2025-04-05 14:24:00,39.2,walk_in,terminee
session_5478,hub_marrakech,hub_marrakech_borne_1,2025-04-06 14:36:00,2025-04-06 15:56:00,37.2,walk_in,terminee
session_5479,hub_marrakech,hub_marrakech_borne_5,2025-04-06 13:52:00,2025-04-06 14:26:00,6.9,reservee,terminee
session_5480,hub_marrakech,hub_marrakech_borne_5,2025-04-06 14:17:00,2025-04-06 14:42:00,26.6,walk_in,terminee
session_5481,hub_marrakech,hub_marrakech_borne_5,2025-04-06 14:26:00,2025-04-06 15:45:00,19.7,reservee,terminee
session_5482,hub_marrakech,hub_marrakech_borne_4,2025-04-06 10:45:00,2025-04-06 11:07:00,34.8,reservee,terminee
session_5483,hub_marrakech,hub_marrakech_borne_4,2025-04-06 12:31:00,2025-04-06 13:24:00,11.8,reservee,terminee
session_5484,hub_marrakech,hub_marrakech_borne_3,2025-04-06 14:52:00,2025-04-06 15:46:00,35.4,walk_in,terminee
session_5485,hub_marrakech,hub_marrakech_borne_1,2025-04-07 13:12:00,2025-04-07 13:52:00,24.3,reservee,terminee
session_5486,hub_marrakech,hub_marrakech_borne_4,2025-04-07 20:00:00,2025-04-07 20:52:00,11.8,walk_in,terminee
session_5487,hub_marrakech,hub_marrakech_borne_4,2025-04-07 20:20:00,2025-04-07 21:18:00,27.0,reservee,terminee
session_5488,hub_marrakech,hub_marrakech_borne_5,2025-04-07 17:22:00,2025-04-07 18:06:00,24.9,walk_in,terminee
session_5489,hub_marrakech,hub_marrakech_borne_3,2025-04-07 15:31:00,2025-04-07 16:01:00,29.4,reservee,terminee
session_5490,hub_marrakech,hub_marrakech_borne_4,2025-04-07 22:24:00,2025-04-07 23:33:00,23.3,walk_in,terminee
session_5491,hub_marrakech,hub_marrakech_borne_5,2025-04-08 12:16:00,2025-04-08 12:44:00,28.4,reservee,terminee
session_5492,hub_marrakech,hub_marrakech_borne_1,2025-04-08 19:46:00,2025-04-08 20:29:00,36.6,walk_in,terminee
session_5493,hub_marrakech,hub_marrakech_borne_4,2025-04-08 17:39:00,2025-04-08 18:55:00,18.6,walk_in,terminee
session_5494,hub_marrakech,hub_marrakech_borne_2,2025-04-09 22:27:00,2025-04-09 23:46:00,36.4,reservee,terminee
session_5495,hub_marrakech,hub_marrakech_borne_3,2025-04-09 15:07:00,2025-04-09 16:13:00,23.6,walk_in,terminee
session_5496,hub_marrakech,hub_marrakech_borne_4,2025-04-09 14:15:00,2025-04-09 14:58:00,29.8,reservee,terminee
session_5497,hub_marrakech,hub_marrakech_borne_3,2025-04-10 17:17:00,2025-04-10 17:50:00,12.6,reservee,terminee
session_5498,hub_marrakech,hub_marrakech_borne_5,2025-04-10 13:48:00,2025-04-10 14:59:00,39.2,reservee,terminee
session_5499,hub_marrakech,hub_marrakech_borne_6,2025-04-10 12:24:00,2025-04-10 13:17:00,25.2,reservee,terminee
session_5500,hub_marrakech,hub_marrakech_borne_2,2025-04-10 22:45:00,2025-04-11 00:05:00,10.2,reservee,terminee
session_5501,hub_marrakech,hub_marrakech_borne_4,2025-04-11 21:03:00,2025-04-11 21:23:00,23.4,reservee,terminee
session_5502,hub_marrakech,hub_marrakech_borne_4,2025-04-11 18:17:00,2025-04-11 18:49:00,5.1,walk_in,terminee
session_5503,hub_marrakech,hub_marrakech_borne_5,2025-04-11 18:47:00,2025-04-11 20:07:00,39.8,walk_in,terminee
session_5504,hub_marrakech,hub_marrakech_borne_2,2025-04-11 20:56:00,2025-04-11 22:00:00,31.9,walk_in,terminee
session_5505,hub_marrakech,hub_marrakech_borne_3,2025-04-12 15:34:00,2025-04-12 16:59:00,38.6,walk_in,terminee
session_5506,hub_marrakech,hub_marrakech_borne_4,2025-04-12 13:42:00,2025-04-12 14:19:00,6.2,walk_in,terminee
session_5507,hub_marrakech,hub_marrakech_borne_5,2025-04-12 11:39:00,2025-04-12 12:29:00,6.5,reservee,terminee
session_5508,hub_marrakech,hub_marrakech_borne_1,2025-04-12 16:37:00,2025-04-12 17:36:00,20.2,walk_in,terminee
session_5509,hub_marrakech,hub_marrakech_borne_6,2025-04-12 14:40:00,2025-04-12 15:41:00,29.4,reservee,terminee
session_5510,hub_marrakech,hub_marrakech_borne_2,2025-04-12 16:43:00,2025-04-12 17:33:00,38.6,reservee,terminee
session_5511,hub_marrakech,hub_marrakech_borne_5,2025-04-12 14:09:00,2025-04-12 15:26:00,21.8,walk_in,terminee
session_5512,hub_marrakech,hub_marrakech_borne_4,2025-04-12 15:46:00,2025-04-12 17:03:00,26.3,reservee,terminee
session_5513,hub_marrakech,hub_marrakech_borne_1,2025-04-12 17:41:00,2025-04-12 19:04:00,9.1,walk_in,terminee
session_5514,hub_marrakech,hub_marrakech_borne_6,2025-04-13 17:38:00,2025-04-13 19:04:00,6.2,reservee,terminee
session_5515,hub_marrakech,hub_marrakech_borne_6,2025-04-13 16:00:00,2025-04-13 17:24:00,21.6,walk_in,terminee
session_5516,hub_marrakech,hub_marrakech_borne_3,2025-04-13 21:28:00,2025-04-13 22:53:00,27.7,walk_in,terminee
session_5517,hub_marrakech,hub_marrakech_borne_1,2025-04-13 17:51:00,2025-04-13 18:34:00,28.1,walk_in,terminee
session_5518,hub_marrakech,hub_marrakech_borne_3,2025-04-13 14:10:00,2025-04-13 15:33:00,20.9,reservee,terminee
session_5519,hub_marrakech,hub_marrakech_borne_1,2025-04-14 13:48:00,2025-04-14 14:29:00,15.5,walk_in,terminee
session_5520,hub_marrakech,hub_marrakech_borne_2,2025-04-14 19:46:00,2025-04-14 21:08:00,17.4,reservee,terminee
session_5521,hub_marrakech,hub_marrakech_borne_2,2025-04-14 10:11:00,2025-04-14 10:49:00,19.0,reservee,terminee
session_5522,hub_marrakech,hub_marrakech_borne_2,2025-04-15 12:43:00,2025-04-15 13:52:00,37.0,walk_in,terminee
session_5523,hub_marrakech,hub_marrakech_borne_3,2025-04-15 17:18:00,2025-04-15 18:33:00,32.4,reservee,terminee
session_5524,hub_marrakech,hub_marrakech_borne_6,2025-04-15 21:53:00,2025-04-15 22:27:00,22.5,reservee,terminee
session_5525,hub_marrakech,hub_marrakech_borne_6,2025-04-16 21:31:00,2025-04-16 22:33:00,14.2,walk_in,terminee
session_5526,hub_marrakech,hub_marrakech_borne_6,2025-04-16 20:18:00,2025-04-16 20:54:00,25.8,walk_in,terminee
session_5527,hub_marrakech,hub_marrakech_borne_6,2025-04-17 17:52:00,2025-04-17 18:27:00,19.0,reservee,terminee
session_5528,hub_marrakech,hub_marrakech_borne_5,2025-04-17 14:50:00,2025-04-17 15:46:00,13.5,walk_in,terminee
session_5529,hub_marrakech,hub_marrakech_borne_5,2025-04-17 16:16:00,2025-04-17 16:49:00,5.8,walk_in,terminee
session_5530,hub_marrakech,hub_marrakech_borne_4,2025-04-18 19:13:00,2025-04-18 20:15:00,6.8,reservee,terminee
session_5531,hub_marrakech,hub_marrakech_borne_6,2025-04-18 17:17:00,2025-04-18 17:44:00,9.0,reservee,terminee
session_5532,hub_marrakech,hub_marrakech_borne_5,2025-04-19 12:09:00,2025-04-19 12:42:00,16.9,walk_in,terminee
session_5533,hub_marrakech,hub_marrakech_borne_2,2025-04-19 22:16:00,2025-04-19 23:36:00,14.6,reservee,terminee
session_5534,hub_marrakech,hub_marrakech_borne_4,2025-04-19 14:47:00,2025-04-19 15:22:00,9.7,walk_in,terminee
session_5535,hub_marrakech,hub_marrakech_borne_6,2025-04-19 10:43:00,2025-04-19 11:19:00,23.4,walk_in,terminee
session_5536,hub_marrakech,hub_marrakech_borne_3,2025-04-19 12:39:00,2025-04-19 13:58:00,11.7,walk_in,terminee
session_5537,hub_marrakech,hub_marrakech_borne_4,2025-04-19 19:46:00,2025-04-19 21:11:00,32.6,reservee,terminee
session_5538,hub_marrakech,hub_marrakech_borne_4,2025-04-20 11:33:00,2025-04-20 12:51:00,12.2,reservee,terminee
session_5539,hub_marrakech,hub_marrakech_borne_5,2025-04-20 13:38:00,2025-04-20 14:51:00,26.8,reservee,terminee
session_5540,hub_marrakech,hub_marrakech_borne_3,2025-04-20 15:53:00,2025-04-20 17:03:00,5.8,reservee,terminee
session_5541,hub_marrakech,hub_marrakech_borne_1,2025-04-20 19:29:00,2025-04-20 20:30:00,36.9,walk_in,terminee
session_5542,hub_marrakech,hub_marrakech_borne_1,2025-04-20 14:36:00,2025-04-20 15:55:00,14.3,reservee,terminee
session_5543,hub_marrakech,hub_marrakech_borne_2,2025-04-21 15:11:00,2025-04-21 15:39:00,18.8,reservee,terminee
session_5544,hub_marrakech,hub_marrakech_borne_4,2025-04-21 17:35:00,2025-04-21 19:04:00,39.7,reservee,terminee
session_5545,hub_marrakech,hub_marrakech_borne_3,2025-04-21 22:40:00,2025-04-21 23:25:00,32.2,walk_in,terminee
session_5546,hub_marrakech,hub_marrakech_borne_2,2025-04-21 16:50:00,2025-04-21 17:48:00,29.8,walk_in,terminee
session_5547,hub_marrakech,hub_marrakech_borne_5,2025-04-21 13:17:00,2025-04-21 14:18:00,9.0,reservee,terminee
session_5548,hub_marrakech,hub_marrakech_borne_1,2025-04-22 18:34:00,2025-04-22 19:20:00,24.6,reservee,terminee
session_5549,hub_marrakech,hub_marrakech_borne_5,2025-04-22 15:20:00,2025-04-22 15:55:00,35.3,reservee,terminee
session_5550,hub_marrakech,hub_marrakech_borne_5,2025-04-22 18:45:00,2025-04-22 19:36:00,17.2,walk_in,terminee
session_5551,hub_marrakech,hub_marrakech_borne_6,2025-04-22 15:03:00,2025-04-22 16:07:00,28.0,walk_in,terminee
session_5552,hub_marrakech,hub_marrakech_borne_3,2025-04-22 14:17:00,2025-04-22 15:09:00,12.6,walk_in,terminee
session_5553,hub_marrakech,hub_marrakech_borne_1,2025-04-22 22:05:00,2025-04-22 22:26:00,31.6,reservee,terminee
session_5554,hub_marrakech,hub_marrakech_borne_2,2025-04-23 14:45:00,2025-04-23 15:16:00,31.5,walk_in,terminee
session_5555,hub_marrakech,hub_marrakech_borne_2,2025-04-23 14:41:00,2025-04-23 15:28:00,26.7,walk_in,terminee
session_5556,hub_marrakech,hub_marrakech_borne_5,2025-04-23 20:48:00,2025-04-23 21:28:00,38.7,reservee,terminee
session_5557,hub_marrakech,hub_marrakech_borne_3,2025-04-23 16:11:00,2025-04-23 17:35:00,32.7,reservee,terminee
session_5558,hub_marrakech,hub_marrakech_borne_6,2025-04-24 20:30:00,2025-04-24 21:00:00,9.0,reservee,terminee
session_5559,hub_marrakech,hub_marrakech_borne_6,2025-04-24 21:33:00,2025-04-24 22:29:00,10.7,reservee,terminee
session_5560,hub_marrakech,hub_marrakech_borne_4,2025-04-25 20:25:00,2025-04-25 21:46:00,10.9,reservee,terminee
session_5561,hub_marrakech,hub_marrakech_borne_3,2025-04-25 20:41:00,2025-04-25 21:19:00,19.9,walk_in,terminee
session_5562,hub_marrakech,hub_marrakech_borne_2,2025-04-25 17:34:00,2025-04-25 18:24:00,6.9,reservee,terminee
session_5563,hub_marrakech,hub_marrakech_borne_5,2025-04-25 12:15:00,2025-04-25 13:30:00,15.7,reservee,terminee
session_5564,hub_marrakech,hub_marrakech_borne_2,2025-04-25 14:45:00,2025-04-25 15:34:00,30.4,reservee,terminee
session_5565,hub_marrakech,hub_marrakech_borne_5,2025-04-25 15:25:00,2025-04-25 16:24:00,17.2,reservee,terminee
session_5566,hub_marrakech,hub_marrakech_borne_5,2025-04-25 18:52:00,2025-04-25 19:52:00,27.0,reservee,terminee
session_5567,hub_marrakech,hub_marrakech_borne_1,2025-04-25 11:43:00,2025-04-25 12:10:00,36.3,reservee,terminee
session_5568,hub_marrakech,hub_marrakech_borne_2,2025-04-26 11:11:00,2025-04-26 12:03:00,34.3,reservee,terminee
session_5569,hub_marrakech,hub_marrakech_borne_3,2025-04-26 09:00:00,2025-04-26 10:16:00,29.2,walk_in,terminee
session_5570,hub_marrakech,hub_marrakech_borne_4,2025-04-26 15:02:00,2025-04-26 15:49:00,32.0,reservee,terminee
session_5571,hub_marrakech,hub_marrakech_borne_2,2025-04-26 15:18:00,2025-04-26 16:02:00,27.7,reservee,terminee
session_5572,hub_marrakech,hub_marrakech_borne_4,2025-04-26 12:05:00,2025-04-26 12:42:00,5.5,reservee,terminee
session_5573,hub_marrakech,hub_marrakech_borne_4,2025-04-26 17:54:00,2025-04-26 18:39:00,10.2,reservee,terminee
session_5574,hub_marrakech,hub_marrakech_borne_2,2025-04-26 13:53:00,2025-04-26 14:28:00,32.3,reservee,terminee
session_5575,hub_marrakech,hub_marrakech_borne_5,2025-04-26 08:50:00,2025-04-26 10:10:00,19.0,reservee,terminee
session_5576,hub_marrakech,hub_marrakech_borne_2,2025-04-27 09:05:00,2025-04-27 10:24:00,18.4,walk_in,terminee
session_5577,hub_marrakech,hub_marrakech_borne_5,2025-04-27 17:40:00,2025-04-27 18:57:00,35.6,reservee,terminee
session_5578,hub_marrakech,hub_marrakech_borne_2,2025-04-27 14:26:00,2025-04-27 14:56:00,27.8,reservee,terminee
session_5579,hub_marrakech,hub_marrakech_borne_1,2025-04-27 16:48:00,2025-04-27 17:58:00,29.1,reservee,terminee
session_5580,hub_marrakech,hub_marrakech_borne_1,2025-04-27 10:53:00,2025-04-27 11:19:00,19.7,walk_in,terminee
session_5581,hub_marrakech,hub_marrakech_borne_1,2025-04-27 15:54:00,2025-04-27 17:19:00,7.0,walk_in,terminee
session_5582,hub_marrakech,hub_marrakech_borne_1,2025-04-27 15:52:00,2025-04-27 16:17:00,37.8,walk_in,terminee
session_5583,hub_marrakech,hub_marrakech_borne_3,2025-04-28 17:03:00,2025-04-28 18:09:00,5.7,reservee,terminee
session_5584,hub_marrakech,hub_marrakech_borne_5,2025-04-28 17:19:00,2025-04-28 17:41:00,8.9,reservee,terminee
session_5585,hub_marrakech,hub_marrakech_borne_4,2025-04-28 17:27:00,2025-04-28 17:55:00,15.7,walk_in,terminee
session_5586,hub_marrakech,hub_marrakech_borne_4,2025-04-28 17:54:00,2025-04-28 19:09:00,26.3,reservee,terminee
session_5587,hub_marrakech,hub_marrakech_borne_3,2025-04-29 21:56:00,2025-04-29 22:23:00,39.3,walk_in,terminee
session_5588,hub_marrakech,hub_marrakech_borne_5,2025-04-29 17:19:00,2025-04-29 18:06:00,35.5,reservee,terminee
session_5589,hub_marrakech,hub_marrakech_borne_4,2025-04-30 22:28:00,2025-04-30 23:31:00,34.8,reservee,terminee
session_5590,hub_marrakech,hub_marrakech_borne_4,2025-04-30 21:35:00,2025-04-30 22:45:00,33.2,reservee,terminee
session_5591,hub_marrakech,hub_marrakech_borne_4,2025-04-30 14:25:00,2025-04-30 14:51:00,31.3,reservee,terminee
session_5592,hub_marrakech,hub_marrakech_borne_1,2025-04-30 18:20:00,2025-04-30 19:30:00,11.3,reservee,terminee
session_5593,hub_marrakech,hub_marrakech_borne_5,2025-04-30 15:25:00,2025-04-30 16:37:00,26.1,reservee,terminee
session_5594,hub_marrakech,hub_marrakech_borne_4,2025-05-01 17:11:00,2025-05-01 18:30:00,26.6,reservee,terminee
session_5595,hub_marrakech,hub_marrakech_borne_3,2025-05-01 17:04:00,2025-05-01 17:48:00,26.7,reservee,terminee
session_5596,hub_marrakech,hub_marrakech_borne_6,2025-05-01 16:40:00,2025-05-01 17:21:00,35.2,walk_in,terminee
session_5597,hub_marrakech,hub_marrakech_borne_2,2025-05-01 17:27:00,2025-05-01 18:54:00,26.3,reservee,terminee
session_5598,hub_marrakech,hub_marrakech_borne_5,2025-05-01 11:16:00,2025-05-01 12:34:00,38.9,reservee,terminee
session_5599,hub_marrakech,hub_marrakech_borne_5,2025-05-01 18:16:00,2025-05-01 19:38:00,35.4,walk_in,terminee
session_5600,hub_marrakech,hub_marrakech_borne_1,2025-05-02 22:15:00,2025-05-02 23:24:00,28.5,walk_in,terminee
session_5601,hub_marrakech,hub_marrakech_borne_4,2025-05-02 19:45:00,2025-05-02 20:39:00,16.0,walk_in,terminee
session_5602,hub_marrakech,hub_marrakech_borne_5,2025-05-03 11:58:00,2025-05-03 13:10:00,32.7,walk_in,terminee
session_5603,hub_marrakech,hub_marrakech_borne_3,2025-05-03 14:14:00,2025-05-03 15:03:00,24.5,reservee,terminee
session_5604,hub_marrakech,hub_marrakech_borne_4,2025-05-03 16:50:00,2025-05-03 18:07:00,34.1,walk_in,terminee
session_5605,hub_marrakech,hub_marrakech_borne_2,2025-05-03 17:15:00,2025-05-03 18:34:00,14.8,walk_in,terminee
session_5606,hub_marrakech,hub_marrakech_borne_1,2025-05-03 14:18:00,2025-05-03 15:27:00,34.9,reservee,terminee
session_5607,hub_marrakech,hub_marrakech_borne_1,2025-05-03 08:54:00,2025-05-03 09:30:00,30.6,walk_in,terminee
session_5608,hub_marrakech,hub_marrakech_borne_5,2025-05-03 15:43:00,2025-05-03 17:10:00,17.9,walk_in,terminee
session_5609,hub_marrakech,hub_marrakech_borne_5,2025-05-03 13:58:00,2025-05-03 14:32:00,15.7,reservee,terminee
session_5610,hub_marrakech,hub_marrakech_borne_6,2025-05-04 12:35:00,2025-05-04 13:49:00,28.9,walk_in,terminee
session_5611,hub_marrakech,hub_marrakech_borne_2,2025-05-04 12:25:00,2025-05-04 12:50:00,19.2,reservee,terminee
session_5612,hub_marrakech,hub_marrakech_borne_4,2025-05-04 15:54:00,2025-05-04 16:35:00,29.5,walk_in,terminee
session_5613,hub_marrakech,hub_marrakech_borne_6,2025-05-04 09:04:00,2025-05-04 10:07:00,19.3,reservee,terminee
session_5614,hub_marrakech,hub_marrakech_borne_4,2025-05-05 19:05:00,2025-05-05 19:47:00,25.8,walk_in,terminee
session_5615,hub_marrakech,hub_marrakech_borne_6,2025-05-06 18:22:00,2025-05-06 19:45:00,22.9,reservee,terminee
session_5616,hub_marrakech,hub_marrakech_borne_6,2025-05-06 20:42:00,2025-05-06 21:38:00,13.2,reservee,terminee
session_5617,hub_marrakech,hub_marrakech_borne_1,2025-05-06 10:31:00,2025-05-06 11:50:00,23.0,reservee,terminee
session_5618,hub_marrakech,hub_marrakech_borne_1,2025-05-06 16:13:00,2025-05-06 17:09:00,32.2,reservee,terminee
session_5619,hub_marrakech,hub_marrakech_borne_3,2025-05-07 17:15:00,2025-05-07 18:37:00,23.7,walk_in,terminee
session_5620,hub_marrakech,hub_marrakech_borne_4,2025-05-07 14:32:00,2025-05-07 15:23:00,28.0,reservee,terminee
session_5621,hub_marrakech,hub_marrakech_borne_2,2025-05-07 20:53:00,2025-05-07 21:18:00,37.1,reservee,terminee
session_5622,hub_marrakech,hub_marrakech_borne_5,2025-05-08 19:28:00,2025-05-08 20:41:00,13.9,reservee,terminee
session_5623,hub_marrakech,hub_marrakech_borne_3,2025-05-08 20:41:00,2025-05-08 21:46:00,16.7,walk_in,terminee
session_5624,hub_marrakech,hub_marrakech_borne_2,2025-05-08 16:18:00,2025-05-08 17:29:00,13.3,reservee,terminee
session_5625,hub_marrakech,hub_marrakech_borne_6,2025-05-09 15:04:00,2025-05-09 16:32:00,29.3,reservee,terminee
session_5626,hub_marrakech,hub_marrakech_borne_3,2025-05-09 20:31:00,2025-05-09 21:40:00,7.0,walk_in,terminee
session_5627,hub_marrakech,hub_marrakech_borne_4,2025-05-09 20:07:00,2025-05-09 20:37:00,34.7,reservee,terminee
session_5628,hub_marrakech,hub_marrakech_borne_5,2025-05-09 14:18:00,2025-05-09 15:06:00,20.9,reservee,terminee
session_5629,hub_marrakech,hub_marrakech_borne_5,2025-05-10 13:21:00,2025-05-10 14:36:00,38.2,reservee,terminee
session_5630,hub_marrakech,hub_marrakech_borne_6,2025-05-10 13:17:00,2025-05-10 14:20:00,30.1,reservee,terminee
session_5631,hub_marrakech,hub_marrakech_borne_3,2025-05-10 14:16:00,2025-05-10 14:58:00,16.1,reservee,terminee
session_5632,hub_marrakech,hub_marrakech_borne_6,2025-05-11 14:05:00,2025-05-11 15:24:00,22.1,reservee,terminee
session_5633,hub_marrakech,hub_marrakech_borne_2,2025-05-11 13:02:00,2025-05-11 13:37:00,39.9,reservee,terminee
session_5634,hub_marrakech,hub_marrakech_borne_1,2025-05-11 15:10:00,2025-05-11 16:34:00,33.2,reservee,terminee
session_5635,hub_marrakech,hub_marrakech_borne_3,2025-05-11 16:21:00,2025-05-11 17:41:00,21.4,walk_in,terminee
session_5636,hub_marrakech,hub_marrakech_borne_6,2025-05-11 08:10:00,2025-05-11 08:43:00,15.1,reservee,terminee
session_5637,hub_marrakech,hub_marrakech_borne_1,2025-05-12 16:00:00,2025-05-12 16:29:00,5.3,walk_in,terminee
session_5638,hub_marrakech,hub_marrakech_borne_3,2025-05-12 15:07:00,2025-05-12 15:52:00,39.2,reservee,terminee
session_5639,hub_marrakech,hub_marrakech_borne_3,2025-05-13 17:25:00,2025-05-13 18:36:00,11.7,reservee,terminee
session_5640,hub_marrakech,hub_marrakech_borne_4,2025-05-13 14:29:00,2025-05-13 15:44:00,34.4,walk_in,terminee
session_5641,hub_marrakech,hub_marrakech_borne_3,2025-05-14 19:45:00,2025-05-14 21:14:00,20.2,walk_in,terminee
session_5642,hub_marrakech,hub_marrakech_borne_2,2025-05-14 13:34:00,2025-05-14 14:40:00,25.1,walk_in,terminee
session_5643,hub_marrakech,hub_marrakech_borne_3,2025-05-14 15:24:00,2025-05-14 16:45:00,10.8,reservee,terminee
session_5644,hub_marrakech,hub_marrakech_borne_4,2025-05-14 19:54:00,2025-05-14 20:32:00,29.3,reservee,terminee
session_5645,hub_marrakech,hub_marrakech_borne_5,2025-05-14 18:11:00,2025-05-14 18:50:00,24.2,reservee,terminee
session_5646,hub_marrakech,hub_marrakech_borne_5,2025-05-15 21:41:00,2025-05-15 22:34:00,22.5,reservee,terminee
session_5647,hub_marrakech,hub_marrakech_borne_3,2025-05-15 16:51:00,2025-05-15 17:12:00,8.9,walk_in,terminee
session_5648,hub_marrakech,hub_marrakech_borne_2,2025-05-15 10:28:00,2025-05-15 11:24:00,8.8,reservee,terminee
session_5649,hub_marrakech,hub_marrakech_borne_3,2025-05-15 13:22:00,2025-05-15 14:37:00,39.0,walk_in,terminee
session_5650,hub_marrakech,hub_marrakech_borne_3,2025-05-15 22:09:00,2025-05-15 23:17:00,20.7,walk_in,terminee
session_5651,hub_marrakech,hub_marrakech_borne_1,2025-05-15 17:10:00,2025-05-15 17:58:00,28.7,walk_in,terminee
session_5652,hub_marrakech,hub_marrakech_borne_3,2025-05-15 16:10:00,2025-05-15 17:33:00,25.1,walk_in,terminee
session_5653,hub_marrakech,hub_marrakech_borne_4,2025-05-15 16:55:00,2025-05-15 18:05:00,10.4,reservee,terminee
session_5654,hub_marrakech,hub_marrakech_borne_2,2025-05-16 14:55:00,2025-05-16 16:06:00,7.5,reservee,terminee
session_5655,hub_marrakech,hub_marrakech_borne_3,2025-05-16 17:13:00,2025-05-16 18:42:00,9.8,reservee,terminee
session_5656,hub_marrakech,hub_marrakech_borne_6,2025-05-16 18:22:00,2025-05-16 19:26:00,16.8,reservee,terminee
session_5657,hub_marrakech,hub_marrakech_borne_4,2025-05-16 20:56:00,2025-05-16 22:16:00,8.9,reservee,terminee
session_5658,hub_marrakech,hub_marrakech_borne_4,2025-05-16 14:15:00,2025-05-16 15:16:00,19.5,walk_in,terminee
session_5659,hub_marrakech,hub_marrakech_borne_6,2025-05-16 19:02:00,2025-05-16 20:24:00,36.4,reservee,terminee
session_5660,hub_marrakech,hub_marrakech_borne_5,2025-05-16 22:15:00,2025-05-16 23:20:00,30.8,reservee,terminee
session_5661,hub_marrakech,hub_marrakech_borne_4,2025-05-16 22:57:00,2025-05-16 23:51:00,7.7,walk_in,terminee
session_5662,hub_marrakech,hub_marrakech_borne_4,2025-05-17 10:23:00,2025-05-17 10:52:00,17.3,reservee,terminee
session_5663,hub_marrakech,hub_marrakech_borne_4,2025-05-17 12:36:00,2025-05-17 12:56:00,33.6,walk_in,terminee
session_5664,hub_marrakech,hub_marrakech_borne_5,2025-05-17 15:37:00,2025-05-17 16:22:00,18.6,walk_in,terminee
session_5665,hub_marrakech,hub_marrakech_borne_3,2025-05-17 10:49:00,2025-05-17 11:25:00,28.0,reservee,terminee
session_5666,hub_marrakech,hub_marrakech_borne_4,2025-05-17 18:46:00,2025-05-17 20:11:00,15.1,walk_in,terminee
session_5667,hub_marrakech,hub_marrakech_borne_5,2025-05-18 11:13:00,2025-05-18 12:07:00,36.1,walk_in,terminee
session_5668,hub_marrakech,hub_marrakech_borne_2,2025-05-18 10:12:00,2025-05-18 11:26:00,7.7,reservee,terminee
session_5669,hub_marrakech,hub_marrakech_borne_6,2025-05-18 15:16:00,2025-05-18 15:46:00,12.5,reservee,terminee
session_5670,hub_marrakech,hub_marrakech_borne_6,2025-05-18 15:00:00,2025-05-18 16:20:00,15.5,reservee,terminee
session_5671,hub_marrakech,hub_marrakech_borne_1,2025-05-18 11:53:00,2025-05-18 12:49:00,26.4,walk_in,terminee
session_5672,hub_marrakech,hub_marrakech_borne_4,2025-05-19 14:35:00,2025-05-19 15:09:00,10.6,reservee,terminee
session_5673,hub_marrakech,hub_marrakech_borne_6,2025-05-19 15:48:00,2025-05-19 16:09:00,26.1,reservee,terminee
session_5674,hub_marrakech,hub_marrakech_borne_4,2025-05-19 18:09:00,2025-05-19 19:01:00,13.1,reservee,terminee
session_5675,hub_marrakech,hub_marrakech_borne_5,2025-05-19 17:55:00,2025-05-19 18:58:00,22.7,reservee,terminee
session_5676,hub_marrakech,hub_marrakech_borne_3,2025-05-20 17:46:00,2025-05-20 19:00:00,13.8,walk_in,terminee
session_5677,hub_marrakech,hub_marrakech_borne_6,2025-05-20 15:30:00,2025-05-20 16:11:00,32.7,reservee,terminee
session_5678,hub_marrakech,hub_marrakech_borne_5,2025-05-20 19:03:00,2025-05-20 19:30:00,14.1,walk_in,terminee
session_5679,hub_marrakech,hub_marrakech_borne_3,2025-05-20 18:01:00,2025-05-20 19:20:00,18.1,reservee,terminee
session_5680,hub_marrakech,hub_marrakech_borne_1,2025-05-20 18:29:00,2025-05-20 18:55:00,27.2,reservee,terminee
session_5681,hub_marrakech,hub_marrakech_borne_1,2025-05-21 18:01:00,2025-05-21 19:09:00,11.4,reservee,terminee
session_5682,hub_marrakech,hub_marrakech_borne_4,2025-05-21 16:46:00,2025-05-21 17:42:00,35.8,walk_in,terminee
session_5683,hub_marrakech,hub_marrakech_borne_2,2025-05-21 22:18:00,2025-05-21 22:40:00,30.1,reservee,terminee
session_5684,hub_marrakech,hub_marrakech_borne_5,2025-05-21 17:45:00,2025-05-21 18:09:00,35.8,walk_in,terminee
session_5685,hub_marrakech,hub_marrakech_borne_4,2025-05-22 15:42:00,2025-05-22 16:05:00,38.9,walk_in,terminee
session_5686,hub_marrakech,hub_marrakech_borne_6,2025-05-22 19:12:00,2025-05-22 19:52:00,14.7,reservee,terminee
session_5687,hub_marrakech,hub_marrakech_borne_4,2025-05-22 18:48:00,2025-05-22 19:45:00,25.7,reservee,terminee
session_5688,hub_marrakech,hub_marrakech_borne_1,2025-05-22 14:17:00,2025-05-22 15:39:00,29.5,reservee,terminee
session_5689,hub_marrakech,hub_marrakech_borne_1,2025-05-22 15:32:00,2025-05-22 15:57:00,7.4,reservee,terminee
session_5690,hub_marrakech,hub_marrakech_borne_5,2025-05-23 16:23:00,2025-05-23 17:02:00,25.3,reservee,terminee
session_5691,hub_marrakech,hub_marrakech_borne_3,2025-05-23 18:34:00,2025-05-23 19:12:00,29.0,walk_in,terminee
session_5692,hub_marrakech,hub_marrakech_borne_4,2025-05-24 15:29:00,2025-05-24 16:43:00,33.2,walk_in,terminee
session_5693,hub_marrakech,hub_marrakech_borne_4,2025-05-24 14:51:00,2025-05-24 16:14:00,35.5,walk_in,terminee
session_5694,hub_marrakech,hub_marrakech_borne_1,2025-05-24 12:04:00,2025-05-24 12:34:00,27.0,reservee,terminee
session_5695,hub_marrakech,hub_marrakech_borne_5,2025-05-24 13:37:00,2025-05-24 13:57:00,27.5,walk_in,terminee
session_5696,hub_marrakech,hub_marrakech_borne_6,2025-05-24 12:20:00,2025-05-24 12:48:00,31.3,walk_in,terminee
session_5697,hub_marrakech,hub_marrakech_borne_5,2025-05-24 06:17:00,2025-05-24 07:32:00,32.7,reservee,terminee
session_5698,hub_marrakech,hub_marrakech_borne_1,2025-05-24 18:52:00,2025-05-24 19:52:00,31.4,reservee,terminee
session_5699,hub_marrakech,hub_marrakech_borne_6,2025-05-24 10:06:00,2025-05-24 10:49:00,10.9,reservee,terminee
session_5700,hub_marrakech,hub_marrakech_borne_3,2025-05-24 13:22:00,2025-05-24 13:56:00,7.9,reservee,terminee
session_5701,hub_marrakech,hub_marrakech_borne_5,2025-05-24 12:36:00,2025-05-24 13:39:00,35.0,reservee,terminee
session_5702,hub_marrakech,hub_marrakech_borne_3,2025-05-24 15:12:00,2025-05-24 15:57:00,29.7,walk_in,terminee
session_5703,hub_marrakech,hub_marrakech_borne_5,2025-05-25 12:03:00,2025-05-25 13:06:00,24.9,reservee,terminee
session_5704,hub_marrakech,hub_marrakech_borne_3,2025-05-25 12:47:00,2025-05-25 14:10:00,16.0,reservee,terminee
session_5705,hub_marrakech,hub_marrakech_borne_4,2025-05-25 15:49:00,2025-05-25 17:04:00,17.5,reservee,terminee
session_5706,hub_marrakech,hub_marrakech_borne_6,2025-05-25 09:21:00,2025-05-25 10:35:00,28.5,reservee,terminee
session_5707,hub_marrakech,hub_marrakech_borne_1,2025-05-25 10:32:00,2025-05-25 11:05:00,5.6,reservee,terminee
session_5708,hub_marrakech,hub_marrakech_borne_4,2025-05-25 10:32:00,2025-05-25 11:22:00,20.3,walk_in,terminee
session_5709,hub_marrakech,hub_marrakech_borne_6,2025-05-25 12:52:00,2025-05-25 13:36:00,11.3,reservee,terminee
session_5710,hub_marrakech,hub_marrakech_borne_6,2025-05-25 12:12:00,2025-05-25 12:55:00,28.0,reservee,terminee
session_5711,hub_marrakech,hub_marrakech_borne_1,2025-05-26 18:52:00,2025-05-26 20:21:00,17.0,reservee,terminee
session_5712,hub_marrakech,hub_marrakech_borne_1,2025-05-27 11:12:00,2025-05-27 11:40:00,12.4,walk_in,terminee
session_5713,hub_marrakech,hub_marrakech_borne_1,2025-05-27 14:44:00,2025-05-27 16:02:00,8.6,reservee,terminee
session_5714,hub_marrakech,hub_marrakech_borne_1,2025-05-27 16:44:00,2025-05-27 17:07:00,38.2,walk_in,terminee
session_5715,hub_marrakech,hub_marrakech_borne_2,2025-05-27 19:48:00,2025-05-27 21:05:00,24.7,reservee,terminee
session_5716,hub_marrakech,hub_marrakech_borne_3,2025-05-27 19:43:00,2025-05-27 20:23:00,35.6,reservee,terminee
session_5717,hub_marrakech,hub_marrakech_borne_6,2025-05-27 15:06:00,2025-05-27 16:24:00,9.6,walk_in,terminee
session_5718,hub_marrakech,hub_marrakech_borne_6,2025-05-28 18:24:00,2025-05-28 19:34:00,10.3,reservee,terminee
session_5719,hub_marrakech,hub_marrakech_borne_6,2025-05-28 16:41:00,2025-05-28 17:49:00,38.2,reservee,terminee
session_5720,hub_marrakech,hub_marrakech_borne_2,2025-05-28 16:58:00,2025-05-28 17:19:00,16.6,reservee,terminee
session_5721,hub_marrakech,hub_marrakech_borne_3,2025-05-28 22:13:00,2025-05-28 22:34:00,29.4,reservee,terminee
session_5722,hub_marrakech,hub_marrakech_borne_6,2025-05-28 14:21:00,2025-05-28 15:37:00,27.8,walk_in,terminee
session_5723,hub_marrakech,hub_marrakech_borne_5,2025-05-29 13:24:00,2025-05-29 14:16:00,25.3,walk_in,terminee
session_5724,hub_marrakech,hub_marrakech_borne_2,2025-05-29 22:45:00,2025-05-29 23:17:00,14.8,walk_in,terminee
session_5725,hub_marrakech,hub_marrakech_borne_2,2025-05-29 20:08:00,2025-05-29 21:08:00,14.7,walk_in,terminee
session_5726,hub_marrakech,hub_marrakech_borne_2,2025-05-29 12:22:00,2025-05-29 13:19:00,13.4,walk_in,terminee
session_5727,hub_marrakech,hub_marrakech_borne_6,2025-05-29 16:37:00,2025-05-29 18:00:00,32.7,reservee,terminee
session_5728,hub_marrakech,hub_marrakech_borne_1,2025-05-29 16:42:00,2025-05-29 18:09:00,5.1,reservee,terminee
session_5729,hub_marrakech,hub_marrakech_borne_1,2025-05-29 21:52:00,2025-05-29 22:44:00,21.9,walk_in,terminee
session_5730,hub_marrakech,hub_marrakech_borne_3,2025-05-29 16:55:00,2025-05-29 17:33:00,14.6,walk_in,terminee
session_5731,hub_marrakech,hub_marrakech_borne_4,2025-05-29 16:00:00,2025-05-29 16:55:00,26.6,reservee,terminee
session_5732,hub_marrakech,hub_marrakech_borne_5,2025-05-30 19:50:00,2025-05-30 20:47:00,34.7,reservee,terminee
session_5733,hub_marrakech,hub_marrakech_borne_2,2025-05-30 22:25:00,2025-05-30 23:41:00,26.4,walk_in,terminee
session_5734,hub_marrakech,hub_marrakech_borne_3,2025-05-31 09:29:00,2025-05-31 10:43:00,8.4,reservee,terminee
session_5735,hub_marrakech,hub_marrakech_borne_2,2025-05-31 10:30:00,2025-05-31 11:01:00,36.9,reservee,terminee
session_5736,hub_marrakech,hub_marrakech_borne_4,2025-05-31 14:09:00,2025-05-31 15:03:00,6.4,reservee,terminee
session_5737,hub_marrakech,hub_marrakech_borne_5,2025-05-31 16:42:00,2025-05-31 18:02:00,31.5,reservee,terminee
session_5738,hub_marrakech,hub_marrakech_borne_3,2025-06-01 14:48:00,2025-06-01 15:36:00,13.2,walk_in,terminee
session_5739,hub_marrakech,hub_marrakech_borne_5,2025-06-01 13:46:00,2025-06-01 14:18:00,38.7,walk_in,terminee
session_5740,hub_marrakech,hub_marrakech_borne_2,2025-06-01 10:06:00,2025-06-01 11:26:00,29.5,reservee,terminee
session_5741,hub_marrakech,hub_marrakech_borne_1,2025-06-02 13:34:00,2025-06-02 14:22:00,33.9,walk_in,terminee
session_5742,hub_marrakech,hub_marrakech_borne_4,2025-06-03 18:04:00,2025-06-03 19:02:00,17.9,walk_in,terminee
session_5743,hub_marrakech,hub_marrakech_borne_5,2025-06-03 17:14:00,2025-06-03 18:25:00,15.9,reservee,terminee
session_5744,hub_marrakech,hub_marrakech_borne_3,2025-06-03 19:19:00,2025-06-03 19:57:00,5.8,reservee,terminee
session_5745,hub_marrakech,hub_marrakech_borne_5,2025-06-03 21:48:00,2025-06-03 22:20:00,16.5,reservee,terminee
session_5746,hub_marrakech,hub_marrakech_borne_1,2025-06-03 20:29:00,2025-06-03 21:41:00,31.7,walk_in,terminee
session_5747,hub_marrakech,hub_marrakech_borne_6,2025-06-03 18:05:00,2025-06-03 18:32:00,22.4,reservee,terminee
session_5748,hub_marrakech,hub_marrakech_borne_4,2025-06-03 20:57:00,2025-06-03 21:52:00,37.7,walk_in,terminee
session_5749,hub_marrakech,hub_marrakech_borne_2,2025-06-04 18:56:00,2025-06-04 19:27:00,5.7,walk_in,terminee
session_5750,hub_marrakech,hub_marrakech_borne_4,2025-06-04 17:19:00,2025-06-04 17:50:00,14.3,reservee,terminee
session_5751,hub_marrakech,hub_marrakech_borne_6,2025-06-04 17:05:00,2025-06-04 17:57:00,33.0,reservee,terminee
session_5752,hub_marrakech,hub_marrakech_borne_6,2025-06-05 18:24:00,2025-06-05 19:51:00,9.0,walk_in,terminee
session_5753,hub_marrakech,hub_marrakech_borne_5,2025-06-05 13:18:00,2025-06-05 13:42:00,34.2,walk_in,terminee
session_5754,hub_marrakech,hub_marrakech_borne_1,2025-06-05 15:49:00,2025-06-05 16:49:00,32.4,reservee,terminee
session_5755,hub_marrakech,hub_marrakech_borne_5,2025-06-06 22:11:00,2025-06-06 22:44:00,22.5,reservee,terminee
session_5756,hub_marrakech,hub_marrakech_borne_5,2025-06-06 16:28:00,2025-06-06 17:01:00,39.9,reservee,terminee
session_5757,hub_marrakech,hub_marrakech_borne_4,2025-06-06 18:12:00,2025-06-06 19:37:00,16.4,walk_in,terminee
session_5758,hub_marrakech,hub_marrakech_borne_6,2025-06-06 16:46:00,2025-06-06 17:57:00,38.3,reservee,terminee
session_5759,hub_marrakech,hub_marrakech_borne_1,2025-06-06 21:06:00,2025-06-06 21:51:00,19.1,walk_in,terminee
session_5760,hub_marrakech,hub_marrakech_borne_2,2025-06-07 18:40:00,2025-06-07 19:34:00,31.0,walk_in,terminee
session_5761,hub_marrakech,hub_marrakech_borne_5,2025-06-07 13:51:00,2025-06-07 14:29:00,38.9,reservee,terminee
session_5762,hub_marrakech,hub_marrakech_borne_6,2025-06-07 18:30:00,2025-06-07 18:54:00,30.7,walk_in,terminee
session_5763,hub_marrakech,hub_marrakech_borne_4,2025-06-07 08:40:00,2025-06-07 09:08:00,39.4,reservee,terminee
session_5764,hub_marrakech,hub_marrakech_borne_4,2025-06-07 14:48:00,2025-06-07 15:34:00,18.7,reservee,terminee
session_5765,hub_marrakech,hub_marrakech_borne_5,2025-06-07 11:14:00,2025-06-07 12:38:00,32.4,walk_in,terminee
session_5766,hub_marrakech,hub_marrakech_borne_3,2025-06-07 16:26:00,2025-06-07 17:49:00,16.3,reservee,terminee
session_5767,hub_marrakech,hub_marrakech_borne_6,2025-06-07 19:29:00,2025-06-07 20:51:00,12.3,walk_in,terminee
session_5768,hub_marrakech,hub_marrakech_borne_2,2025-06-08 12:11:00,2025-06-08 13:23:00,32.9,walk_in,terminee
session_5769,hub_marrakech,hub_marrakech_borne_1,2025-06-08 11:45:00,2025-06-08 12:12:00,36.3,reservee,terminee
session_5770,hub_marrakech,hub_marrakech_borne_5,2025-06-08 12:18:00,2025-06-08 13:12:00,22.4,reservee,terminee
session_5771,hub_marrakech,hub_marrakech_borne_6,2025-06-08 15:04:00,2025-06-08 16:28:00,19.8,reservee,terminee
session_5772,hub_marrakech,hub_marrakech_borne_4,2025-06-08 14:04:00,2025-06-08 15:13:00,36.9,reservee,terminee
session_5773,hub_marrakech,hub_marrakech_borne_5,2025-06-08 13:14:00,2025-06-08 14:39:00,9.1,reservee,terminee
session_5774,hub_marrakech,hub_marrakech_borne_6,2025-06-08 18:27:00,2025-06-08 18:47:00,25.4,walk_in,terminee
session_5775,hub_marrakech,hub_marrakech_borne_3,2025-06-08 16:10:00,2025-06-08 17:33:00,31.9,reservee,terminee
session_5776,hub_marrakech,hub_marrakech_borne_6,2025-06-09 17:20:00,2025-06-09 18:28:00,26.2,reservee,terminee
session_5777,hub_marrakech,hub_marrakech_borne_2,2025-06-09 20:41:00,2025-06-09 21:44:00,20.9,reservee,terminee
session_5778,hub_marrakech,hub_marrakech_borne_1,2025-06-09 15:48:00,2025-06-09 16:50:00,25.0,reservee,terminee
session_5779,hub_marrakech,hub_marrakech_borne_6,2025-06-09 21:28:00,2025-06-09 22:20:00,13.5,reservee,terminee
session_5780,hub_marrakech,hub_marrakech_borne_6,2025-06-10 14:32:00,2025-06-10 14:58:00,26.4,reservee,terminee
session_5781,hub_marrakech,hub_marrakech_borne_5,2025-06-10 21:58:00,2025-06-10 22:56:00,16.5,reservee,terminee
session_5782,hub_marrakech,hub_marrakech_borne_6,2025-06-10 16:15:00,2025-06-10 17:05:00,27.6,reservee,terminee
session_5783,hub_marrakech,hub_marrakech_borne_1,2025-06-10 18:12:00,2025-06-10 18:47:00,26.1,reservee,terminee
session_5784,hub_marrakech,hub_marrakech_borne_4,2025-06-10 17:28:00,2025-06-10 18:53:00,22.0,reservee,terminee
session_5785,hub_marrakech,hub_marrakech_borne_1,2025-06-11 15:34:00,2025-06-11 16:47:00,9.1,reservee,terminee
session_5786,hub_marrakech,hub_marrakech_borne_4,2025-06-11 16:40:00,2025-06-11 17:23:00,26.8,walk_in,terminee
session_5787,hub_marrakech,hub_marrakech_borne_1,2025-06-11 20:37:00,2025-06-11 21:21:00,30.2,walk_in,terminee
session_5788,hub_marrakech,hub_marrakech_borne_3,2025-06-12 18:33:00,2025-06-12 20:02:00,6.8,reservee,terminee
session_5789,hub_marrakech,hub_marrakech_borne_4,2025-06-12 21:56:00,2025-06-12 22:39:00,11.0,reservee,terminee
session_5790,hub_marrakech,hub_marrakech_borne_2,2025-06-12 15:35:00,2025-06-12 16:48:00,27.2,walk_in,terminee
session_5791,hub_marrakech,hub_marrakech_borne_6,2025-06-13 19:38:00,2025-06-13 20:03:00,32.6,reservee,terminee
session_5792,hub_marrakech,hub_marrakech_borne_4,2025-06-13 21:28:00,2025-06-13 22:44:00,15.0,reservee,terminee
session_5793,hub_marrakech,hub_marrakech_borne_3,2025-06-13 19:04:00,2025-06-13 19:56:00,7.9,reservee,terminee
session_5794,hub_marrakech,hub_marrakech_borne_5,2025-06-13 17:13:00,2025-06-13 18:34:00,39.2,walk_in,terminee
session_5795,hub_marrakech,hub_marrakech_borne_3,2025-06-13 10:28:00,2025-06-13 10:53:00,38.6,walk_in,terminee
session_5796,hub_marrakech,hub_marrakech_borne_2,2025-06-14 18:49:00,2025-06-14 19:35:00,26.4,reservee,terminee
session_5797,hub_marrakech,hub_marrakech_borne_1,2025-06-14 11:29:00,2025-06-14 11:55:00,29.0,reservee,terminee
session_5798,hub_marrakech,hub_marrakech_borne_5,2025-06-14 10:55:00,2025-06-14 12:06:00,30.4,reservee,terminee
session_5799,hub_marrakech,hub_marrakech_borne_6,2025-06-14 16:43:00,2025-06-14 17:53:00,29.2,reservee,terminee
session_5800,hub_marrakech,hub_marrakech_borne_1,2025-06-15 15:32:00,2025-06-15 16:27:00,8.0,walk_in,terminee
session_5801,hub_marrakech,hub_marrakech_borne_1,2025-06-16 20:05:00,2025-06-16 20:30:00,19.2,walk_in,terminee
session_5802,hub_marrakech,hub_marrakech_borne_2,2025-06-16 16:21:00,2025-06-16 17:22:00,30.4,walk_in,terminee
session_5803,hub_marrakech,hub_marrakech_borne_2,2025-06-17 22:09:00,2025-06-17 22:51:00,6.0,walk_in,terminee
session_5804,hub_marrakech,hub_marrakech_borne_6,2025-06-18 22:15:00,2025-06-18 23:02:00,13.7,walk_in,terminee
session_5805,hub_marrakech,hub_marrakech_borne_3,2025-06-18 19:52:00,2025-06-18 21:18:00,25.3,walk_in,terminee
session_5806,hub_marrakech,hub_marrakech_borne_6,2025-06-18 19:15:00,2025-06-18 20:03:00,26.8,walk_in,terminee
session_5807,hub_marrakech,hub_marrakech_borne_2,2025-06-18 19:49:00,2025-06-18 20:54:00,18.0,walk_in,terminee
session_5808,hub_marrakech,hub_marrakech_borne_6,2025-06-18 20:22:00,2025-06-18 21:30:00,20.0,reservee,terminee
session_5809,hub_marrakech,hub_marrakech_borne_3,2025-06-19 18:10:00,2025-06-19 18:34:00,36.8,reservee,terminee
session_5810,hub_marrakech,hub_marrakech_borne_1,2025-06-19 18:52:00,2025-06-19 20:01:00,13.5,reservee,terminee
session_5811,hub_marrakech,hub_marrakech_borne_6,2025-06-19 14:41:00,2025-06-19 15:58:00,20.6,walk_in,terminee
session_5812,hub_marrakech,hub_marrakech_borne_6,2025-06-19 21:18:00,2025-06-19 21:41:00,30.8,reservee,terminee
session_5813,hub_marrakech,hub_marrakech_borne_4,2025-06-19 18:37:00,2025-06-19 19:48:00,19.3,walk_in,terminee
session_5814,hub_marrakech,hub_marrakech_borne_1,2025-06-20 19:38:00,2025-06-20 19:58:00,17.9,walk_in,terminee
session_5815,hub_marrakech,hub_marrakech_borne_3,2025-06-20 16:01:00,2025-06-20 16:57:00,17.8,walk_in,terminee
session_5816,hub_marrakech,hub_marrakech_borne_1,2025-06-20 14:42:00,2025-06-20 15:43:00,14.6,walk_in,terminee
session_5817,hub_marrakech,hub_marrakech_borne_1,2025-06-20 15:21:00,2025-06-20 15:59:00,28.2,reservee,terminee
session_5818,hub_marrakech,hub_marrakech_borne_3,2025-06-20 14:27:00,2025-06-20 15:45:00,38.3,walk_in,terminee
session_5819,hub_marrakech,hub_marrakech_borne_1,2025-06-20 16:19:00,2025-06-20 16:52:00,28.2,reservee,terminee
session_5820,hub_marrakech,hub_marrakech_borne_6,2025-06-20 20:06:00,2025-06-20 21:07:00,17.8,reservee,terminee
session_5821,hub_marrakech,hub_marrakech_borne_2,2025-06-20 22:14:00,2025-06-20 22:47:00,21.9,walk_in,terminee
session_5822,hub_marrakech,hub_marrakech_borne_6,2025-06-20 17:26:00,2025-06-20 18:45:00,39.6,walk_in,terminee
session_5823,hub_marrakech,hub_marrakech_borne_2,2025-06-20 12:51:00,2025-06-20 14:00:00,9.0,reservee,terminee
session_5824,hub_marrakech,hub_marrakech_borne_6,2025-06-21 15:52:00,2025-06-21 16:25:00,14.7,reservee,terminee
session_5825,hub_marrakech,hub_marrakech_borne_3,2025-06-21 13:31:00,2025-06-21 14:24:00,9.4,walk_in,terminee
session_5826,hub_marrakech,hub_marrakech_borne_5,2025-06-21 10:41:00,2025-06-21 11:24:00,27.1,reservee,terminee
session_5827,hub_marrakech,hub_marrakech_borne_5,2025-06-21 14:27:00,2025-06-21 15:54:00,31.2,walk_in,terminee
session_5828,hub_marrakech,hub_marrakech_borne_6,2025-06-21 18:52:00,2025-06-21 19:19:00,9.5,walk_in,terminee
session_5829,hub_marrakech,hub_marrakech_borne_6,2025-06-21 08:33:00,2025-06-21 10:00:00,28.2,reservee,terminee
session_5830,hub_marrakech,hub_marrakech_borne_6,2025-06-21 12:31:00,2025-06-21 13:43:00,17.3,walk_in,terminee
session_5831,hub_marrakech,hub_marrakech_borne_1,2025-06-21 16:31:00,2025-06-21 17:35:00,6.9,reservee,terminee
session_5832,hub_marrakech,hub_marrakech_borne_1,2025-06-22 10:40:00,2025-06-22 11:02:00,27.8,reservee,terminee
session_5833,hub_marrakech,hub_marrakech_borne_4,2025-06-22 14:05:00,2025-06-22 15:17:00,38.7,walk_in,terminee
session_5834,hub_marrakech,hub_marrakech_borne_6,2025-06-22 12:31:00,2025-06-22 13:08:00,24.1,walk_in,terminee
session_5835,hub_marrakech,hub_marrakech_borne_2,2025-06-22 06:58:00,2025-06-22 08:25:00,13.7,walk_in,terminee
session_5836,hub_marrakech,hub_marrakech_borne_6,2025-06-22 10:15:00,2025-06-22 10:48:00,20.2,reservee,terminee
session_5837,hub_marrakech,hub_marrakech_borne_2,2025-06-23 10:06:00,2025-06-23 11:27:00,8.4,reservee,terminee
session_5838,hub_marrakech,hub_marrakech_borne_4,2025-06-23 22:18:00,2025-06-23 23:27:00,16.9,reservee,terminee
session_5839,hub_marrakech,hub_marrakech_borne_4,2025-06-24 18:42:00,2025-06-24 19:32:00,39.4,reservee,terminee
session_5840,hub_marrakech,hub_marrakech_borne_2,2025-06-24 17:54:00,2025-06-24 18:32:00,5.2,walk_in,terminee
session_5841,hub_marrakech,hub_marrakech_borne_6,2025-06-24 12:15:00,2025-06-24 13:42:00,10.9,walk_in,terminee
session_5842,hub_marrakech,hub_marrakech_borne_6,2025-06-24 15:29:00,2025-06-24 15:50:00,27.5,reservee,terminee
session_5843,hub_marrakech,hub_marrakech_borne_5,2025-06-25 17:54:00,2025-06-25 19:07:00,18.8,walk_in,terminee
session_5844,hub_marrakech,hub_marrakech_borne_2,2025-06-25 14:13:00,2025-06-25 14:44:00,35.0,reservee,terminee
session_5845,hub_marrakech,hub_marrakech_borne_3,2025-06-25 17:44:00,2025-06-25 18:14:00,9.3,reservee,terminee
session_5846,hub_marrakech,hub_marrakech_borne_4,2025-06-25 15:12:00,2025-06-25 15:47:00,22.8,reservee,terminee
session_5847,hub_marrakech,hub_marrakech_borne_1,2025-06-26 22:36:00,2025-06-26 23:07:00,31.9,reservee,terminee
session_5848,hub_marrakech,hub_marrakech_borne_4,2025-06-27 14:12:00,2025-06-27 15:03:00,23.7,reservee,terminee
session_5849,hub_marrakech,hub_marrakech_borne_6,2025-06-27 10:28:00,2025-06-27 11:16:00,37.2,walk_in,terminee
session_5850,hub_marrakech,hub_marrakech_borne_6,2025-06-27 17:01:00,2025-06-27 18:22:00,38.5,reservee,terminee
session_5851,hub_marrakech,hub_marrakech_borne_6,2025-06-28 18:38:00,2025-06-28 18:58:00,13.0,reservee,terminee
session_5852,hub_marrakech,hub_marrakech_borne_6,2025-06-28 13:01:00,2025-06-28 14:17:00,34.0,walk_in,terminee
session_5853,hub_marrakech,hub_marrakech_borne_3,2025-06-28 13:27:00,2025-06-28 14:03:00,35.5,walk_in,terminee
session_5854,hub_marrakech,hub_marrakech_borne_2,2025-06-28 09:32:00,2025-06-28 10:26:00,26.3,reservee,terminee
session_5855,hub_marrakech,hub_marrakech_borne_3,2025-06-29 13:21:00,2025-06-29 14:11:00,8.9,reservee,terminee
session_5856,hub_marrakech,hub_marrakech_borne_2,2025-06-29 13:46:00,2025-06-29 14:49:00,23.5,walk_in,terminee
session_5857,hub_marrakech,hub_marrakech_borne_3,2025-06-30 16:35:00,2025-06-30 17:50:00,36.6,reservee,terminee
session_5858,hub_marrakech,hub_marrakech_borne_6,2025-06-30 19:33:00,2025-06-30 20:28:00,21.4,reservee,terminee
session_5859,hub_marrakech,hub_marrakech_borne_2,2025-07-01 19:05:00,2025-07-01 19:26:00,39.2,reservee,terminee
session_5860,hub_marrakech,hub_marrakech_borne_6,2025-07-02 12:21:00,2025-07-02 12:55:00,34.0,reservee,terminee
session_5861,hub_marrakech,hub_marrakech_borne_1,2025-07-02 17:29:00,2025-07-02 18:35:00,39.9,reservee,terminee
session_5862,hub_marrakech,hub_marrakech_borne_2,2025-07-03 17:45:00,2025-07-03 18:19:00,26.4,walk_in,terminee
session_5863,hub_marrakech,hub_marrakech_borne_4,2025-07-03 18:14:00,2025-07-03 18:35:00,5.2,reservee,terminee
session_5864,hub_marrakech,hub_marrakech_borne_5,2025-07-03 17:36:00,2025-07-03 18:09:00,34.3,reservee,terminee
session_5865,hub_marrakech,hub_marrakech_borne_6,2025-07-03 22:07:00,2025-07-03 23:24:00,23.1,walk_in,terminee
session_5866,hub_marrakech,hub_marrakech_borne_3,2025-07-03 13:24:00,2025-07-03 13:51:00,29.1,reservee,terminee
session_5867,hub_marrakech,hub_marrakech_borne_2,2025-07-03 16:19:00,2025-07-03 17:31:00,21.9,reservee,terminee
session_5868,hub_marrakech,hub_marrakech_borne_5,2025-07-03 16:39:00,2025-07-03 17:45:00,25.5,walk_in,terminee
session_5869,hub_marrakech,hub_marrakech_borne_6,2025-07-03 20:10:00,2025-07-03 21:21:00,23.9,walk_in,terminee
session_5870,hub_marrakech,hub_marrakech_borne_6,2025-07-03 15:32:00,2025-07-03 16:44:00,16.7,reservee,terminee
session_5871,hub_marrakech,hub_marrakech_borne_1,2025-07-04 22:52:00,2025-07-04 23:34:00,5.6,walk_in,terminee
session_5872,hub_marrakech,hub_marrakech_borne_1,2025-07-04 22:32:00,2025-07-04 23:49:00,32.4,walk_in,terminee
session_5873,hub_marrakech,hub_marrakech_borne_3,2025-07-05 12:13:00,2025-07-05 12:39:00,24.1,reservee,terminee
session_5874,hub_marrakech,hub_marrakech_borne_2,2025-07-05 15:47:00,2025-07-05 16:53:00,11.6,walk_in,terminee
session_5875,hub_marrakech,hub_marrakech_borne_5,2025-07-05 18:13:00,2025-07-05 18:42:00,20.2,reservee,terminee
session_5876,hub_marrakech,hub_marrakech_borne_1,2025-07-05 17:29:00,2025-07-05 18:25:00,23.8,walk_in,terminee
session_5877,hub_marrakech,hub_marrakech_borne_2,2025-07-05 15:46:00,2025-07-05 16:30:00,31.4,walk_in,terminee
session_5878,hub_marrakech,hub_marrakech_borne_4,2025-07-05 14:39:00,2025-07-05 15:51:00,9.6,reservee,terminee
session_5879,hub_marrakech,hub_marrakech_borne_1,2025-07-06 12:15:00,2025-07-06 12:56:00,36.4,reservee,terminee
session_5880,hub_marrakech,hub_marrakech_borne_6,2025-07-06 18:00:00,2025-07-06 19:26:00,13.3,walk_in,terminee
session_5881,hub_marrakech,hub_marrakech_borne_1,2025-07-06 11:44:00,2025-07-06 12:19:00,33.0,walk_in,terminee
session_5882,hub_marrakech,hub_marrakech_borne_1,2025-07-06 20:42:00,2025-07-06 22:11:00,17.7,walk_in,terminee
session_5883,hub_marrakech,hub_marrakech_borne_4,2025-07-06 14:42:00,2025-07-06 15:28:00,23.8,walk_in,terminee
session_5884,hub_marrakech,hub_marrakech_borne_5,2025-07-06 12:32:00,2025-07-06 13:50:00,21.6,reservee,terminee
session_5885,hub_marrakech,hub_marrakech_borne_6,2025-07-06 12:09:00,2025-07-06 12:33:00,19.2,walk_in,terminee
session_5886,hub_marrakech,hub_marrakech_borne_5,2025-07-06 16:18:00,2025-07-06 17:34:00,8.9,walk_in,terminee
session_5887,hub_marrakech,hub_marrakech_borne_1,2025-07-07 21:22:00,2025-07-07 22:37:00,31.6,walk_in,terminee
session_5888,hub_marrakech,hub_marrakech_borne_2,2025-07-07 18:07:00,2025-07-07 18:51:00,8.7,walk_in,terminee
session_5889,hub_marrakech,hub_marrakech_borne_3,2025-07-07 22:25:00,2025-07-07 23:31:00,20.9,walk_in,terminee
session_5890,hub_marrakech,hub_marrakech_borne_2,2025-07-07 17:53:00,2025-07-07 18:37:00,21.5,walk_in,terminee
session_5891,hub_marrakech,hub_marrakech_borne_1,2025-07-07 21:15:00,2025-07-07 22:30:00,27.9,walk_in,terminee
session_5892,hub_marrakech,hub_marrakech_borne_4,2025-07-07 20:20:00,2025-07-07 21:22:00,32.3,walk_in,terminee
session_5893,hub_marrakech,hub_marrakech_borne_3,2025-07-07 17:04:00,2025-07-07 18:32:00,26.1,reservee,terminee
session_5894,hub_marrakech,hub_marrakech_borne_4,2025-07-08 20:14:00,2025-07-08 20:43:00,18.3,walk_in,terminee
session_5895,hub_marrakech,hub_marrakech_borne_5,2025-07-08 19:40:00,2025-07-08 20:19:00,35.3,walk_in,terminee
session_5896,hub_marrakech,hub_marrakech_borne_6,2025-07-08 16:31:00,2025-07-08 17:04:00,9.8,reservee,terminee
session_5897,hub_marrakech,hub_marrakech_borne_4,2025-07-08 18:11:00,2025-07-08 19:20:00,28.5,reservee,terminee
session_5898,hub_marrakech,hub_marrakech_borne_5,2025-07-08 20:55:00,2025-07-08 22:08:00,36.0,reservee,terminee
session_5899,hub_marrakech,hub_marrakech_borne_4,2025-07-08 15:58:00,2025-07-08 16:29:00,22.9,walk_in,terminee
session_5900,hub_marrakech,hub_marrakech_borne_3,2025-07-08 17:44:00,2025-07-08 19:01:00,12.0,reservee,terminee
session_5901,hub_marrakech,hub_marrakech_borne_4,2025-07-09 22:50:00,2025-07-10 00:16:00,38.5,walk_in,terminee
session_5902,hub_marrakech,hub_marrakech_borne_1,2025-07-09 17:04:00,2025-07-09 18:11:00,39.0,reservee,terminee
session_5903,hub_marrakech,hub_marrakech_borne_4,2025-07-10 19:56:00,2025-07-10 20:33:00,18.5,walk_in,terminee
session_5904,hub_marrakech,hub_marrakech_borne_3,2025-07-10 20:28:00,2025-07-10 21:07:00,10.7,walk_in,terminee
session_5905,hub_marrakech,hub_marrakech_borne_5,2025-07-10 17:58:00,2025-07-10 18:18:00,35.9,walk_in,terminee
session_5906,hub_marrakech,hub_marrakech_borne_1,2025-07-10 18:46:00,2025-07-10 19:49:00,35.8,reservee,terminee
session_5907,hub_marrakech,hub_marrakech_borne_6,2025-07-11 17:49:00,2025-07-11 18:36:00,21.3,walk_in,terminee
session_5908,hub_marrakech,hub_marrakech_borne_6,2025-07-11 19:01:00,2025-07-11 20:24:00,11.6,reservee,terminee
session_5909,hub_marrakech,hub_marrakech_borne_6,2025-07-11 18:05:00,2025-07-11 18:34:00,25.2,reservee,terminee
session_5910,hub_marrakech,hub_marrakech_borne_3,2025-07-11 20:52:00,2025-07-11 22:21:00,9.3,walk_in,terminee
session_5911,hub_marrakech,hub_marrakech_borne_6,2025-07-11 22:14:00,2025-07-11 23:07:00,5.3,reservee,terminee
session_5912,hub_marrakech,hub_marrakech_borne_1,2025-07-12 11:53:00,2025-07-12 12:44:00,32.3,reservee,terminee
session_5913,hub_marrakech,hub_marrakech_borne_4,2025-07-12 18:52:00,2025-07-12 19:23:00,17.2,walk_in,terminee
session_5914,hub_marrakech,hub_marrakech_borne_4,2025-07-12 13:58:00,2025-07-12 14:28:00,12.9,walk_in,terminee
session_5915,hub_marrakech,hub_marrakech_borne_3,2025-07-12 14:31:00,2025-07-12 15:17:00,36.1,walk_in,terminee
session_5916,hub_marrakech,hub_marrakech_borne_2,2025-07-13 14:20:00,2025-07-13 14:50:00,16.3,reservee,terminee
session_5917,hub_marrakech,hub_marrakech_borne_1,2025-07-13 16:15:00,2025-07-13 17:32:00,27.6,reservee,terminee
session_5918,hub_marrakech,hub_marrakech_borne_6,2025-07-13 14:10:00,2025-07-13 15:10:00,9.9,reservee,terminee
session_5919,hub_marrakech,hub_marrakech_borne_6,2025-07-14 18:34:00,2025-07-14 19:16:00,12.5,walk_in,terminee
session_5920,hub_marrakech,hub_marrakech_borne_4,2025-07-14 22:55:00,2025-07-15 00:09:00,25.9,reservee,terminee
session_5921,hub_marrakech,hub_marrakech_borne_5,2025-07-14 19:40:00,2025-07-14 20:40:00,27.3,reservee,terminee
session_5922,hub_marrakech,hub_marrakech_borne_3,2025-07-14 16:08:00,2025-07-14 17:09:00,36.4,reservee,terminee
session_5923,hub_marrakech,hub_marrakech_borne_6,2025-07-14 18:52:00,2025-07-14 20:02:00,29.8,walk_in,terminee
session_5924,hub_marrakech,hub_marrakech_borne_2,2025-07-15 22:49:00,2025-07-15 23:36:00,23.5,walk_in,terminee
session_5925,hub_marrakech,hub_marrakech_borne_6,2025-07-15 13:17:00,2025-07-15 13:59:00,37.1,reservee,terminee
session_5926,hub_marrakech,hub_marrakech_borne_3,2025-07-15 14:49:00,2025-07-15 15:55:00,24.2,walk_in,terminee
session_5927,hub_marrakech,hub_marrakech_borne_2,2025-07-15 16:54:00,2025-07-15 17:58:00,30.5,walk_in,terminee
session_5928,hub_marrakech,hub_marrakech_borne_5,2025-07-15 09:10:00,2025-07-15 10:23:00,18.7,reservee,terminee
session_5929,hub_marrakech,hub_marrakech_borne_5,2025-07-16 11:39:00,2025-07-16 13:06:00,6.5,reservee,terminee
session_5930,hub_marrakech,hub_marrakech_borne_2,2025-07-16 19:16:00,2025-07-16 19:49:00,10.4,reservee,terminee
session_5931,hub_marrakech,hub_marrakech_borne_5,2025-07-17 18:44:00,2025-07-17 19:12:00,20.4,walk_in,terminee
session_5932,hub_marrakech,hub_marrakech_borne_4,2025-07-17 14:30:00,2025-07-17 15:07:00,7.6,reservee,terminee
session_5933,hub_marrakech,hub_marrakech_borne_2,2025-07-17 20:57:00,2025-07-17 21:48:00,35.9,walk_in,terminee
session_5934,hub_marrakech,hub_marrakech_borne_3,2025-07-17 16:52:00,2025-07-17 17:14:00,22.1,reservee,terminee
session_5935,hub_marrakech,hub_marrakech_borne_4,2025-07-17 18:49:00,2025-07-17 19:52:00,19.2,reservee,terminee
session_5936,hub_marrakech,hub_marrakech_borne_4,2025-07-17 17:54:00,2025-07-17 18:31:00,12.1,reservee,terminee
session_5937,hub_marrakech,hub_marrakech_borne_2,2025-07-17 19:53:00,2025-07-17 20:35:00,19.7,walk_in,terminee
session_5938,hub_marrakech,hub_marrakech_borne_1,2025-07-17 17:56:00,2025-07-17 19:11:00,16.8,walk_in,terminee
session_5939,hub_marrakech,hub_marrakech_borne_1,2025-07-17 19:07:00,2025-07-17 19:34:00,5.3,walk_in,terminee
session_5940,hub_marrakech,hub_marrakech_borne_4,2025-07-18 16:49:00,2025-07-18 17:18:00,35.0,walk_in,terminee
session_5941,hub_marrakech,hub_marrakech_borne_2,2025-07-18 22:08:00,2025-07-18 23:06:00,17.4,reservee,terminee
session_5942,hub_marrakech,hub_marrakech_borne_6,2025-07-18 22:04:00,2025-07-18 22:45:00,11.4,walk_in,terminee
session_5943,hub_marrakech,hub_marrakech_borne_6,2025-07-18 22:29:00,2025-07-18 23:41:00,10.5,reservee,terminee
session_5944,hub_marrakech,hub_marrakech_borne_4,2025-07-19 12:02:00,2025-07-19 12:43:00,22.2,reservee,terminee
session_5945,hub_marrakech,hub_marrakech_borne_1,2025-07-19 19:06:00,2025-07-19 20:24:00,14.5,reservee,terminee
session_5946,hub_marrakech,hub_marrakech_borne_4,2025-07-19 12:20:00,2025-07-19 13:15:00,33.2,reservee,terminee
session_5947,hub_marrakech,hub_marrakech_borne_1,2025-07-19 18:35:00,2025-07-19 19:24:00,30.4,reservee,terminee
session_5948,hub_marrakech,hub_marrakech_borne_3,2025-07-19 16:36:00,2025-07-19 17:30:00,32.0,reservee,terminee
session_5949,hub_marrakech,hub_marrakech_borne_3,2025-07-20 11:27:00,2025-07-20 12:52:00,11.2,reservee,terminee
session_5950,hub_marrakech,hub_marrakech_borne_4,2025-07-20 13:29:00,2025-07-20 13:57:00,10.6,reservee,terminee
session_5951,hub_marrakech,hub_marrakech_borne_1,2025-07-20 16:12:00,2025-07-20 16:50:00,14.9,reservee,terminee
session_5952,hub_marrakech,hub_marrakech_borne_6,2025-07-21 22:55:00,2025-07-21 23:24:00,35.8,walk_in,terminee
session_5953,hub_marrakech,hub_marrakech_borne_4,2025-07-21 19:15:00,2025-07-21 20:33:00,34.2,reservee,terminee
session_5954,hub_marrakech,hub_marrakech_borne_1,2025-07-21 19:03:00,2025-07-21 19:35:00,22.8,walk_in,terminee
session_5955,hub_marrakech,hub_marrakech_borne_3,2025-07-22 18:29:00,2025-07-22 19:18:00,20.0,reservee,terminee
session_5956,hub_marrakech,hub_marrakech_borne_5,2025-07-22 12:28:00,2025-07-22 13:47:00,25.2,walk_in,terminee
session_5957,hub_marrakech,hub_marrakech_borne_6,2025-07-22 17:16:00,2025-07-22 17:51:00,36.0,walk_in,terminee
session_5958,hub_marrakech,hub_marrakech_borne_6,2025-07-22 16:13:00,2025-07-22 16:59:00,24.3,reservee,terminee
session_5959,hub_marrakech,hub_marrakech_borne_6,2025-07-22 17:50:00,2025-07-22 18:32:00,28.8,reservee,terminee
session_5960,hub_marrakech,hub_marrakech_borne_1,2025-07-22 19:31:00,2025-07-22 20:41:00,19.1,reservee,terminee
session_5961,hub_marrakech,hub_marrakech_borne_6,2025-07-22 13:42:00,2025-07-22 14:27:00,27.6,reservee,terminee
session_5962,hub_marrakech,hub_marrakech_borne_5,2025-07-22 21:03:00,2025-07-22 21:58:00,30.6,walk_in,terminee
session_5963,hub_marrakech,hub_marrakech_borne_6,2025-07-23 19:56:00,2025-07-23 20:24:00,15.9,reservee,terminee
session_5964,hub_marrakech,hub_marrakech_borne_3,2025-07-23 22:21:00,2025-07-23 23:14:00,33.1,reservee,terminee
session_5965,hub_marrakech,hub_marrakech_borne_2,2025-07-23 17:46:00,2025-07-23 18:46:00,16.0,walk_in,terminee
session_5966,hub_marrakech,hub_marrakech_borne_3,2025-07-23 20:08:00,2025-07-23 21:30:00,10.2,reservee,terminee
session_5967,hub_marrakech,hub_marrakech_borne_4,2025-07-23 19:33:00,2025-07-23 20:38:00,17.2,walk_in,terminee
session_5968,hub_marrakech,hub_marrakech_borne_1,2025-07-24 18:32:00,2025-07-24 19:04:00,19.5,reservee,terminee
session_5969,hub_marrakech,hub_marrakech_borne_2,2025-07-24 15:47:00,2025-07-24 16:29:00,29.7,reservee,terminee
session_5970,hub_marrakech,hub_marrakech_borne_2,2025-07-25 22:40:00,2025-07-25 23:28:00,39.9,reservee,terminee
session_5971,hub_marrakech,hub_marrakech_borne_6,2025-07-25 17:15:00,2025-07-25 18:13:00,6.9,walk_in,terminee
session_5972,hub_marrakech,hub_marrakech_borne_3,2025-07-25 21:54:00,2025-07-25 22:16:00,38.9,reservee,terminee
session_5973,hub_marrakech,hub_marrakech_borne_4,2025-07-26 16:15:00,2025-07-26 17:27:00,32.9,walk_in,terminee
session_5974,hub_marrakech,hub_marrakech_borne_1,2025-07-26 12:17:00,2025-07-26 13:24:00,34.5,walk_in,terminee
session_5975,hub_marrakech,hub_marrakech_borne_3,2025-07-26 17:45:00,2025-07-26 18:49:00,37.4,walk_in,terminee
session_5976,hub_marrakech,hub_marrakech_borne_4,2025-07-26 15:18:00,2025-07-26 16:33:00,32.3,walk_in,terminee
session_5977,hub_marrakech,hub_marrakech_borne_4,2025-07-26 18:50:00,2025-07-26 19:21:00,32.0,walk_in,terminee
session_5978,hub_marrakech,hub_marrakech_borne_1,2025-07-26 13:38:00,2025-07-26 14:55:00,8.6,walk_in,terminee
session_5979,hub_marrakech,hub_marrakech_borne_5,2025-07-26 11:39:00,2025-07-26 12:29:00,27.2,reservee,terminee
session_5980,hub_marrakech,hub_marrakech_borne_5,2025-07-26 16:19:00,2025-07-26 16:48:00,30.4,reservee,terminee
session_5981,hub_marrakech,hub_marrakech_borne_6,2025-07-26 09:03:00,2025-07-26 09:48:00,19.2,walk_in,terminee
session_5982,hub_marrakech,hub_marrakech_borne_1,2025-07-26 12:23:00,2025-07-26 13:46:00,20.7,reservee,terminee
session_5983,hub_marrakech,hub_marrakech_borne_4,2025-07-26 16:15:00,2025-07-26 16:51:00,32.9,walk_in,terminee
session_5984,hub_marrakech,hub_marrakech_borne_1,2025-07-26 06:05:00,2025-07-26 07:19:00,8.9,reservee,terminee
session_5985,hub_marrakech,hub_marrakech_borne_3,2025-07-26 14:14:00,2025-07-26 14:41:00,32.6,walk_in,terminee
session_5986,hub_marrakech,hub_marrakech_borne_6,2025-07-27 14:39:00,2025-07-27 15:54:00,17.4,walk_in,terminee
session_5987,hub_marrakech,hub_marrakech_borne_3,2025-07-27 13:26:00,2025-07-27 14:38:00,12.0,reservee,terminee
session_5988,hub_marrakech,hub_marrakech_borne_4,2025-07-27 13:56:00,2025-07-27 15:00:00,32.4,walk_in,terminee
session_5989,hub_marrakech,hub_marrakech_borne_4,2025-07-27 15:45:00,2025-07-27 16:10:00,33.8,reservee,terminee
session_5990,hub_marrakech,hub_marrakech_borne_1,2025-07-28 22:05:00,2025-07-28 23:27:00,38.9,walk_in,terminee
session_5991,hub_marrakech,hub_marrakech_borne_4,2025-07-28 20:33:00,2025-07-28 20:55:00,26.7,reservee,terminee
session_5992,hub_marrakech,hub_marrakech_borne_3,2025-07-29 17:31:00,2025-07-29 18:54:00,10.7,reservee,terminee
session_5993,hub_marrakech,hub_marrakech_borne_6,2025-07-29 15:34:00,2025-07-29 16:36:00,33.7,walk_in,terminee
session_5994,hub_marrakech,hub_marrakech_borne_1,2025-07-29 19:48:00,2025-07-29 20:53:00,17.1,walk_in,terminee
session_5995,hub_marrakech,hub_marrakech_borne_1,2025-07-30 14:34:00,2025-07-30 15:04:00,36.7,reservee,terminee
session_5996,hub_marrakech,hub_marrakech_borne_2,2025-07-30 15:40:00,2025-07-30 16:05:00,29.6,reservee,terminee
session_5997,hub_marrakech,hub_marrakech_borne_1,2025-07-31 19:08:00,2025-07-31 20:01:00,22.6,walk_in,terminee
session_5998,hub_marrakech,hub_marrakech_borne_5,2025-07-31 18:28:00,2025-07-31 18:49:00,22.9,reservee,terminee
session_5999,hub_marrakech,hub_marrakech_borne_1,2025-08-01 19:52:00,2025-08-01 20:34:00,22.3,reservee,terminee
session_6000,hub_marrakech,hub_marrakech_borne_3,2025-08-01 21:08:00,2025-08-01 21:48:00,29.3,reservee,terminee
session_6001,hub_marrakech,hub_marrakech_borne_2,2025-08-01 12:22:00,2025-08-01 13:29:00,39.4,walk_in,terminee
session_6002,hub_marrakech,hub_marrakech_borne_4,2025-08-01 19:33:00,2025-08-01 20:27:00,11.0,reservee,terminee
session_6003,hub_marrakech,hub_marrakech_borne_4,2025-08-01 15:58:00,2025-08-01 17:00:00,38.1,reservee,terminee
session_6004,hub_marrakech,hub_marrakech_borne_1,2025-08-01 13:19:00,2025-08-01 14:16:00,7.5,walk_in,terminee
session_6005,hub_marrakech,hub_marrakech_borne_4,2025-08-03 11:15:00,2025-08-03 11:55:00,6.6,reservee,terminee
session_6006,hub_marrakech,hub_marrakech_borne_1,2025-08-03 11:44:00,2025-08-03 12:23:00,23.7,reservee,terminee
session_6007,hub_marrakech,hub_marrakech_borne_1,2025-08-03 16:24:00,2025-08-03 17:29:00,10.9,reservee,terminee
session_6008,hub_marrakech,hub_marrakech_borne_1,2025-08-03 12:23:00,2025-08-03 13:26:00,22.1,reservee,terminee
session_6009,hub_marrakech,hub_marrakech_borne_4,2025-08-03 16:15:00,2025-08-03 17:22:00,27.5,reservee,terminee
session_6010,hub_marrakech,hub_marrakech_borne_3,2025-08-04 16:46:00,2025-08-04 17:36:00,8.8,reservee,terminee
session_6011,hub_marrakech,hub_marrakech_borne_1,2025-08-04 18:43:00,2025-08-04 19:48:00,15.1,reservee,terminee
session_6012,hub_marrakech,hub_marrakech_borne_4,2025-08-04 16:45:00,2025-08-04 17:53:00,13.6,walk_in,terminee
session_6013,hub_marrakech,hub_marrakech_borne_4,2025-08-04 22:33:00,2025-08-04 23:17:00,32.7,reservee,terminee
session_6014,hub_marrakech,hub_marrakech_borne_2,2025-08-04 15:46:00,2025-08-04 16:56:00,14.4,reservee,terminee
session_6015,hub_marrakech,hub_marrakech_borne_1,2025-08-05 15:41:00,2025-08-05 17:00:00,19.6,walk_in,terminee
session_6016,hub_marrakech,hub_marrakech_borne_3,2025-08-05 11:32:00,2025-08-05 12:56:00,18.0,walk_in,terminee
session_6017,hub_marrakech,hub_marrakech_borne_5,2025-08-06 17:46:00,2025-08-06 18:52:00,21.8,walk_in,terminee
session_6018,hub_marrakech,hub_marrakech_borne_4,2025-08-06 16:48:00,2025-08-06 17:43:00,14.0,walk_in,terminee
session_6019,hub_marrakech,hub_marrakech_borne_4,2025-08-06 19:42:00,2025-08-06 20:34:00,27.2,reservee,terminee
session_6020,hub_marrakech,hub_marrakech_borne_5,2025-08-06 22:43:00,2025-08-06 23:35:00,27.4,reservee,terminee
session_6021,hub_marrakech,hub_marrakech_borne_2,2025-08-07 19:48:00,2025-08-07 20:30:00,31.2,walk_in,terminee
session_6022,hub_marrakech,hub_marrakech_borne_3,2025-08-09 11:37:00,2025-08-09 13:03:00,37.7,walk_in,terminee
session_6023,hub_marrakech,hub_marrakech_borne_2,2025-08-09 09:58:00,2025-08-09 10:43:00,8.0,walk_in,terminee
session_6024,hub_marrakech,hub_marrakech_borne_4,2025-08-09 10:36:00,2025-08-09 11:53:00,17.0,reservee,terminee
session_6025,hub_marrakech,hub_marrakech_borne_2,2025-08-09 13:29:00,2025-08-09 14:01:00,18.1,walk_in,terminee
session_6026,hub_marrakech,hub_marrakech_borne_6,2025-08-09 13:42:00,2025-08-09 14:58:00,12.0,reservee,terminee
session_6027,hub_marrakech,hub_marrakech_borne_1,2025-08-10 13:04:00,2025-08-10 14:06:00,20.8,walk_in,terminee
session_6028,hub_marrakech,hub_marrakech_borne_4,2025-08-10 12:21:00,2025-08-10 13:40:00,35.3,walk_in,terminee
session_6029,hub_marrakech,hub_marrakech_borne_1,2025-08-10 13:58:00,2025-08-10 15:15:00,34.8,reservee,terminee
session_6030,hub_marrakech,hub_marrakech_borne_5,2025-08-10 17:29:00,2025-08-10 18:38:00,19.4,reservee,terminee
session_6031,hub_marrakech,hub_marrakech_borne_1,2025-08-10 14:17:00,2025-08-10 15:20:00,8.8,reservee,terminee
session_6032,hub_marrakech,hub_marrakech_borne_4,2025-08-11 22:57:00,2025-08-11 23:28:00,14.6,walk_in,terminee
session_6033,hub_marrakech,hub_marrakech_borne_4,2025-08-11 13:42:00,2025-08-11 14:09:00,29.7,reservee,terminee
session_6034,hub_marrakech,hub_marrakech_borne_3,2025-08-11 17:18:00,2025-08-11 18:15:00,10.7,reservee,terminee
session_6035,hub_marrakech,hub_marrakech_borne_3,2025-08-11 16:24:00,2025-08-11 17:51:00,30.9,reservee,terminee
session_6036,hub_marrakech,hub_marrakech_borne_5,2025-08-11 19:27:00,2025-08-11 20:07:00,37.7,reservee,terminee
session_6037,hub_marrakech,hub_marrakech_borne_6,2025-08-11 18:41:00,2025-08-11 19:26:00,35.8,reservee,terminee
session_6038,hub_marrakech,hub_marrakech_borne_5,2025-08-11 20:16:00,2025-08-11 20:41:00,35.4,reservee,terminee
session_6039,hub_marrakech,hub_marrakech_borne_2,2025-08-11 15:18:00,2025-08-11 16:07:00,20.1,reservee,terminee
session_6040,hub_marrakech,hub_marrakech_borne_6,2025-08-12 16:32:00,2025-08-12 17:34:00,14.2,walk_in,terminee
session_6041,hub_marrakech,hub_marrakech_borne_5,2025-08-12 22:49:00,2025-08-12 23:11:00,29.3,reservee,terminee
session_6042,hub_marrakech,hub_marrakech_borne_4,2025-08-12 22:42:00,2025-08-12 23:27:00,30.6,reservee,terminee
session_6043,hub_marrakech,hub_marrakech_borne_6,2025-08-13 16:49:00,2025-08-13 17:50:00,22.0,reservee,terminee
session_6044,hub_marrakech,hub_marrakech_borne_2,2025-08-13 16:37:00,2025-08-13 17:19:00,22.1,reservee,terminee
session_6045,hub_marrakech,hub_marrakech_borne_2,2025-08-13 12:43:00,2025-08-13 13:47:00,25.7,reservee,terminee
session_6046,hub_marrakech,hub_marrakech_borne_3,2025-08-14 15:07:00,2025-08-14 16:25:00,26.8,walk_in,terminee
session_6047,hub_marrakech,hub_marrakech_borne_2,2025-08-14 14:50:00,2025-08-14 15:48:00,27.6,reservee,terminee
session_6048,hub_marrakech,hub_marrakech_borne_5,2025-08-14 13:14:00,2025-08-14 13:41:00,17.2,reservee,terminee
session_6049,hub_marrakech,hub_marrakech_borne_4,2025-08-14 19:32:00,2025-08-14 20:56:00,23.1,walk_in,terminee
session_6050,hub_marrakech,hub_marrakech_borne_4,2025-08-14 20:18:00,2025-08-14 21:07:00,9.2,walk_in,terminee
session_6051,hub_marrakech,hub_marrakech_borne_5,2025-08-14 19:32:00,2025-08-14 20:56:00,28.9,reservee,terminee
session_6052,hub_marrakech,hub_marrakech_borne_4,2025-08-15 19:01:00,2025-08-15 19:42:00,19.5,reservee,terminee
session_6053,hub_marrakech,hub_marrakech_borne_5,2025-08-15 18:00:00,2025-08-15 19:24:00,30.7,walk_in,terminee
session_6054,hub_marrakech,hub_marrakech_borne_5,2025-08-15 20:03:00,2025-08-15 21:27:00,20.0,reservee,terminee
session_6055,hub_marrakech,hub_marrakech_borne_5,2025-08-15 18:12:00,2025-08-15 18:53:00,34.9,reservee,terminee
session_6056,hub_marrakech,hub_marrakech_borne_3,2025-08-15 13:52:00,2025-08-15 15:14:00,12.4,walk_in,terminee
session_6057,hub_marrakech,hub_marrakech_borne_4,2025-08-16 15:36:00,2025-08-16 16:13:00,19.7,reservee,terminee
session_6058,hub_marrakech,hub_marrakech_borne_5,2025-08-16 09:06:00,2025-08-16 09:57:00,15.3,reservee,terminee
session_6059,hub_marrakech,hub_marrakech_borne_3,2025-08-16 10:01:00,2025-08-16 10:35:00,28.1,reservee,terminee
session_6060,hub_marrakech,hub_marrakech_borne_1,2025-08-16 12:29:00,2025-08-16 12:59:00,5.1,reservee,terminee
session_6061,hub_marrakech,hub_marrakech_borne_6,2025-08-16 12:07:00,2025-08-16 13:33:00,24.0,walk_in,terminee
session_6062,hub_marrakech,hub_marrakech_borne_6,2025-08-17 07:46:00,2025-08-17 08:50:00,25.7,walk_in,terminee
session_6063,hub_marrakech,hub_marrakech_borne_1,2025-08-17 13:43:00,2025-08-17 14:15:00,5.7,reservee,terminee
session_6064,hub_marrakech,hub_marrakech_borne_2,2025-08-17 15:41:00,2025-08-17 16:40:00,37.2,walk_in,terminee
session_6065,hub_marrakech,hub_marrakech_borne_5,2025-08-17 16:53:00,2025-08-17 18:09:00,9.1,reservee,terminee
session_6066,hub_marrakech,hub_marrakech_borne_3,2025-08-17 18:52:00,2025-08-17 19:48:00,35.7,reservee,terminee
session_6067,hub_marrakech,hub_marrakech_borne_5,2025-08-18 20:21:00,2025-08-18 21:39:00,27.1,walk_in,terminee
session_6068,hub_marrakech,hub_marrakech_borne_4,2025-08-18 17:31:00,2025-08-18 18:30:00,29.1,reservee,terminee
session_6069,hub_marrakech,hub_marrakech_borne_1,2025-08-18 17:20:00,2025-08-18 17:40:00,27.5,walk_in,terminee
session_6070,hub_marrakech,hub_marrakech_borne_5,2025-08-18 20:27:00,2025-08-18 21:55:00,25.2,reservee,terminee
session_6071,hub_marrakech,hub_marrakech_borne_4,2025-08-19 18:07:00,2025-08-19 18:33:00,5.8,walk_in,terminee
session_6072,hub_marrakech,hub_marrakech_borne_1,2025-08-19 19:28:00,2025-08-19 20:51:00,36.9,walk_in,terminee
session_6073,hub_marrakech,hub_marrakech_borne_5,2025-08-19 18:27:00,2025-08-19 19:44:00,9.2,reservee,terminee
session_6074,hub_marrakech,hub_marrakech_borne_6,2025-08-19 19:22:00,2025-08-19 19:55:00,7.9,walk_in,terminee
session_6075,hub_marrakech,hub_marrakech_borne_6,2025-08-20 17:38:00,2025-08-20 18:38:00,22.9,reservee,terminee
session_6076,hub_marrakech,hub_marrakech_borne_3,2025-08-20 17:48:00,2025-08-20 18:12:00,34.4,walk_in,terminee
session_6077,hub_marrakech,hub_marrakech_borne_2,2025-08-20 19:48:00,2025-08-20 21:16:00,6.9,reservee,terminee
session_6078,hub_marrakech,hub_marrakech_borne_6,2025-08-21 16:14:00,2025-08-21 17:41:00,14.0,walk_in,terminee
session_6079,hub_marrakech,hub_marrakech_borne_2,2025-08-21 18:55:00,2025-08-21 19:40:00,35.5,reservee,terminee
session_6080,hub_marrakech,hub_marrakech_borne_1,2025-08-21 19:44:00,2025-08-21 20:50:00,17.5,reservee,terminee
session_6081,hub_marrakech,hub_marrakech_borne_6,2025-08-21 15:36:00,2025-08-21 16:43:00,21.8,reservee,terminee
session_6082,hub_marrakech,hub_marrakech_borne_3,2025-08-21 19:55:00,2025-08-21 20:40:00,21.9,reservee,terminee
session_6083,hub_marrakech,hub_marrakech_borne_3,2025-08-22 10:56:00,2025-08-22 12:25:00,9.5,reservee,terminee
session_6084,hub_marrakech,hub_marrakech_borne_6,2025-08-22 17:03:00,2025-08-22 18:23:00,34.3,walk_in,terminee
session_6085,hub_marrakech,hub_marrakech_borne_4,2025-08-22 18:37:00,2025-08-22 19:47:00,18.9,walk_in,terminee
session_6086,hub_marrakech,hub_marrakech_borne_2,2025-08-22 20:50:00,2025-08-22 21:33:00,7.0,walk_in,terminee
session_6087,hub_marrakech,hub_marrakech_borne_1,2025-08-23 13:15:00,2025-08-23 14:11:00,26.0,reservee,terminee
session_6088,hub_marrakech,hub_marrakech_borne_6,2025-08-23 16:07:00,2025-08-23 17:24:00,26.5,reservee,terminee
session_6089,hub_marrakech,hub_marrakech_borne_1,2025-08-23 11:44:00,2025-08-23 12:18:00,26.3,reservee,terminee
session_6090,hub_marrakech,hub_marrakech_borne_1,2025-08-23 15:15:00,2025-08-23 16:26:00,27.8,reservee,terminee
session_6091,hub_marrakech,hub_marrakech_borne_6,2025-08-24 10:13:00,2025-08-24 11:33:00,5.3,reservee,terminee
session_6092,hub_marrakech,hub_marrakech_borne_1,2025-08-24 15:51:00,2025-08-24 16:55:00,8.8,reservee,terminee
session_6093,hub_marrakech,hub_marrakech_borne_5,2025-08-24 15:36:00,2025-08-24 16:37:00,9.0,walk_in,terminee
session_6094,hub_marrakech,hub_marrakech_borne_4,2025-08-24 11:32:00,2025-08-24 12:14:00,9.2,walk_in,terminee
session_6095,hub_marrakech,hub_marrakech_borne_3,2025-08-24 15:20:00,2025-08-24 16:17:00,24.9,reservee,terminee
session_6096,hub_marrakech,hub_marrakech_borne_5,2025-08-24 13:42:00,2025-08-24 15:04:00,6.1,reservee,terminee
session_6097,hub_marrakech,hub_marrakech_borne_3,2025-08-24 16:18:00,2025-08-24 17:09:00,15.9,reservee,terminee
session_6098,hub_marrakech,hub_marrakech_borne_5,2025-08-24 13:20:00,2025-08-24 13:58:00,24.1,reservee,terminee
session_6099,hub_marrakech,hub_marrakech_borne_4,2025-08-25 19:46:00,2025-08-25 20:46:00,7.2,walk_in,terminee
session_6100,hub_marrakech,hub_marrakech_borne_4,2025-08-25 21:45:00,2025-08-25 22:46:00,18.1,reservee,terminee
session_6101,hub_marrakech,hub_marrakech_borne_6,2025-08-25 10:28:00,2025-08-25 11:37:00,21.6,reservee,terminee
session_6102,hub_marrakech,hub_marrakech_borne_5,2025-08-26 16:38:00,2025-08-26 17:05:00,26.2,reservee,terminee
session_6103,hub_marrakech,hub_marrakech_borne_3,2025-08-26 13:08:00,2025-08-26 13:34:00,21.5,walk_in,terminee
session_6104,hub_marrakech,hub_marrakech_borne_2,2025-08-26 12:47:00,2025-08-26 13:45:00,25.9,reservee,terminee
session_6105,hub_marrakech,hub_marrakech_borne_1,2025-08-26 15:57:00,2025-08-26 16:23:00,10.3,reservee,terminee
session_6106,hub_marrakech,hub_marrakech_borne_5,2025-08-27 20:38:00,2025-08-27 21:57:00,28.6,walk_in,terminee
session_6107,hub_marrakech,hub_marrakech_borne_3,2025-08-27 18:48:00,2025-08-27 19:12:00,28.0,reservee,terminee
session_6108,hub_marrakech,hub_marrakech_borne_5,2025-08-27 16:10:00,2025-08-27 17:25:00,34.3,reservee,terminee
session_6109,hub_marrakech,hub_marrakech_borne_4,2025-08-27 16:11:00,2025-08-27 16:39:00,33.1,reservee,terminee
session_6110,hub_marrakech,hub_marrakech_borne_4,2025-08-27 17:04:00,2025-08-27 18:06:00,18.0,walk_in,terminee
session_6111,hub_marrakech,hub_marrakech_borne_2,2025-08-27 22:36:00,2025-08-27 23:45:00,26.4,walk_in,terminee
session_6112,hub_marrakech,hub_marrakech_borne_2,2025-08-27 17:32:00,2025-08-27 18:47:00,9.3,reservee,terminee
session_6113,hub_marrakech,hub_marrakech_borne_6,2025-08-27 18:23:00,2025-08-27 18:51:00,7.8,reservee,terminee
session_6114,hub_marrakech,hub_marrakech_borne_1,2025-08-28 20:19:00,2025-08-28 21:36:00,37.5,reservee,terminee
session_6115,hub_marrakech,hub_marrakech_borne_2,2025-08-28 17:18:00,2025-08-28 18:04:00,5.1,walk_in,terminee
session_6116,hub_marrakech,hub_marrakech_borne_1,2025-08-28 21:42:00,2025-08-28 22:55:00,11.4,walk_in,terminee
session_6117,hub_marrakech,hub_marrakech_borne_6,2025-08-29 22:02:00,2025-08-29 23:09:00,34.8,reservee,terminee
session_6118,hub_marrakech,hub_marrakech_borne_2,2025-08-29 22:23:00,2025-08-29 23:40:00,6.5,walk_in,terminee
session_6119,hub_marrakech,hub_marrakech_borne_1,2025-08-30 13:32:00,2025-08-30 14:33:00,9.8,reservee,terminee
session_6120,hub_marrakech,hub_marrakech_borne_4,2025-08-30 10:54:00,2025-08-30 12:10:00,11.3,reservee,terminee
session_6121,hub_marrakech,hub_marrakech_borne_3,2025-08-30 14:55:00,2025-08-30 15:56:00,16.1,walk_in,terminee
session_6122,hub_marrakech,hub_marrakech_borne_1,2025-08-30 12:13:00,2025-08-30 12:57:00,8.0,walk_in,terminee
session_6123,hub_marrakech,hub_marrakech_borne_4,2025-08-31 15:07:00,2025-08-31 15:30:00,39.4,walk_in,terminee
session_6124,hub_marrakech,hub_marrakech_borne_4,2025-08-31 13:52:00,2025-08-31 14:44:00,8.4,reservee,terminee
session_6125,hub_marrakech,hub_marrakech_borne_5,2025-08-31 09:01:00,2025-08-31 10:28:00,30.1,walk_in,terminee
session_6126,hub_marrakech,hub_marrakech_borne_4,2025-08-31 14:34:00,2025-08-31 15:41:00,25.9,reservee,terminee
session_6127,hub_marrakech,hub_marrakech_borne_2,2025-08-31 15:17:00,2025-08-31 16:04:00,24.3,walk_in,terminee
session_6128,hub_marrakech,hub_marrakech_borne_2,2025-08-31 16:57:00,2025-08-31 18:24:00,11.9,walk_in,terminee
session_6129,hub_marrakech,hub_marrakech_borne_1,2025-08-31 12:00:00,2025-08-31 13:12:00,11.3,walk_in,terminee
session_6130,hub_marrakech,hub_marrakech_borne_1,2025-08-31 18:48:00,2025-08-31 19:10:00,31.5,reservee,terminee
session_6131,hub_marrakech,hub_marrakech_borne_5,2025-09-01 18:51:00,2025-09-01 20:13:00,17.8,reservee,terminee
session_6132,hub_marrakech,hub_marrakech_borne_5,2025-09-01 16:46:00,2025-09-01 17:23:00,23.3,reservee,terminee
session_6133,hub_marrakech,hub_marrakech_borne_5,2025-09-01 14:56:00,2025-09-01 15:53:00,38.3,reservee,terminee
session_6134,hub_marrakech,hub_marrakech_borne_2,2025-09-01 13:02:00,2025-09-01 13:41:00,29.2,reservee,terminee
session_6135,hub_marrakech,hub_marrakech_borne_3,2025-09-01 18:28:00,2025-09-01 19:05:00,18.0,reservee,terminee
session_6136,hub_marrakech,hub_marrakech_borne_5,2025-09-02 17:36:00,2025-09-02 18:20:00,22.9,reservee,terminee
session_6137,hub_marrakech,hub_marrakech_borne_1,2025-09-02 18:31:00,2025-09-02 19:56:00,5.1,reservee,terminee
session_6138,hub_marrakech,hub_marrakech_borne_2,2025-09-03 18:39:00,2025-09-03 18:59:00,33.4,reservee,terminee
session_6139,hub_marrakech,hub_marrakech_borne_6,2025-09-03 20:53:00,2025-09-03 22:06:00,30.8,walk_in,terminee
session_6140,hub_marrakech,hub_marrakech_borne_5,2025-09-04 16:21:00,2025-09-04 17:32:00,12.0,walk_in,terminee
session_6141,hub_marrakech,hub_marrakech_borne_5,2025-09-04 16:50:00,2025-09-04 18:13:00,20.3,walk_in,terminee
session_6142,hub_marrakech,hub_marrakech_borne_3,2025-09-04 16:02:00,2025-09-04 16:26:00,11.6,reservee,terminee
session_6143,hub_marrakech,hub_marrakech_borne_1,2025-09-04 22:14:00,2025-09-04 23:37:00,33.4,walk_in,terminee
session_6144,hub_marrakech,hub_marrakech_borne_5,2025-09-04 22:07:00,2025-09-04 23:00:00,17.0,reservee,terminee
session_6145,hub_marrakech,hub_marrakech_borne_6,2025-09-04 15:28:00,2025-09-04 16:57:00,14.3,walk_in,terminee
session_6146,hub_marrakech,hub_marrakech_borne_2,2025-09-05 19:17:00,2025-09-05 20:41:00,5.5,reservee,terminee
session_6147,hub_marrakech,hub_marrakech_borne_2,2025-09-05 19:40:00,2025-09-05 20:55:00,27.1,reservee,terminee
session_6148,hub_marrakech,hub_marrakech_borne_3,2025-09-05 13:21:00,2025-09-05 14:10:00,21.9,reservee,terminee
session_6149,hub_marrakech,hub_marrakech_borne_5,2025-09-05 18:12:00,2025-09-05 19:35:00,34.0,walk_in,terminee
session_6150,hub_marrakech,hub_marrakech_borne_5,2025-09-06 15:47:00,2025-09-06 16:13:00,35.5,reservee,terminee
session_6151,hub_marrakech,hub_marrakech_borne_3,2025-09-06 11:44:00,2025-09-06 12:55:00,37.2,walk_in,terminee
session_6152,hub_marrakech,hub_marrakech_borne_3,2025-09-06 11:41:00,2025-09-06 12:26:00,13.9,reservee,terminee
session_6153,hub_marrakech,hub_marrakech_borne_4,2025-09-06 13:37:00,2025-09-06 14:59:00,21.6,walk_in,terminee
session_6154,hub_marrakech,hub_marrakech_borne_5,2025-09-06 11:26:00,2025-09-06 12:55:00,38.4,reservee,terminee
session_6155,hub_marrakech,hub_marrakech_borne_6,2025-09-06 15:53:00,2025-09-06 16:30:00,23.1,walk_in,terminee
session_6156,hub_marrakech,hub_marrakech_borne_1,2025-09-06 11:12:00,2025-09-06 12:05:00,18.1,walk_in,terminee
session_6157,hub_marrakech,hub_marrakech_borne_2,2025-09-06 12:27:00,2025-09-06 13:05:00,6.9,walk_in,terminee
session_6158,hub_marrakech,hub_marrakech_borne_2,2025-09-06 10:02:00,2025-09-06 10:57:00,14.4,reservee,terminee
session_6159,hub_marrakech,hub_marrakech_borne_4,2025-09-06 18:02:00,2025-09-06 18:36:00,18.7,walk_in,terminee
session_6160,hub_marrakech,hub_marrakech_borne_1,2025-09-06 16:56:00,2025-09-06 17:21:00,16.7,walk_in,terminee
session_6161,hub_marrakech,hub_marrakech_borne_2,2025-09-07 14:02:00,2025-09-07 15:05:00,23.7,walk_in,terminee
session_6162,hub_marrakech,hub_marrakech_borne_5,2025-09-07 11:38:00,2025-09-07 12:19:00,18.6,reservee,terminee
session_6163,hub_marrakech,hub_marrakech_borne_6,2025-09-07 07:48:00,2025-09-07 09:16:00,22.1,reservee,terminee
session_6164,hub_marrakech,hub_marrakech_borne_1,2025-09-07 13:51:00,2025-09-07 14:41:00,35.8,reservee,terminee
session_6165,hub_marrakech,hub_marrakech_borne_3,2025-09-07 16:39:00,2025-09-07 17:02:00,28.9,walk_in,terminee
session_6166,hub_marrakech,hub_marrakech_borne_1,2025-09-07 12:30:00,2025-09-07 13:57:00,39.1,reservee,terminee
session_6167,hub_marrakech,hub_marrakech_borne_5,2025-09-07 14:46:00,2025-09-07 16:07:00,6.5,walk_in,terminee
session_6168,hub_marrakech,hub_marrakech_borne_5,2025-09-07 08:03:00,2025-09-07 08:39:00,17.1,walk_in,terminee
session_6169,hub_marrakech,hub_marrakech_borne_5,2025-09-07 13:55:00,2025-09-07 14:44:00,37.1,walk_in,terminee
session_6170,hub_marrakech,hub_marrakech_borne_1,2025-09-07 20:47:00,2025-09-07 21:53:00,12.8,walk_in,terminee
session_6171,hub_marrakech,hub_marrakech_borne_3,2025-09-07 17:35:00,2025-09-07 19:00:00,13.4,reservee,terminee
session_6172,hub_marrakech,hub_marrakech_borne_4,2025-09-08 17:19:00,2025-09-08 17:49:00,9.7,walk_in,terminee
session_6173,hub_marrakech,hub_marrakech_borne_5,2025-09-08 21:15:00,2025-09-08 22:34:00,25.0,walk_in,terminee
session_6174,hub_marrakech,hub_marrakech_borne_6,2025-09-08 14:39:00,2025-09-08 15:20:00,36.6,reservee,terminee
session_6175,hub_marrakech,hub_marrakech_borne_5,2025-09-08 17:11:00,2025-09-08 17:56:00,17.3,walk_in,terminee
session_6176,hub_marrakech,hub_marrakech_borne_2,2025-09-08 20:00:00,2025-09-08 20:42:00,14.5,reservee,terminee
session_6177,hub_marrakech,hub_marrakech_borne_5,2025-09-08 19:57:00,2025-09-08 20:55:00,7.5,walk_in,terminee
session_6178,hub_marrakech,hub_marrakech_borne_1,2025-09-09 12:24:00,2025-09-09 13:16:00,17.7,reservee,terminee
session_6179,hub_marrakech,hub_marrakech_borne_1,2025-09-09 19:01:00,2025-09-09 19:55:00,14.3,reservee,terminee
session_6180,hub_marrakech,hub_marrakech_borne_2,2025-09-09 13:31:00,2025-09-09 14:42:00,38.1,reservee,terminee
session_6181,hub_marrakech,hub_marrakech_borne_6,2025-09-09 22:20:00,2025-09-09 23:22:00,17.8,reservee,terminee
session_6182,hub_marrakech,hub_marrakech_borne_4,2025-09-10 18:51:00,2025-09-10 19:50:00,5.6,reservee,terminee
session_6183,hub_marrakech,hub_marrakech_borne_4,2025-09-11 18:41:00,2025-09-11 19:50:00,10.5,walk_in,terminee
session_6184,hub_marrakech,hub_marrakech_borne_5,2025-09-11 20:05:00,2025-09-11 20:36:00,8.2,reservee,terminee
session_6185,hub_marrakech,hub_marrakech_borne_5,2025-09-11 17:49:00,2025-09-11 18:39:00,20.8,walk_in,terminee
session_6186,hub_marrakech,hub_marrakech_borne_4,2025-09-11 17:58:00,2025-09-11 18:50:00,25.3,reservee,terminee
session_6187,hub_marrakech,hub_marrakech_borne_5,2025-09-11 15:45:00,2025-09-11 16:49:00,13.7,walk_in,terminee
session_6188,hub_marrakech,hub_marrakech_borne_4,2025-09-12 18:55:00,2025-09-12 20:03:00,9.0,walk_in,terminee
session_6189,hub_marrakech,hub_marrakech_borne_6,2025-09-13 13:02:00,2025-09-13 14:05:00,31.0,reservee,terminee
session_6190,hub_marrakech,hub_marrakech_borne_4,2025-09-13 10:58:00,2025-09-13 12:14:00,38.1,walk_in,terminee
session_6191,hub_marrakech,hub_marrakech_borne_4,2025-09-14 13:16:00,2025-09-14 14:43:00,11.8,reservee,terminee
session_6192,hub_marrakech,hub_marrakech_borne_1,2025-09-14 14:43:00,2025-09-14 15:44:00,12.3,walk_in,terminee
session_6193,hub_marrakech,hub_marrakech_borne_4,2025-09-14 13:08:00,2025-09-14 13:41:00,20.3,reservee,terminee
session_6194,hub_marrakech,hub_marrakech_borne_4,2025-09-14 15:51:00,2025-09-14 16:34:00,14.1,walk_in,terminee
session_6195,hub_marrakech,hub_marrakech_borne_2,2025-09-14 21:58:00,2025-09-14 22:46:00,11.4,walk_in,terminee
session_6196,hub_marrakech,hub_marrakech_borne_3,2025-09-15 22:56:00,2025-09-16 00:24:00,33.8,reservee,terminee
session_6197,hub_marrakech,hub_marrakech_borne_5,2025-09-15 16:04:00,2025-09-15 17:19:00,31.2,walk_in,terminee
session_6198,hub_marrakech,hub_marrakech_borne_3,2025-09-16 18:40:00,2025-09-16 19:46:00,38.0,walk_in,terminee
session_6199,hub_marrakech,hub_marrakech_borne_1,2025-09-16 21:41:00,2025-09-16 22:34:00,15.0,reservee,terminee
session_6200,hub_marrakech,hub_marrakech_borne_5,2025-09-16 16:54:00,2025-09-16 17:42:00,27.2,reservee,terminee
session_6201,hub_marrakech,hub_marrakech_borne_4,2025-09-16 21:23:00,2025-09-16 22:35:00,6.9,reservee,terminee
session_6202,hub_marrakech,hub_marrakech_borne_6,2025-09-17 16:32:00,2025-09-17 17:54:00,26.4,reservee,terminee
session_6203,hub_marrakech,hub_marrakech_borne_3,2025-09-17 22:26:00,2025-09-17 23:04:00,7.8,walk_in,terminee
session_6204,hub_marrakech,hub_marrakech_borne_4,2025-09-17 20:42:00,2025-09-17 21:44:00,17.3,walk_in,terminee
session_6205,hub_marrakech,hub_marrakech_borne_4,2025-09-17 17:17:00,2025-09-17 18:14:00,7.4,walk_in,terminee
session_6206,hub_marrakech,hub_marrakech_borne_1,2025-09-17 13:26:00,2025-09-17 14:33:00,10.4,walk_in,terminee
session_6207,hub_marrakech,hub_marrakech_borne_3,2025-09-17 19:14:00,2025-09-17 19:40:00,37.4,reservee,terminee
session_6208,hub_marrakech,hub_marrakech_borne_3,2025-09-18 17:52:00,2025-09-18 18:36:00,15.0,reservee,terminee
session_6209,hub_marrakech,hub_marrakech_borne_6,2025-09-18 19:34:00,2025-09-18 20:05:00,27.1,reservee,terminee
session_6210,hub_marrakech,hub_marrakech_borne_1,2025-09-18 14:06:00,2025-09-18 14:54:00,28.0,reservee,terminee
session_6211,hub_marrakech,hub_marrakech_borne_6,2025-09-20 15:26:00,2025-09-20 16:36:00,10.5,walk_in,terminee
session_6212,hub_marrakech,hub_marrakech_borne_4,2025-09-20 13:32:00,2025-09-20 14:48:00,16.5,reservee,terminee
session_6213,hub_marrakech,hub_marrakech_borne_3,2025-09-20 19:52:00,2025-09-20 21:00:00,21.0,reservee,terminee
session_6214,hub_marrakech,hub_marrakech_borne_4,2025-09-20 20:31:00,2025-09-20 21:42:00,13.5,reservee,terminee
session_6215,hub_marrakech,hub_marrakech_borne_5,2025-09-20 12:12:00,2025-09-20 12:55:00,33.1,reservee,terminee
session_6216,hub_marrakech,hub_marrakech_borne_2,2025-09-21 16:35:00,2025-09-21 17:02:00,33.8,walk_in,terminee
session_6217,hub_marrakech,hub_marrakech_borne_3,2025-09-21 10:24:00,2025-09-21 11:39:00,14.5,walk_in,terminee
session_6218,hub_marrakech,hub_marrakech_borne_3,2025-09-21 10:01:00,2025-09-21 11:05:00,15.4,reservee,terminee
session_6219,hub_marrakech,hub_marrakech_borne_6,2025-09-21 12:06:00,2025-09-21 12:38:00,36.3,reservee,terminee
session_6220,hub_marrakech,hub_marrakech_borne_4,2025-09-21 15:42:00,2025-09-21 17:10:00,20.0,walk_in,terminee
session_6221,hub_marrakech,hub_marrakech_borne_4,2025-09-21 14:35:00,2025-09-21 15:06:00,38.3,walk_in,terminee
session_6222,hub_marrakech,hub_marrakech_borne_1,2025-09-22 16:19:00,2025-09-22 17:46:00,35.2,reservee,terminee
session_6223,hub_marrakech,hub_marrakech_borne_5,2025-09-23 15:38:00,2025-09-23 16:52:00,30.7,reservee,terminee
session_6224,hub_marrakech,hub_marrakech_borne_2,2025-09-23 13:24:00,2025-09-23 13:56:00,27.5,reservee,terminee
session_6225,hub_marrakech,hub_marrakech_borne_4,2025-09-23 17:34:00,2025-09-23 18:40:00,39.8,reservee,terminee
session_6226,hub_marrakech,hub_marrakech_borne_6,2025-09-23 18:50:00,2025-09-23 20:06:00,5.8,reservee,terminee
session_6227,hub_marrakech,hub_marrakech_borne_5,2025-09-23 16:39:00,2025-09-23 17:03:00,6.2,walk_in,terminee
session_6228,hub_marrakech,hub_marrakech_borne_6,2025-09-23 21:27:00,2025-09-23 22:44:00,38.7,reservee,terminee
session_6229,hub_marrakech,hub_marrakech_borne_2,2025-09-23 22:53:00,2025-09-23 23:19:00,30.0,reservee,terminee
session_6230,hub_marrakech,hub_marrakech_borne_4,2025-09-24 20:12:00,2025-09-24 21:38:00,8.5,reservee,terminee
session_6231,hub_marrakech,hub_marrakech_borne_1,2025-09-24 18:41:00,2025-09-24 19:55:00,36.6,reservee,terminee
session_6232,hub_marrakech,hub_marrakech_borne_2,2025-09-24 15:57:00,2025-09-24 16:57:00,16.8,reservee,terminee
session_6233,hub_marrakech,hub_marrakech_borne_3,2025-09-24 14:42:00,2025-09-24 15:40:00,26.8,reservee,terminee
session_6234,hub_marrakech,hub_marrakech_borne_1,2025-09-24 20:42:00,2025-09-24 21:14:00,27.7,walk_in,terminee
session_6235,hub_marrakech,hub_marrakech_borne_1,2025-09-25 15:13:00,2025-09-25 16:21:00,30.0,reservee,terminee
session_6236,hub_marrakech,hub_marrakech_borne_6,2025-09-25 20:07:00,2025-09-25 21:00:00,12.3,walk_in,terminee
session_6237,hub_marrakech,hub_marrakech_borne_1,2025-09-25 19:41:00,2025-09-25 21:09:00,28.6,walk_in,terminee
session_6238,hub_marrakech,hub_marrakech_borne_2,2025-09-25 22:26:00,2025-09-25 23:47:00,6.4,reservee,terminee
session_6239,hub_marrakech,hub_marrakech_borne_6,2025-09-26 17:18:00,2025-09-26 18:34:00,6.4,reservee,terminee
session_6240,hub_marrakech,hub_marrakech_borne_5,2025-09-26 08:28:00,2025-09-26 09:23:00,36.8,walk_in,terminee
session_6241,hub_marrakech,hub_marrakech_borne_3,2025-09-26 21:40:00,2025-09-26 22:38:00,17.4,reservee,terminee
session_6242,hub_marrakech,hub_marrakech_borne_6,2025-09-27 18:26:00,2025-09-27 19:00:00,8.9,walk_in,terminee
session_6243,hub_marrakech,hub_marrakech_borne_6,2025-09-27 20:45:00,2025-09-27 21:48:00,14.9,walk_in,terminee
session_6244,hub_marrakech,hub_marrakech_borne_6,2025-09-27 11:07:00,2025-09-27 12:09:00,13.2,reservee,terminee
session_6245,hub_marrakech,hub_marrakech_borne_6,2025-09-27 16:10:00,2025-09-27 17:02:00,15.3,reservee,terminee
session_6246,hub_marrakech,hub_marrakech_borne_3,2025-09-27 14:45:00,2025-09-27 16:01:00,23.9,walk_in,terminee
session_6247,hub_marrakech,hub_marrakech_borne_3,2025-09-27 13:29:00,2025-09-27 14:46:00,26.7,walk_in,terminee
session_6248,hub_marrakech,hub_marrakech_borne_4,2025-09-27 18:05:00,2025-09-27 18:27:00,17.5,walk_in,terminee
session_6249,hub_marrakech,hub_marrakech_borne_4,2025-09-27 10:14:00,2025-09-27 11:42:00,27.4,reservee,terminee
session_6250,hub_marrakech,hub_marrakech_borne_1,2025-09-27 14:54:00,2025-09-27 16:05:00,9.1,reservee,terminee
session_6251,hub_marrakech,hub_marrakech_borne_4,2025-09-27 11:53:00,2025-09-27 13:06:00,33.1,reservee,terminee
session_6252,hub_marrakech,hub_marrakech_borne_1,2025-09-27 14:37:00,2025-09-27 15:06:00,31.5,reservee,terminee
session_6253,hub_marrakech,hub_marrakech_borne_2,2025-09-28 13:56:00,2025-09-28 15:20:00,18.4,walk_in,terminee
session_6254,hub_marrakech,hub_marrakech_borne_4,2025-09-28 10:18:00,2025-09-28 11:10:00,8.9,walk_in,terminee
session_6255,hub_marrakech,hub_marrakech_borne_4,2025-09-28 15:16:00,2025-09-28 16:16:00,18.2,reservee,terminee
session_6256,hub_marrakech,hub_marrakech_borne_1,2025-09-28 11:17:00,2025-09-28 12:13:00,36.6,reservee,terminee
session_6257,hub_marrakech,hub_marrakech_borne_3,2025-09-29 13:35:00,2025-09-29 14:11:00,34.4,reservee,terminee
session_6258,hub_marrakech,hub_marrakech_borne_3,2025-09-29 19:05:00,2025-09-29 20:07:00,38.7,walk_in,terminee
session_6259,hub_marrakech,hub_marrakech_borne_3,2025-09-29 13:53:00,2025-09-29 14:22:00,17.9,reservee,terminee
session_6260,hub_marrakech,hub_marrakech_borne_5,2025-09-29 18:15:00,2025-09-29 19:03:00,15.0,walk_in,terminee
session_6261,hub_marrakech,hub_marrakech_borne_5,2025-09-29 18:32:00,2025-09-29 19:03:00,37.0,reservee,terminee
session_6262,hub_marrakech,hub_marrakech_borne_3,2025-09-30 15:28:00,2025-09-30 16:01:00,26.2,reservee,terminee
session_6263,hub_marrakech,hub_marrakech_borne_5,2025-09-30 22:46:00,2025-09-30 23:42:00,9.0,reservee,terminee
session_6264,hub_marrakech,hub_marrakech_borne_6,2025-09-30 13:44:00,2025-09-30 15:03:00,8.2,reservee,terminee
session_6265,hub_marrakech,hub_marrakech_borne_6,2025-10-01 20:02:00,2025-10-01 20:54:00,13.6,walk_in,terminee
session_6266,hub_marrakech,hub_marrakech_borne_5,2025-10-02 17:15:00,2025-10-02 18:43:00,23.9,walk_in,terminee
session_6267,hub_marrakech,hub_marrakech_borne_4,2025-10-02 11:17:00,2025-10-02 12:18:00,10.4,reservee,terminee
session_6268,hub_marrakech,hub_marrakech_borne_3,2025-10-02 16:22:00,2025-10-02 17:13:00,35.7,reservee,terminee
session_6269,hub_marrakech,hub_marrakech_borne_2,2025-10-02 16:31:00,2025-10-02 17:35:00,8.6,reservee,terminee
session_6270,hub_marrakech,hub_marrakech_borne_5,2025-10-02 20:30:00,2025-10-02 21:01:00,32.9,walk_in,terminee
session_6271,hub_marrakech,hub_marrakech_borne_4,2025-10-02 18:10:00,2025-10-02 18:58:00,37.9,reservee,terminee
session_6272,hub_marrakech,hub_marrakech_borne_2,2025-10-02 21:32:00,2025-10-02 22:06:00,26.6,walk_in,terminee
session_6273,hub_marrakech,hub_marrakech_borne_1,2025-10-02 22:00:00,2025-10-02 23:21:00,26.9,reservee,terminee
session_6274,hub_marrakech,hub_marrakech_borne_1,2025-10-02 22:01:00,2025-10-02 22:33:00,28.5,walk_in,terminee
session_6275,hub_marrakech,hub_marrakech_borne_5,2025-10-03 18:33:00,2025-10-03 19:23:00,5.9,reservee,terminee
session_6276,hub_marrakech,hub_marrakech_borne_1,2025-10-03 19:11:00,2025-10-03 20:19:00,8.1,walk_in,terminee
session_6277,hub_marrakech,hub_marrakech_borne_2,2025-10-03 17:23:00,2025-10-03 18:47:00,23.4,walk_in,terminee
session_6278,hub_marrakech,hub_marrakech_borne_3,2025-10-03 16:52:00,2025-10-03 17:40:00,38.9,reservee,terminee
session_6279,hub_marrakech,hub_marrakech_borne_4,2025-10-03 12:31:00,2025-10-03 13:00:00,26.9,reservee,terminee
session_6280,hub_marrakech,hub_marrakech_borne_6,2025-10-04 17:12:00,2025-10-04 18:00:00,26.8,walk_in,terminee
session_6281,hub_marrakech,hub_marrakech_borne_2,2025-10-04 15:04:00,2025-10-04 15:27:00,17.7,walk_in,terminee
session_6282,hub_marrakech,hub_marrakech_borne_6,2025-10-04 15:16:00,2025-10-04 16:39:00,25.2,reservee,terminee
session_6283,hub_marrakech,hub_marrakech_borne_4,2025-10-04 20:06:00,2025-10-04 20:33:00,28.6,walk_in,terminee
session_6284,hub_marrakech,hub_marrakech_borne_3,2025-10-04 22:09:00,2025-10-04 22:30:00,8.5,reservee,terminee
session_6285,hub_marrakech,hub_marrakech_borne_2,2025-10-04 07:13:00,2025-10-04 07:42:00,32.8,reservee,terminee
session_6286,hub_marrakech,hub_marrakech_borne_2,2025-10-04 09:08:00,2025-10-04 09:33:00,28.8,reservee,terminee
session_6287,hub_marrakech,hub_marrakech_borne_6,2025-10-04 14:46:00,2025-10-04 15:07:00,20.1,reservee,terminee
session_6288,hub_marrakech,hub_marrakech_borne_1,2025-10-04 15:09:00,2025-10-04 15:33:00,21.8,walk_in,terminee
session_6289,hub_marrakech,hub_marrakech_borne_6,2025-10-04 13:17:00,2025-10-04 14:08:00,14.8,reservee,terminee
session_6290,hub_marrakech,hub_marrakech_borne_4,2025-10-05 18:32:00,2025-10-05 18:55:00,21.6,reservee,terminee
session_6291,hub_marrakech,hub_marrakech_borne_6,2025-10-05 16:28:00,2025-10-05 17:16:00,6.7,reservee,terminee
session_6292,hub_marrakech,hub_marrakech_borne_3,2025-10-05 17:28:00,2025-10-05 18:42:00,20.5,reservee,terminee
session_6293,hub_marrakech,hub_marrakech_borne_2,2025-10-05 14:22:00,2025-10-05 15:46:00,16.4,reservee,terminee
session_6294,hub_marrakech,hub_marrakech_borne_5,2025-10-05 08:35:00,2025-10-05 09:18:00,38.1,reservee,terminee
session_6295,hub_marrakech,hub_marrakech_borne_2,2025-10-05 12:49:00,2025-10-05 14:14:00,38.5,reservee,terminee
session_6296,hub_marrakech,hub_marrakech_borne_6,2025-10-05 15:52:00,2025-10-05 17:05:00,19.0,reservee,terminee
session_6297,hub_marrakech,hub_marrakech_borne_6,2025-10-05 13:25:00,2025-10-05 14:53:00,34.9,walk_in,terminee
session_6298,hub_marrakech,hub_marrakech_borne_3,2025-10-05 11:44:00,2025-10-05 12:32:00,8.3,walk_in,terminee
session_6299,hub_marrakech,hub_marrakech_borne_2,2025-10-05 13:07:00,2025-10-05 13:29:00,16.5,reservee,terminee
session_6300,hub_marrakech,hub_marrakech_borne_1,2025-10-06 21:51:00,2025-10-06 23:12:00,20.8,reservee,terminee
session_6301,hub_marrakech,hub_marrakech_borne_1,2025-10-06 21:56:00,2025-10-06 23:23:00,39.8,reservee,terminee
session_6302,hub_marrakech,hub_marrakech_borne_6,2025-10-06 15:00:00,2025-10-06 16:07:00,9.2,reservee,terminee
session_6303,hub_marrakech,hub_marrakech_borne_1,2025-10-06 17:05:00,2025-10-06 17:39:00,24.4,reservee,terminee
session_6304,hub_marrakech,hub_marrakech_borne_4,2025-10-06 18:00:00,2025-10-06 19:19:00,7.0,walk_in,terminee
session_6305,hub_marrakech,hub_marrakech_borne_6,2025-10-07 15:27:00,2025-10-07 16:42:00,31.1,reservee,terminee
session_6306,hub_marrakech,hub_marrakech_borne_1,2025-10-07 16:57:00,2025-10-07 17:23:00,30.7,reservee,terminee
session_6307,hub_marrakech,hub_marrakech_borne_6,2025-10-07 21:00:00,2025-10-07 22:10:00,9.6,walk_in,terminee
session_6308,hub_marrakech,hub_marrakech_borne_2,2025-10-07 15:16:00,2025-10-07 16:25:00,9.1,reservee,terminee
session_6309,hub_marrakech,hub_marrakech_borne_3,2025-10-07 17:34:00,2025-10-07 18:34:00,7.8,reservee,terminee
session_6310,hub_marrakech,hub_marrakech_borne_2,2025-10-07 16:13:00,2025-10-07 16:37:00,23.5,reservee,terminee
session_6311,hub_marrakech,hub_marrakech_borne_6,2025-10-08 16:14:00,2025-10-08 17:13:00,36.8,reservee,terminee
session_6312,hub_marrakech,hub_marrakech_borne_6,2025-10-08 20:15:00,2025-10-08 20:45:00,7.7,reservee,terminee
session_6313,hub_marrakech,hub_marrakech_borne_2,2025-10-08 16:26:00,2025-10-08 17:51:00,35.2,walk_in,terminee
session_6314,hub_marrakech,hub_marrakech_borne_6,2025-10-08 18:50:00,2025-10-08 19:57:00,26.0,walk_in,terminee
session_6315,hub_marrakech,hub_marrakech_borne_3,2025-10-09 17:47:00,2025-10-09 18:13:00,28.2,reservee,terminee
session_6316,hub_marrakech,hub_marrakech_borne_6,2025-10-09 13:29:00,2025-10-09 14:15:00,34.2,reservee,terminee
session_6317,hub_marrakech,hub_marrakech_borne_2,2025-10-09 19:54:00,2025-10-09 20:56:00,37.6,reservee,terminee
session_6318,hub_marrakech,hub_marrakech_borne_4,2025-10-10 11:52:00,2025-10-10 13:08:00,16.0,walk_in,terminee
session_6319,hub_marrakech,hub_marrakech_borne_1,2025-10-10 16:25:00,2025-10-10 17:26:00,39.5,reservee,terminee
session_6320,hub_marrakech,hub_marrakech_borne_2,2025-10-10 17:10:00,2025-10-10 18:18:00,36.6,walk_in,terminee
session_6321,hub_marrakech,hub_marrakech_borne_1,2025-10-10 18:42:00,2025-10-10 19:32:00,23.8,reservee,terminee
session_6322,hub_marrakech,hub_marrakech_borne_3,2025-10-10 13:41:00,2025-10-10 14:04:00,12.1,reservee,terminee
session_6323,hub_marrakech,hub_marrakech_borne_1,2025-10-11 16:24:00,2025-10-11 17:12:00,26.9,reservee,terminee
session_6324,hub_marrakech,hub_marrakech_borne_2,2025-10-11 13:51:00,2025-10-11 14:38:00,25.5,walk_in,terminee
session_6325,hub_marrakech,hub_marrakech_borne_1,2025-10-11 13:07:00,2025-10-11 14:07:00,36.6,walk_in,terminee
session_6326,hub_marrakech,hub_marrakech_borne_2,2025-10-11 14:20:00,2025-10-11 14:57:00,38.8,reservee,terminee
session_6327,hub_marrakech,hub_marrakech_borne_1,2025-10-11 11:01:00,2025-10-11 12:20:00,21.5,reservee,terminee
session_6328,hub_marrakech,hub_marrakech_borne_3,2025-10-12 09:45:00,2025-10-12 10:08:00,28.4,reservee,terminee
session_6329,hub_marrakech,hub_marrakech_borne_3,2025-10-12 17:12:00,2025-10-12 18:32:00,37.6,reservee,terminee
session_6330,hub_marrakech,hub_marrakech_borne_2,2025-10-12 17:45:00,2025-10-12 18:39:00,37.4,walk_in,terminee
session_6331,hub_marrakech,hub_marrakech_borne_1,2025-10-12 14:08:00,2025-10-12 14:34:00,35.6,reservee,terminee
session_6332,hub_marrakech,hub_marrakech_borne_6,2025-10-12 17:43:00,2025-10-12 18:11:00,8.8,walk_in,terminee
session_6333,hub_marrakech,hub_marrakech_borne_5,2025-10-13 19:54:00,2025-10-13 20:45:00,21.5,walk_in,terminee
session_6334,hub_marrakech,hub_marrakech_borne_5,2025-10-13 22:26:00,2025-10-13 23:17:00,21.6,walk_in,terminee
session_6335,hub_marrakech,hub_marrakech_borne_4,2025-10-13 16:36:00,2025-10-13 17:15:00,36.5,reservee,terminee
session_6336,hub_marrakech,hub_marrakech_borne_1,2025-10-13 18:40:00,2025-10-13 19:03:00,16.0,walk_in,terminee
session_6337,hub_marrakech,hub_marrakech_borne_6,2025-10-13 16:04:00,2025-10-13 16:38:00,30.4,reservee,terminee
session_6338,hub_marrakech,hub_marrakech_borne_1,2025-10-14 16:17:00,2025-10-14 17:32:00,31.9,walk_in,terminee
session_6339,hub_marrakech,hub_marrakech_borne_1,2025-10-14 16:33:00,2025-10-14 17:42:00,16.3,walk_in,terminee
session_6340,hub_marrakech,hub_marrakech_borne_3,2025-10-14 20:48:00,2025-10-14 22:00:00,22.6,reservee,terminee
session_6341,hub_marrakech,hub_marrakech_borne_3,2025-10-14 17:25:00,2025-10-14 18:26:00,33.0,reservee,terminee
session_6342,hub_marrakech,hub_marrakech_borne_5,2025-10-14 19:43:00,2025-10-14 20:17:00,22.3,reservee,terminee
session_6343,hub_marrakech,hub_marrakech_borne_3,2025-10-14 21:37:00,2025-10-14 22:27:00,22.1,walk_in,terminee
session_6344,hub_marrakech,hub_marrakech_borne_1,2025-10-14 18:31:00,2025-10-14 19:47:00,14.9,reservee,terminee
session_6345,hub_marrakech,hub_marrakech_borne_5,2025-10-14 14:31:00,2025-10-14 15:50:00,7.3,reservee,terminee
session_6346,hub_marrakech,hub_marrakech_borne_4,2025-10-15 18:54:00,2025-10-15 20:20:00,16.2,reservee,terminee
session_6347,hub_marrakech,hub_marrakech_borne_5,2025-10-15 19:33:00,2025-10-15 20:33:00,33.5,reservee,terminee
session_6348,hub_marrakech,hub_marrakech_borne_3,2025-10-16 22:42:00,2025-10-17 00:06:00,31.9,walk_in,terminee
session_6349,hub_marrakech,hub_marrakech_borne_2,2025-10-16 22:32:00,2025-10-16 23:54:00,6.3,reservee,terminee
session_6350,hub_marrakech,hub_marrakech_borne_2,2025-10-16 15:11:00,2025-10-16 15:57:00,6.2,reservee,terminee
session_6351,hub_marrakech,hub_marrakech_borne_6,2025-10-16 20:05:00,2025-10-16 21:27:00,36.0,walk_in,terminee
session_6352,hub_marrakech,hub_marrakech_borne_3,2025-10-16 18:28:00,2025-10-16 19:01:00,17.1,reservee,terminee
session_6353,hub_marrakech,hub_marrakech_borne_4,2025-10-16 20:23:00,2025-10-16 21:40:00,26.9,reservee,terminee
session_6354,hub_marrakech,hub_marrakech_borne_3,2025-10-16 10:14:00,2025-10-16 10:40:00,29.9,reservee,terminee
session_6355,hub_marrakech,hub_marrakech_borne_4,2025-10-16 13:28:00,2025-10-16 14:27:00,5.9,walk_in,terminee
session_6356,hub_marrakech,hub_marrakech_borne_3,2025-10-17 20:16:00,2025-10-17 21:04:00,28.2,walk_in,terminee
session_6357,hub_marrakech,hub_marrakech_borne_3,2025-10-17 14:37:00,2025-10-17 15:52:00,8.3,walk_in,terminee
session_6358,hub_marrakech,hub_marrakech_borne_4,2025-10-18 13:04:00,2025-10-18 14:11:00,22.9,reservee,terminee
session_6359,hub_marrakech,hub_marrakech_borne_6,2025-10-18 12:10:00,2025-10-18 13:04:00,37.2,walk_in,terminee
session_6360,hub_marrakech,hub_marrakech_borne_4,2025-10-18 16:03:00,2025-10-18 16:52:00,15.7,reservee,terminee
session_6361,hub_marrakech,hub_marrakech_borne_1,2025-10-19 11:21:00,2025-10-19 11:44:00,27.6,walk_in,terminee
session_6362,hub_marrakech,hub_marrakech_borne_5,2025-10-19 11:03:00,2025-10-19 11:47:00,13.3,reservee,terminee
session_6363,hub_marrakech,hub_marrakech_borne_6,2025-10-19 12:20:00,2025-10-19 12:49:00,11.8,walk_in,terminee
session_6364,hub_marrakech,hub_marrakech_borne_6,2025-10-19 11:13:00,2025-10-19 11:45:00,25.2,walk_in,terminee
session_6365,hub_marrakech,hub_marrakech_borne_4,2025-10-19 12:47:00,2025-10-19 13:41:00,39.6,walk_in,terminee
session_6366,hub_marrakech,hub_marrakech_borne_1,2025-10-19 08:33:00,2025-10-19 09:08:00,19.1,walk_in,terminee
session_6367,hub_marrakech,hub_marrakech_borne_5,2025-10-19 11:50:00,2025-10-19 12:28:00,37.2,reservee,terminee
session_6368,hub_marrakech,hub_marrakech_borne_6,2025-10-19 19:29:00,2025-10-19 20:54:00,14.7,walk_in,terminee
session_6369,hub_marrakech,hub_marrakech_borne_5,2025-10-19 14:24:00,2025-10-19 15:30:00,11.9,walk_in,terminee
session_6370,hub_marrakech,hub_marrakech_borne_2,2025-10-20 20:07:00,2025-10-20 21:10:00,40.0,reservee,terminee
session_6371,hub_marrakech,hub_marrakech_borne_2,2025-10-20 20:54:00,2025-10-20 22:19:00,6.0,walk_in,terminee
session_6372,hub_marrakech,hub_marrakech_borne_2,2025-10-20 13:20:00,2025-10-20 13:55:00,21.5,reservee,terminee
session_6373,hub_marrakech,hub_marrakech_borne_5,2025-10-21 22:29:00,2025-10-21 22:54:00,26.3,reservee,terminee
session_6374,hub_marrakech,hub_marrakech_borne_2,2025-10-21 14:26:00,2025-10-21 15:06:00,32.3,reservee,terminee
session_6375,hub_marrakech,hub_marrakech_borne_4,2025-10-21 17:06:00,2025-10-21 17:54:00,9.0,reservee,terminee
session_6376,hub_marrakech,hub_marrakech_borne_2,2025-10-21 12:00:00,2025-10-21 12:24:00,25.4,reservee,terminee
session_6377,hub_marrakech,hub_marrakech_borne_3,2025-10-21 21:52:00,2025-10-21 22:59:00,22.3,reservee,terminee
session_6378,hub_marrakech,hub_marrakech_borne_5,2025-10-22 21:14:00,2025-10-22 22:20:00,34.4,walk_in,terminee
session_6379,hub_marrakech,hub_marrakech_borne_2,2025-10-22 19:45:00,2025-10-22 21:10:00,10.6,reservee,terminee
session_6380,hub_marrakech,hub_marrakech_borne_4,2025-10-23 20:47:00,2025-10-23 21:27:00,25.4,walk_in,terminee
session_6381,hub_marrakech,hub_marrakech_borne_1,2025-10-23 16:19:00,2025-10-23 17:00:00,30.3,walk_in,terminee
session_6382,hub_marrakech,hub_marrakech_borne_5,2025-10-24 19:27:00,2025-10-24 20:31:00,11.2,reservee,terminee
session_6383,hub_marrakech,hub_marrakech_borne_5,2025-10-24 16:45:00,2025-10-24 18:13:00,39.6,reservee,terminee
session_6384,hub_marrakech,hub_marrakech_borne_6,2025-10-24 11:30:00,2025-10-24 11:52:00,39.2,walk_in,terminee
session_6385,hub_marrakech,hub_marrakech_borne_6,2025-10-24 17:20:00,2025-10-24 17:47:00,6.9,walk_in,terminee
session_6386,hub_marrakech,hub_marrakech_borne_3,2025-10-25 10:50:00,2025-10-25 11:34:00,12.3,walk_in,terminee
session_6387,hub_marrakech,hub_marrakech_borne_3,2025-10-25 13:42:00,2025-10-25 14:06:00,39.4,reservee,terminee
session_6388,hub_marrakech,hub_marrakech_borne_4,2025-10-25 12:00:00,2025-10-25 12:28:00,18.7,walk_in,terminee
session_6389,hub_marrakech,hub_marrakech_borne_2,2025-10-25 11:58:00,2025-10-25 13:05:00,8.5,walk_in,terminee
session_6390,hub_marrakech,hub_marrakech_borne_4,2025-10-25 14:32:00,2025-10-25 15:09:00,30.6,walk_in,terminee
session_6391,hub_marrakech,hub_marrakech_borne_5,2025-10-25 13:05:00,2025-10-25 13:53:00,34.4,reservee,terminee
session_6392,hub_marrakech,hub_marrakech_borne_5,2025-10-25 13:19:00,2025-10-25 14:02:00,9.7,reservee,terminee
session_6393,hub_marrakech,hub_marrakech_borne_3,2025-10-26 12:20:00,2025-10-26 12:56:00,36.0,reservee,terminee
session_6394,hub_marrakech,hub_marrakech_borne_5,2025-10-26 13:19:00,2025-10-26 13:56:00,10.8,reservee,terminee
session_6395,hub_marrakech,hub_marrakech_borne_5,2025-10-26 15:02:00,2025-10-26 15:53:00,14.3,walk_in,terminee
session_6396,hub_marrakech,hub_marrakech_borne_3,2025-10-26 10:03:00,2025-10-26 11:26:00,23.3,reservee,terminee
session_6397,hub_marrakech,hub_marrakech_borne_2,2025-10-26 13:46:00,2025-10-26 14:38:00,39.3,reservee,terminee
session_6398,hub_marrakech,hub_marrakech_borne_6,2025-10-26 06:30:00,2025-10-26 07:27:00,8.9,reservee,terminee
session_6399,hub_marrakech,hub_marrakech_borne_1,2025-10-26 13:54:00,2025-10-26 14:29:00,21.6,reservee,terminee
session_6400,hub_marrakech,hub_marrakech_borne_2,2025-10-26 07:56:00,2025-10-26 08:29:00,8.5,reservee,terminee
session_6401,hub_marrakech,hub_marrakech_borne_4,2025-10-27 15:00:00,2025-10-27 16:17:00,32.0,reservee,terminee
session_6402,hub_marrakech,hub_marrakech_borne_4,2025-10-27 21:01:00,2025-10-27 22:02:00,30.3,reservee,terminee
session_6403,hub_marrakech,hub_marrakech_borne_1,2025-10-27 14:15:00,2025-10-27 14:59:00,21.4,walk_in,terminee
session_6404,hub_marrakech,hub_marrakech_borne_2,2025-10-28 18:52:00,2025-10-28 19:43:00,31.5,reservee,terminee
session_6405,hub_marrakech,hub_marrakech_borne_6,2025-10-28 17:52:00,2025-10-28 19:01:00,7.1,reservee,terminee
session_6406,hub_marrakech,hub_marrakech_borne_5,2025-10-28 18:30:00,2025-10-28 19:32:00,33.7,walk_in,terminee
session_6407,hub_marrakech,hub_marrakech_borne_6,2025-10-28 13:40:00,2025-10-28 14:55:00,8.7,reservee,terminee
session_6408,hub_marrakech,hub_marrakech_borne_4,2025-10-28 15:21:00,2025-10-28 15:48:00,32.1,reservee,terminee
session_6409,hub_marrakech,hub_marrakech_borne_5,2025-10-29 18:13:00,2025-10-29 18:57:00,22.1,reservee,terminee
session_6410,hub_marrakech,hub_marrakech_borne_1,2025-10-29 20:02:00,2025-10-29 20:39:00,8.0,reservee,terminee
session_6411,hub_marrakech,hub_marrakech_borne_5,2025-10-29 18:54:00,2025-10-29 19:27:00,30.6,reservee,terminee
session_6412,hub_marrakech,hub_marrakech_borne_3,2025-10-30 15:34:00,2025-10-30 16:45:00,10.7,reservee,terminee
session_6413,hub_marrakech,hub_marrakech_borne_5,2025-10-30 21:26:00,2025-10-30 22:30:00,19.5,walk_in,terminee
session_6414,hub_marrakech,hub_marrakech_borne_4,2025-10-30 16:52:00,2025-10-30 18:03:00,7.4,reservee,terminee
session_6415,hub_marrakech,hub_marrakech_borne_4,2025-10-31 18:29:00,2025-10-31 19:54:00,29.8,walk_in,terminee
session_6416,hub_marrakech,hub_marrakech_borne_5,2025-10-31 19:33:00,2025-10-31 20:33:00,22.8,walk_in,terminee
session_6417,hub_marrakech,hub_marrakech_borne_6,2025-10-31 13:53:00,2025-10-31 14:52:00,20.3,reservee,terminee
session_6418,hub_marrakech,hub_marrakech_borne_2,2025-10-31 21:08:00,2025-10-31 21:28:00,14.1,reservee,terminee
session_6419,hub_marrakech,hub_marrakech_borne_4,2025-10-31 15:34:00,2025-10-31 16:22:00,39.4,reservee,terminee
session_6420,hub_marrakech,hub_marrakech_borne_6,2025-11-01 13:50:00,2025-11-01 14:10:00,19.9,reservee,terminee
session_6421,hub_marrakech,hub_marrakech_borne_2,2025-11-01 14:49:00,2025-11-01 16:06:00,28.2,walk_in,terminee
session_6422,hub_marrakech,hub_marrakech_borne_5,2025-11-01 14:26:00,2025-11-01 15:03:00,13.3,walk_in,terminee
session_6423,hub_marrakech,hub_marrakech_borne_2,2025-11-01 13:26:00,2025-11-01 13:48:00,31.0,walk_in,terminee
session_6424,hub_marrakech,hub_marrakech_borne_6,2025-11-01 16:38:00,2025-11-01 17:06:00,8.0,reservee,terminee
session_6425,hub_marrakech,hub_marrakech_borne_2,2025-11-01 12:53:00,2025-11-01 14:13:00,15.7,reservee,terminee
session_6426,hub_marrakech,hub_marrakech_borne_2,2025-11-01 14:47:00,2025-11-01 16:01:00,36.0,reservee,terminee
session_6427,hub_marrakech,hub_marrakech_borne_2,2025-11-02 08:29:00,2025-11-02 09:40:00,11.6,reservee,terminee
session_6428,hub_marrakech,hub_marrakech_borne_3,2025-11-02 16:10:00,2025-11-02 16:32:00,26.8,reservee,terminee
session_6429,hub_marrakech,hub_marrakech_borne_3,2025-11-02 13:45:00,2025-11-02 14:34:00,24.2,walk_in,terminee
session_6430,hub_marrakech,hub_marrakech_borne_1,2025-11-02 15:27:00,2025-11-02 15:59:00,9.1,reservee,terminee
session_6431,hub_marrakech,hub_marrakech_borne_6,2025-11-02 15:50:00,2025-11-02 16:51:00,37.5,reservee,terminee
session_6432,hub_marrakech,hub_marrakech_borne_3,2025-11-03 13:41:00,2025-11-03 14:25:00,6.1,walk_in,terminee
session_6433,hub_marrakech,hub_marrakech_borne_2,2025-11-03 17:52:00,2025-11-03 19:09:00,15.6,reservee,terminee
session_6434,hub_marrakech,hub_marrakech_borne_6,2025-11-04 20:15:00,2025-11-04 21:01:00,8.2,walk_in,terminee
session_6435,hub_marrakech,hub_marrakech_borne_6,2025-11-04 18:46:00,2025-11-04 19:14:00,39.9,reservee,terminee
session_6436,hub_marrakech,hub_marrakech_borne_6,2025-11-05 17:56:00,2025-11-05 19:25:00,25.2,reservee,terminee
session_6437,hub_marrakech,hub_marrakech_borne_5,2025-11-05 22:12:00,2025-11-05 23:14:00,19.0,reservee,terminee
session_6438,hub_marrakech,hub_marrakech_borne_5,2025-11-05 14:11:00,2025-11-05 15:00:00,23.8,reservee,terminee
session_6439,hub_marrakech,hub_marrakech_borne_5,2025-11-05 17:03:00,2025-11-05 17:25:00,32.5,reservee,terminee
session_6440,hub_marrakech,hub_marrakech_borne_5,2025-11-06 15:53:00,2025-11-06 16:28:00,9.4,reservee,terminee
session_6441,hub_marrakech,hub_marrakech_borne_4,2025-11-06 21:09:00,2025-11-06 21:37:00,39.9,reservee,terminee
session_6442,hub_marrakech,hub_marrakech_borne_1,2025-11-06 15:00:00,2025-11-06 15:49:00,6.3,reservee,terminee
session_6443,hub_marrakech,hub_marrakech_borne_2,2025-11-06 22:30:00,2025-11-06 23:56:00,18.9,walk_in,terminee
session_6444,hub_marrakech,hub_marrakech_borne_6,2025-11-07 16:13:00,2025-11-07 17:18:00,36.0,reservee,terminee
session_6445,hub_marrakech,hub_marrakech_borne_6,2025-11-07 19:40:00,2025-11-07 21:04:00,20.7,walk_in,terminee
session_6446,hub_marrakech,hub_marrakech_borne_1,2025-11-07 16:01:00,2025-11-07 16:54:00,24.1,reservee,terminee
session_6447,hub_marrakech,hub_marrakech_borne_6,2025-11-07 20:15:00,2025-11-07 21:37:00,8.5,reservee,terminee
session_6448,hub_marrakech,hub_marrakech_borne_5,2025-11-07 22:40:00,2025-11-07 23:18:00,9.2,reservee,terminee
session_6449,hub_marrakech,hub_marrakech_borne_6,2025-11-08 11:01:00,2025-11-08 11:53:00,8.9,reservee,terminee
session_6450,hub_marrakech,hub_marrakech_borne_5,2025-11-08 12:08:00,2025-11-08 13:11:00,19.4,reservee,terminee
session_6451,hub_marrakech,hub_marrakech_borne_5,2025-11-08 14:58:00,2025-11-08 15:45:00,21.0,reservee,terminee
session_6452,hub_marrakech,hub_marrakech_borne_5,2025-11-08 12:43:00,2025-11-08 13:07:00,15.4,walk_in,terminee
session_6453,hub_marrakech,hub_marrakech_borne_5,2025-11-08 13:02:00,2025-11-08 14:17:00,38.8,reservee,terminee
session_6454,hub_marrakech,hub_marrakech_borne_4,2025-11-09 11:07:00,2025-11-09 11:51:00,31.1,reservee,terminee
session_6455,hub_marrakech,hub_marrakech_borne_6,2025-11-09 13:27:00,2025-11-09 14:42:00,16.9,reservee,terminee
session_6456,hub_marrakech,hub_marrakech_borne_6,2025-11-09 12:06:00,2025-11-09 13:33:00,18.1,walk_in,terminee
session_6457,hub_marrakech,hub_marrakech_borne_1,2025-11-09 13:50:00,2025-11-09 15:17:00,18.4,reservee,terminee
session_6458,hub_marrakech,hub_marrakech_borne_4,2025-11-09 12:26:00,2025-11-09 13:29:00,9.9,walk_in,terminee
session_6459,hub_marrakech,hub_marrakech_borne_2,2025-11-09 10:21:00,2025-11-09 11:10:00,34.7,reservee,terminee
session_6460,hub_marrakech,hub_marrakech_borne_6,2025-11-09 15:16:00,2025-11-09 16:12:00,9.8,reservee,terminee
session_6461,hub_marrakech,hub_marrakech_borne_5,2025-11-10 14:11:00,2025-11-10 14:35:00,38.3,reservee,terminee
session_6462,hub_marrakech,hub_marrakech_borne_1,2025-11-10 15:44:00,2025-11-10 16:22:00,35.8,walk_in,terminee
session_6463,hub_marrakech,hub_marrakech_borne_6,2025-11-10 14:34:00,2025-11-10 15:34:00,38.9,reservee,terminee
session_6464,hub_marrakech,hub_marrakech_borne_5,2025-11-11 17:46:00,2025-11-11 18:57:00,30.7,walk_in,terminee
session_6465,hub_marrakech,hub_marrakech_borne_1,2025-11-11 22:39:00,2025-11-11 23:43:00,12.2,reservee,terminee
session_6466,hub_marrakech,hub_marrakech_borne_4,2025-11-11 19:35:00,2025-11-11 20:27:00,29.1,reservee,terminee
session_6467,hub_marrakech,hub_marrakech_borne_6,2025-11-12 19:53:00,2025-11-12 20:34:00,30.3,reservee,terminee
session_6468,hub_marrakech,hub_marrakech_borne_3,2025-11-12 21:09:00,2025-11-12 21:31:00,12.2,walk_in,terminee
session_6469,hub_marrakech,hub_marrakech_borne_1,2025-11-12 16:40:00,2025-11-12 17:16:00,22.2,reservee,terminee
session_6470,hub_marrakech,hub_marrakech_borne_2,2025-11-12 18:15:00,2025-11-12 18:42:00,20.1,reservee,terminee
session_6471,hub_marrakech,hub_marrakech_borne_1,2025-11-12 21:21:00,2025-11-12 22:13:00,37.6,walk_in,terminee
session_6472,hub_marrakech,hub_marrakech_borne_6,2025-11-12 16:47:00,2025-11-12 17:13:00,24.8,reservee,terminee
session_6473,hub_marrakech,hub_marrakech_borne_6,2025-11-12 20:51:00,2025-11-12 22:00:00,8.1,walk_in,terminee
session_6474,hub_marrakech,hub_marrakech_borne_5,2025-11-13 15:18:00,2025-11-13 15:42:00,36.1,walk_in,terminee
session_6475,hub_marrakech,hub_marrakech_borne_1,2025-11-14 15:11:00,2025-11-14 15:32:00,21.0,reservee,terminee
session_6476,hub_marrakech,hub_marrakech_borne_1,2025-11-14 12:07:00,2025-11-14 13:11:00,24.9,walk_in,terminee
session_6477,hub_marrakech,hub_marrakech_borne_5,2025-11-14 17:13:00,2025-11-14 18:16:00,24.5,walk_in,terminee
session_6478,hub_marrakech,hub_marrakech_borne_2,2025-11-14 19:00:00,2025-11-14 20:10:00,16.4,reservee,terminee
session_6479,hub_marrakech,hub_marrakech_borne_2,2025-11-14 22:14:00,2025-11-14 22:37:00,13.3,walk_in,terminee
session_6480,hub_marrakech,hub_marrakech_borne_4,2025-11-14 13:28:00,2025-11-14 14:57:00,6.1,reservee,terminee
session_6481,hub_marrakech,hub_marrakech_borne_4,2025-11-14 14:31:00,2025-11-14 16:00:00,28.9,walk_in,terminee
session_6482,hub_marrakech,hub_marrakech_borne_4,2025-11-14 17:53:00,2025-11-14 18:49:00,5.3,reservee,terminee
session_6483,hub_marrakech,hub_marrakech_borne_4,2025-11-15 13:34:00,2025-11-15 14:16:00,8.1,walk_in,terminee
session_6484,hub_marrakech,hub_marrakech_borne_5,2025-11-15 13:58:00,2025-11-15 14:36:00,14.2,reservee,terminee
session_6485,hub_marrakech,hub_marrakech_borne_3,2025-11-15 11:49:00,2025-11-15 12:53:00,22.3,reservee,terminee
session_6486,hub_marrakech,hub_marrakech_borne_3,2025-11-16 17:57:00,2025-11-16 18:18:00,7.8,reservee,terminee
session_6487,hub_marrakech,hub_marrakech_borne_3,2025-11-16 11:20:00,2025-11-16 12:27:00,35.2,walk_in,terminee
session_6488,hub_marrakech,hub_marrakech_borne_1,2025-11-16 12:15:00,2025-11-16 13:30:00,33.1,reservee,terminee
session_6489,hub_marrakech,hub_marrakech_borne_2,2025-11-16 13:08:00,2025-11-16 14:01:00,17.8,walk_in,terminee
session_6490,hub_marrakech,hub_marrakech_borne_3,2025-11-16 15:30:00,2025-11-16 16:53:00,17.9,walk_in,terminee
session_6491,hub_marrakech,hub_marrakech_borne_6,2025-11-16 14:33:00,2025-11-16 15:28:00,35.6,reservee,terminee
session_6492,hub_marrakech,hub_marrakech_borne_3,2025-11-17 19:33:00,2025-11-17 20:51:00,24.4,reservee,terminee
session_6493,hub_marrakech,hub_marrakech_borne_5,2025-11-17 16:57:00,2025-11-17 17:37:00,9.5,walk_in,terminee
session_6494,hub_marrakech,hub_marrakech_borne_6,2025-11-18 12:19:00,2025-11-18 13:12:00,6.8,reservee,terminee
session_6495,hub_marrakech,hub_marrakech_borne_5,2025-11-18 14:18:00,2025-11-18 15:42:00,23.0,reservee,terminee
session_6496,hub_marrakech,hub_marrakech_borne_3,2025-11-18 18:36:00,2025-11-18 19:31:00,18.2,walk_in,terminee
session_6497,hub_marrakech,hub_marrakech_borne_6,2025-11-19 18:54:00,2025-11-19 20:11:00,39.0,walk_in,terminee
session_6498,hub_marrakech,hub_marrakech_borne_6,2025-11-19 19:36:00,2025-11-19 20:23:00,35.3,walk_in,terminee
session_6499,hub_marrakech,hub_marrakech_borne_6,2025-11-19 22:46:00,2025-11-20 00:07:00,8.3,reservee,terminee
session_6500,hub_marrakech,hub_marrakech_borne_5,2025-11-19 12:31:00,2025-11-19 13:18:00,12.7,walk_in,terminee
session_6501,hub_marrakech,hub_marrakech_borne_4,2025-11-20 19:07:00,2025-11-20 19:37:00,7.8,reservee,terminee
session_6502,hub_marrakech,hub_marrakech_borne_1,2025-11-20 13:35:00,2025-11-20 14:30:00,39.5,reservee,terminee
session_6503,hub_marrakech,hub_marrakech_borne_4,2025-11-20 16:11:00,2025-11-20 16:49:00,16.5,walk_in,terminee
session_6504,hub_marrakech,hub_marrakech_borne_6,2025-11-21 21:13:00,2025-11-21 22:14:00,20.0,reservee,terminee
session_6505,hub_marrakech,hub_marrakech_borne_2,2025-11-21 16:29:00,2025-11-21 17:11:00,10.0,reservee,terminee
session_6506,hub_marrakech,hub_marrakech_borne_1,2025-11-21 16:19:00,2025-11-21 17:17:00,21.9,reservee,terminee
session_6507,hub_marrakech,hub_marrakech_borne_5,2025-11-21 16:32:00,2025-11-21 17:50:00,7.1,reservee,terminee
session_6508,hub_marrakech,hub_marrakech_borne_5,2025-11-22 14:15:00,2025-11-22 14:46:00,39.3,reservee,terminee
session_6509,hub_marrakech,hub_marrakech_borne_2,2025-11-22 18:53:00,2025-11-22 19:27:00,9.5,reservee,terminee
session_6510,hub_marrakech,hub_marrakech_borne_5,2025-11-22 13:28:00,2025-11-22 13:49:00,5.1,reservee,terminee
session_6511,hub_marrakech,hub_marrakech_borne_5,2025-11-22 13:46:00,2025-11-22 15:12:00,37.4,reservee,terminee
session_6512,hub_marrakech,hub_marrakech_borne_2,2025-11-22 17:06:00,2025-11-22 18:32:00,28.5,reservee,terminee
session_6513,hub_marrakech,hub_marrakech_borne_3,2025-11-23 12:29:00,2025-11-23 13:57:00,36.0,reservee,terminee
session_6514,hub_marrakech,hub_marrakech_borne_1,2025-11-23 17:18:00,2025-11-23 17:55:00,24.1,reservee,terminee
session_6515,hub_marrakech,hub_marrakech_borne_6,2025-11-23 16:17:00,2025-11-23 16:47:00,11.4,walk_in,terminee
session_6516,hub_marrakech,hub_marrakech_borne_3,2025-11-23 12:57:00,2025-11-23 14:21:00,7.3,walk_in,terminee
session_6517,hub_marrakech,hub_marrakech_borne_6,2025-11-23 16:08:00,2025-11-23 17:33:00,24.5,reservee,terminee
session_6518,hub_marrakech,hub_marrakech_borne_6,2025-11-23 12:03:00,2025-11-23 12:50:00,29.8,walk_in,terminee
session_6519,hub_marrakech,hub_marrakech_borne_5,2025-11-23 18:30:00,2025-11-23 19:27:00,18.1,reservee,terminee
session_6520,hub_marrakech,hub_marrakech_borne_1,2025-11-23 10:47:00,2025-11-23 11:34:00,16.5,walk_in,terminee
session_6521,hub_marrakech,hub_marrakech_borne_6,2025-11-24 21:26:00,2025-11-24 21:46:00,38.0,reservee,terminee
session_6522,hub_marrakech,hub_marrakech_borne_1,2025-11-25 19:22:00,2025-11-25 20:20:00,28.1,walk_in,terminee
session_6523,hub_marrakech,hub_marrakech_borne_4,2025-11-25 17:39:00,2025-11-25 19:06:00,14.8,reservee,terminee
session_6524,hub_marrakech,hub_marrakech_borne_5,2025-11-25 21:52:00,2025-11-25 22:51:00,37.3,reservee,terminee
session_6525,hub_marrakech,hub_marrakech_borne_2,2025-11-25 14:12:00,2025-11-25 14:35:00,8.9,reservee,terminee
session_6526,hub_marrakech,hub_marrakech_borne_2,2025-11-25 17:37:00,2025-11-25 18:31:00,18.3,reservee,terminee
session_6527,hub_marrakech,hub_marrakech_borne_2,2025-11-25 22:42:00,2025-11-25 23:36:00,33.8,walk_in,terminee
session_6528,hub_marrakech,hub_marrakech_borne_3,2025-11-26 18:55:00,2025-11-26 19:17:00,22.4,reservee,terminee
session_6529,hub_marrakech,hub_marrakech_borne_5,2025-11-27 18:08:00,2025-11-27 19:27:00,6.8,walk_in,terminee
session_6530,hub_marrakech,hub_marrakech_borne_3,2025-11-27 15:43:00,2025-11-27 16:32:00,10.1,walk_in,terminee
session_6531,hub_marrakech,hub_marrakech_borne_3,2025-11-27 21:01:00,2025-11-27 21:36:00,35.6,reservee,terminee
session_6532,hub_marrakech,hub_marrakech_borne_1,2025-11-27 18:45:00,2025-11-27 19:22:00,38.8,walk_in,terminee
session_6533,hub_marrakech,hub_marrakech_borne_1,2025-11-27 12:27:00,2025-11-27 13:47:00,28.4,reservee,terminee
session_6534,hub_marrakech,hub_marrakech_borne_3,2025-11-27 21:36:00,2025-11-27 22:06:00,33.3,reservee,terminee
session_6535,hub_marrakech,hub_marrakech_borne_4,2025-11-27 11:04:00,2025-11-27 12:21:00,21.4,reservee,terminee
session_6536,hub_marrakech,hub_marrakech_borne_4,2025-11-27 20:51:00,2025-11-27 21:35:00,11.5,walk_in,terminee
session_6537,hub_marrakech,hub_marrakech_borne_1,2025-11-27 16:34:00,2025-11-27 17:05:00,35.2,walk_in,terminee
session_6538,hub_marrakech,hub_marrakech_borne_3,2025-11-28 16:29:00,2025-11-28 17:19:00,24.9,reservee,terminee
session_6539,hub_marrakech,hub_marrakech_borne_5,2025-11-29 18:58:00,2025-11-29 20:16:00,15.6,reservee,terminee
session_6540,hub_marrakech,hub_marrakech_borne_3,2025-11-29 09:17:00,2025-11-29 10:41:00,27.9,walk_in,terminee
session_6541,hub_marrakech,hub_marrakech_borne_5,2025-11-29 15:09:00,2025-11-29 15:39:00,31.8,reservee,terminee
session_6542,hub_marrakech,hub_marrakech_borne_3,2025-11-29 11:21:00,2025-11-29 11:50:00,12.2,walk_in,terminee
session_6543,hub_marrakech,hub_marrakech_borne_3,2025-11-29 07:50:00,2025-11-29 09:11:00,25.6,reservee,terminee
session_6544,hub_marrakech,hub_marrakech_borne_3,2025-11-30 15:04:00,2025-11-30 15:46:00,37.8,reservee,terminee
session_6545,hub_marrakech,hub_marrakech_borne_2,2025-11-30 15:31:00,2025-11-30 16:21:00,9.3,reservee,terminee
session_6546,hub_marrakech,hub_marrakech_borne_4,2025-11-30 10:25:00,2025-11-30 11:05:00,5.5,reservee,terminee
session_6547,hub_marrakech,hub_marrakech_borne_1,2025-11-30 10:35:00,2025-11-30 11:06:00,32.8,reservee,terminee
session_6548,hub_marrakech,hub_marrakech_borne_5,2025-12-01 19:08:00,2025-12-01 20:20:00,19.6,walk_in,terminee
session_6549,hub_marrakech,hub_marrakech_borne_3,2025-12-01 17:10:00,2025-12-01 18:22:00,12.0,reservee,terminee
session_6550,hub_marrakech,hub_marrakech_borne_2,2025-12-01 13:20:00,2025-12-01 14:17:00,25.2,reservee,terminee
session_6551,hub_marrakech,hub_marrakech_borne_6,2025-12-01 22:15:00,2025-12-01 22:46:00,36.8,walk_in,terminee
session_6552,hub_marrakech,hub_marrakech_borne_5,2025-12-02 11:28:00,2025-12-02 12:42:00,38.6,reservee,terminee
session_6553,hub_marrakech,hub_marrakech_borne_3,2025-12-03 18:05:00,2025-12-03 18:59:00,25.3,reservee,terminee
session_6554,hub_marrakech,hub_marrakech_borne_1,2025-12-03 18:24:00,2025-12-03 19:15:00,38.0,walk_in,terminee
session_6555,hub_marrakech,hub_marrakech_borne_2,2025-12-03 12:12:00,2025-12-03 13:35:00,11.8,walk_in,terminee
session_6556,hub_marrakech,hub_marrakech_borne_6,2025-12-03 14:16:00,2025-12-03 14:45:00,27.0,reservee,terminee
session_6557,hub_marrakech,hub_marrakech_borne_1,2025-12-04 12:04:00,2025-12-04 13:12:00,33.0,walk_in,terminee
session_6558,hub_marrakech,hub_marrakech_borne_5,2025-12-04 17:51:00,2025-12-04 18:45:00,32.5,reservee,terminee
session_6559,hub_marrakech,hub_marrakech_borne_4,2025-12-04 14:04:00,2025-12-04 14:25:00,22.6,reservee,terminee
session_6560,hub_marrakech,hub_marrakech_borne_2,2025-12-04 18:32:00,2025-12-04 19:43:00,32.4,reservee,terminee
session_6561,hub_marrakech,hub_marrakech_borne_4,2025-12-05 20:44:00,2025-12-05 21:10:00,21.3,reservee,terminee
session_6562,hub_marrakech,hub_marrakech_borne_5,2025-12-05 15:14:00,2025-12-05 15:53:00,28.9,walk_in,terminee
session_6563,hub_marrakech,hub_marrakech_borne_6,2025-12-06 14:43:00,2025-12-06 15:36:00,30.0,reservee,terminee
session_6564,hub_marrakech,hub_marrakech_borne_2,2025-12-06 17:03:00,2025-12-06 18:26:00,32.6,walk_in,terminee
session_6565,hub_marrakech,hub_marrakech_borne_1,2025-12-06 12:47:00,2025-12-06 13:08:00,25.7,reservee,terminee
session_6566,hub_marrakech,hub_marrakech_borne_4,2025-12-06 15:12:00,2025-12-06 15:42:00,25.6,walk_in,terminee
session_6567,hub_marrakech,hub_marrakech_borne_3,2025-12-07 18:51:00,2025-12-07 19:49:00,10.5,reservee,terminee
session_6568,hub_marrakech,hub_marrakech_borne_5,2025-12-07 16:02:00,2025-12-07 16:46:00,25.4,reservee,terminee
session_6569,hub_marrakech,hub_marrakech_borne_5,2025-12-07 13:35:00,2025-12-07 14:23:00,21.7,walk_in,terminee
session_6570,hub_marrakech,hub_marrakech_borne_1,2025-12-07 13:10:00,2025-12-07 13:42:00,26.4,walk_in,terminee
session_6571,hub_marrakech,hub_marrakech_borne_1,2025-12-07 19:54:00,2025-12-07 21:09:00,12.0,walk_in,terminee
session_6572,hub_marrakech,hub_marrakech_borne_4,2025-12-07 14:25:00,2025-12-07 15:51:00,21.2,walk_in,terminee
session_6573,hub_marrakech,hub_marrakech_borne_6,2025-12-07 18:46:00,2025-12-07 19:33:00,5.0,reservee,terminee
session_6574,hub_marrakech,hub_marrakech_borne_4,2025-12-07 16:39:00,2025-12-07 17:58:00,35.4,reservee,terminee
session_6575,hub_marrakech,hub_marrakech_borne_1,2025-12-07 11:50:00,2025-12-07 13:19:00,6.8,reservee,terminee
session_6576,hub_marrakech,hub_marrakech_borne_1,2025-12-08 17:35:00,2025-12-08 18:36:00,14.9,reservee,terminee
session_6577,hub_marrakech,hub_marrakech_borne_2,2025-12-08 13:54:00,2025-12-08 15:14:00,23.5,walk_in,terminee
session_6578,hub_marrakech,hub_marrakech_borne_4,2025-12-08 11:28:00,2025-12-08 12:50:00,28.2,walk_in,terminee
session_6579,hub_marrakech,hub_marrakech_borne_4,2025-12-08 17:53:00,2025-12-08 19:06:00,33.8,walk_in,terminee
session_6580,hub_marrakech,hub_marrakech_borne_2,2025-12-09 20:10:00,2025-12-09 21:02:00,7.7,walk_in,terminee
session_6581,hub_marrakech,hub_marrakech_borne_4,2025-12-09 15:58:00,2025-12-09 16:30:00,18.5,walk_in,terminee
session_6582,hub_marrakech,hub_marrakech_borne_5,2025-12-09 20:52:00,2025-12-09 21:25:00,14.2,walk_in,terminee
session_6583,hub_marrakech,hub_marrakech_borne_5,2025-12-09 19:38:00,2025-12-09 19:58:00,13.7,reservee,terminee
session_6584,hub_marrakech,hub_marrakech_borne_3,2025-12-10 17:54:00,2025-12-10 18:18:00,13.0,reservee,terminee
session_6585,hub_marrakech,hub_marrakech_borne_2,2025-12-10 21:56:00,2025-12-10 22:49:00,24.7,walk_in,terminee
session_6586,hub_marrakech,hub_marrakech_borne_6,2025-12-10 19:36:00,2025-12-10 21:00:00,37.9,reservee,terminee
session_6587,hub_marrakech,hub_marrakech_borne_2,2025-12-10 19:54:00,2025-12-10 21:18:00,8.4,reservee,terminee
session_6588,hub_marrakech,hub_marrakech_borne_2,2025-12-10 17:17:00,2025-12-10 17:53:00,33.0,reservee,terminee
session_6589,hub_marrakech,hub_marrakech_borne_6,2025-12-11 22:34:00,2025-12-11 23:29:00,38.4,walk_in,terminee
session_6590,hub_marrakech,hub_marrakech_borne_1,2025-12-11 16:32:00,2025-12-11 17:58:00,14.8,reservee,terminee
session_6591,hub_marrakech,hub_marrakech_borne_5,2025-12-11 14:57:00,2025-12-11 15:27:00,24.8,reservee,terminee
session_6592,hub_marrakech,hub_marrakech_borne_4,2025-12-11 17:33:00,2025-12-11 17:58:00,8.2,reservee,terminee
session_6593,hub_marrakech,hub_marrakech_borne_4,2025-12-11 22:42:00,2025-12-11 23:10:00,16.1,reservee,terminee
session_6594,hub_marrakech,hub_marrakech_borne_1,2025-12-12 19:26:00,2025-12-12 19:52:00,18.7,walk_in,terminee
session_6595,hub_marrakech,hub_marrakech_borne_1,2025-12-12 20:41:00,2025-12-12 21:19:00,6.2,reservee,terminee
session_6596,hub_marrakech,hub_marrakech_borne_1,2025-12-12 20:56:00,2025-12-12 21:59:00,9.3,reservee,terminee
session_6597,hub_marrakech,hub_marrakech_borne_6,2025-12-12 22:10:00,2025-12-12 22:48:00,34.5,reservee,terminee
session_6598,hub_marrakech,hub_marrakech_borne_2,2025-12-12 16:21:00,2025-12-12 17:21:00,8.4,walk_in,terminee
session_6599,hub_marrakech,hub_marrakech_borne_4,2025-12-12 22:00:00,2025-12-12 22:59:00,17.7,walk_in,terminee
session_6600,hub_marrakech,hub_marrakech_borne_1,2025-12-13 11:52:00,2025-12-13 12:58:00,25.7,walk_in,terminee
session_6601,hub_marrakech,hub_marrakech_borne_1,2025-12-13 15:26:00,2025-12-13 16:34:00,19.1,reservee,terminee
session_6602,hub_marrakech,hub_marrakech_borne_1,2025-12-13 17:37:00,2025-12-13 18:56:00,8.0,walk_in,terminee
session_6603,hub_marrakech,hub_marrakech_borne_6,2025-12-13 11:43:00,2025-12-13 12:44:00,19.2,walk_in,terminee
session_6604,hub_marrakech,hub_marrakech_borne_3,2025-12-13 15:30:00,2025-12-13 16:27:00,31.1,reservee,terminee
session_6605,hub_marrakech,hub_marrakech_borne_2,2025-12-13 10:20:00,2025-12-13 11:22:00,24.1,walk_in,terminee
session_6606,hub_marrakech,hub_marrakech_borne_2,2025-12-13 11:57:00,2025-12-13 12:38:00,20.3,walk_in,terminee
session_6607,hub_marrakech,hub_marrakech_borne_1,2025-12-14 14:11:00,2025-12-14 15:33:00,19.6,reservee,terminee
session_6608,hub_marrakech,hub_marrakech_borne_2,2025-12-14 17:22:00,2025-12-14 17:59:00,13.7,reservee,terminee
session_6609,hub_marrakech,hub_marrakech_borne_5,2025-12-14 14:55:00,2025-12-14 15:18:00,10.5,reservee,terminee
session_6610,hub_marrakech,hub_marrakech_borne_2,2025-12-15 17:57:00,2025-12-15 19:15:00,26.6,reservee,terminee
session_6611,hub_marrakech,hub_marrakech_borne_6,2025-12-15 16:40:00,2025-12-15 18:05:00,29.8,reservee,terminee
session_6612,hub_marrakech,hub_marrakech_borne_4,2025-12-15 16:24:00,2025-12-15 17:28:00,36.5,walk_in,terminee
session_6613,hub_marrakech,hub_marrakech_borne_5,2025-12-15 16:08:00,2025-12-15 16:53:00,29.0,walk_in,terminee
session_6614,hub_marrakech,hub_marrakech_borne_4,2025-12-15 19:46:00,2025-12-15 20:12:00,25.8,walk_in,terminee
session_6615,hub_marrakech,hub_marrakech_borne_5,2025-12-15 18:11:00,2025-12-15 19:18:00,11.1,reservee,terminee
session_6616,hub_marrakech,hub_marrakech_borne_6,2025-12-16 13:07:00,2025-12-16 14:16:00,39.9,reservee,terminee
session_6617,hub_marrakech,hub_marrakech_borne_6,2025-12-16 20:43:00,2025-12-16 22:10:00,28.5,walk_in,terminee
session_6618,hub_marrakech,hub_marrakech_borne_6,2025-12-17 19:50:00,2025-12-17 20:54:00,38.0,reservee,terminee
session_6619,hub_marrakech,hub_marrakech_borne_1,2025-12-17 16:12:00,2025-12-17 17:40:00,20.0,walk_in,terminee
session_6620,hub_marrakech,hub_marrakech_borne_3,2025-12-17 19:45:00,2025-12-17 20:48:00,23.4,reservee,terminee
session_6621,hub_marrakech,hub_marrakech_borne_6,2025-12-17 20:49:00,2025-12-17 21:19:00,6.8,reservee,terminee
session_6622,hub_marrakech,hub_marrakech_borne_3,2025-12-17 15:39:00,2025-12-17 17:08:00,26.3,reservee,terminee
session_6623,hub_marrakech,hub_marrakech_borne_1,2025-12-18 22:24:00,2025-12-18 23:50:00,11.6,reservee,terminee
session_6624,hub_marrakech,hub_marrakech_borne_4,2025-12-18 18:18:00,2025-12-18 19:15:00,25.9,reservee,terminee
session_6625,hub_marrakech,hub_marrakech_borne_2,2025-12-19 17:25:00,2025-12-19 17:56:00,29.5,reservee,terminee
session_6626,hub_marrakech,hub_marrakech_borne_2,2025-12-19 16:52:00,2025-12-19 18:02:00,25.2,walk_in,terminee
session_6627,hub_marrakech,hub_marrakech_borne_3,2025-12-19 22:15:00,2025-12-19 23:16:00,30.9,reservee,terminee
session_6628,hub_marrakech,hub_marrakech_borne_6,2025-12-20 19:43:00,2025-12-20 20:41:00,15.8,walk_in,terminee
session_6629,hub_marrakech,hub_marrakech_borne_2,2025-12-20 15:29:00,2025-12-20 16:40:00,11.9,reservee,terminee
session_6630,hub_marrakech,hub_marrakech_borne_2,2025-12-20 16:12:00,2025-12-20 17:38:00,19.3,reservee,terminee
session_6631,hub_marrakech,hub_marrakech_borne_2,2025-12-20 14:14:00,2025-12-20 14:50:00,18.2,walk_in,terminee
session_6632,hub_marrakech,hub_marrakech_borne_5,2025-12-21 11:29:00,2025-12-21 12:21:00,15.8,reservee,terminee
session_6633,hub_marrakech,hub_marrakech_borne_4,2025-12-21 08:40:00,2025-12-21 09:39:00,8.5,reservee,terminee
session_6634,hub_marrakech,hub_marrakech_borne_2,2025-12-21 11:13:00,2025-12-21 11:42:00,8.4,reservee,terminee
session_6635,hub_marrakech,hub_marrakech_borne_3,2025-12-21 14:40:00,2025-12-21 15:19:00,20.4,walk_in,terminee
session_6636,hub_marrakech,hub_marrakech_borne_3,2025-12-21 07:40:00,2025-12-21 08:40:00,22.4,reservee,terminee
session_6637,hub_marrakech,hub_marrakech_borne_2,2025-12-22 10:23:00,2025-12-22 11:49:00,29.6,reservee,terminee
session_6638,hub_marrakech,hub_marrakech_borne_6,2025-12-22 22:31:00,2025-12-22 23:45:00,32.2,walk_in,terminee
session_6639,hub_marrakech,hub_marrakech_borne_3,2025-12-22 16:07:00,2025-12-22 17:36:00,7.5,reservee,terminee
session_6640,hub_marrakech,hub_marrakech_borne_3,2025-12-23 16:30:00,2025-12-23 17:57:00,35.7,reservee,terminee
session_6641,hub_marrakech,hub_marrakech_borne_6,2025-12-23 18:15:00,2025-12-23 19:44:00,26.2,walk_in,terminee
session_6642,hub_marrakech,hub_marrakech_borne_6,2025-12-24 19:42:00,2025-12-24 20:56:00,12.2,reservee,terminee
session_6643,hub_marrakech,hub_marrakech_borne_4,2025-12-24 14:32:00,2025-12-24 15:34:00,34.7,reservee,terminee
session_6644,hub_marrakech,hub_marrakech_borne_1,2025-12-24 18:55:00,2025-12-24 19:50:00,13.6,reservee,terminee
session_6645,hub_marrakech,hub_marrakech_borne_1,2025-12-24 13:42:00,2025-12-24 14:35:00,30.7,reservee,terminee
session_6646,hub_marrakech,hub_marrakech_borne_3,2025-12-24 15:16:00,2025-12-24 15:45:00,29.9,reservee,terminee
session_6647,hub_marrakech,hub_marrakech_borne_6,2025-12-24 20:33:00,2025-12-24 21:04:00,33.5,walk_in,terminee
session_6648,hub_marrakech,hub_marrakech_borne_2,2025-12-25 18:55:00,2025-12-25 20:20:00,33.3,reservee,terminee
session_6649,hub_marrakech,hub_marrakech_borne_1,2025-12-25 13:26:00,2025-12-25 13:51:00,7.6,walk_in,terminee
session_6650,hub_marrakech,hub_marrakech_borne_1,2025-12-25 17:08:00,2025-12-25 18:08:00,31.6,reservee,terminee
session_6651,hub_marrakech,hub_marrakech_borne_2,2025-12-25 16:10:00,2025-12-25 16:54:00,13.5,reservee,terminee
session_6652,hub_marrakech,hub_marrakech_borne_6,2025-12-25 21:12:00,2025-12-25 22:39:00,28.8,reservee,terminee
session_6653,hub_marrakech,hub_marrakech_borne_5,2025-12-26 15:40:00,2025-12-26 16:57:00,31.8,walk_in,terminee
session_6654,hub_marrakech,hub_marrakech_borne_3,2025-12-26 12:13:00,2025-12-26 12:40:00,21.9,reservee,terminee
session_6655,hub_marrakech,hub_marrakech_borne_2,2025-12-26 08:35:00,2025-12-26 09:20:00,21.0,reservee,terminee
session_6656,hub_marrakech,hub_marrakech_borne_2,2025-12-26 14:30:00,2025-12-26 15:20:00,19.3,reservee,terminee
session_6657,hub_marrakech,hub_marrakech_borne_5,2025-12-27 17:47:00,2025-12-27 18:13:00,37.7,walk_in,terminee
session_6658,hub_marrakech,hub_marrakech_borne_5,2025-12-27 14:35:00,2025-12-27 15:40:00,10.4,reservee,terminee
session_6659,hub_marrakech,hub_marrakech_borne_3,2025-12-27 10:21:00,2025-12-27 11:33:00,36.0,reservee,terminee
session_6660,hub_marrakech,hub_marrakech_borne_4,2025-12-27 09:27:00,2025-12-27 10:35:00,10.3,reservee,terminee
session_6661,hub_marrakech,hub_marrakech_borne_6,2025-12-27 09:57:00,2025-12-27 11:23:00,27.2,reservee,terminee
session_6662,hub_marrakech,hub_marrakech_borne_4,2025-12-27 17:17:00,2025-12-27 17:37:00,5.7,walk_in,terminee
session_6663,hub_marrakech,hub_marrakech_borne_1,2025-12-27 16:40:00,2025-12-27 17:59:00,26.2,walk_in,terminee
session_6664,hub_marrakech,hub_marrakech_borne_5,2025-12-27 13:11:00,2025-12-27 14:09:00,8.4,walk_in,terminee
session_6665,hub_marrakech,hub_marrakech_borne_6,2025-12-27 10:49:00,2025-12-27 11:31:00,12.1,walk_in,terminee
session_6666,hub_marrakech,hub_marrakech_borne_6,2025-12-28 08:52:00,2025-12-28 09:19:00,7.5,walk_in,terminee
session_6667,hub_marrakech,hub_marrakech_borne_2,2025-12-28 13:09:00,2025-12-28 13:41:00,34.1,reservee,terminee
session_6668,hub_marrakech,hub_marrakech_borne_1,2025-12-28 16:47:00,2025-12-28 17:35:00,26.9,reservee,terminee
session_6669,hub_marrakech,hub_marrakech_borne_3,2025-12-28 12:58:00,2025-12-28 13:56:00,27.3,reservee,terminee
session_6670,hub_marrakech,hub_marrakech_borne_4,2025-12-28 12:25:00,2025-12-28 13:28:00,33.4,walk_in,terminee
session_6671,hub_marrakech,hub_marrakech_borne_4,2025-12-28 13:31:00,2025-12-28 14:17:00,26.2,walk_in,terminee
session_6672,hub_marrakech,hub_marrakech_borne_5,2025-12-28 10:43:00,2025-12-28 11:10:00,9.5,reservee,terminee
session_6673,hub_marrakech,hub_marrakech_borne_5,2025-12-28 12:30:00,2025-12-28 13:17:00,27.0,reservee,terminee
session_6674,hub_marrakech,hub_marrakech_borne_4,2025-12-28 12:21:00,2025-12-28 13:16:00,9.6,reservee,terminee
session_6675,hub_marrakech,hub_marrakech_borne_6,2025-12-28 13:16:00,2025-12-28 14:29:00,13.1,walk_in,terminee
session_6676,hub_marrakech,hub_marrakech_borne_2,2025-12-29 13:01:00,2025-12-29 13:31:00,19.3,reservee,terminee
session_6677,hub_marrakech,hub_marrakech_borne_2,2025-12-29 11:37:00,2025-12-29 12:03:00,28.7,walk_in,terminee
session_6678,hub_marrakech,hub_marrakech_borne_2,2025-12-29 14:14:00,2025-12-29 15:05:00,33.2,walk_in,terminee
session_6679,hub_marrakech,hub_marrakech_borne_2,2025-12-29 17:21:00,2025-12-29 18:20:00,23.2,walk_in,terminee
session_6680,hub_marrakech,hub_marrakech_borne_5,2025-12-29 19:24:00,2025-12-29 20:25:00,29.7,reservee,terminee
session_6681,hub_marrakech,hub_marrakech_borne_1,2025-12-30 16:44:00,2025-12-30 17:25:00,10.7,reservee,terminee
session_6682,hub_marrakech,hub_marrakech_borne_3,2025-12-30 18:11:00,2025-12-30 19:26:00,13.7,walk_in,terminee
session_6683,hub_marrakech,hub_marrakech_borne_2,2025-12-30 15:09:00,2025-12-30 16:33:00,29.7,walk_in,terminee
session_6684,hub_marrakech,hub_marrakech_borne_3,2025-12-31 19:58:00,2025-12-31 20:56:00,22.4,reservee,terminee
session_6685,hub_marrakech,hub_marrakech_borne_1,2025-12-31 18:29:00,2025-12-31 19:38:00,20.8,walk_in,terminee
session_6686,hub_marrakech,hub_marrakech_borne_1,2025-12-31 18:00:00,2025-12-31 19:04:00,33.9,walk_in,terminee
session_6687,hub_marrakech,hub_marrakech_borne_6,2025-12-31 16:49:00,2025-12-31 17:14:00,7.3,walk_in,terminee
session_6688,hub_marrakech,hub_marrakech_borne_2,2025-12-31 15:55:00,2025-12-31 16:29:00,32.3,reservee,terminee
